applicant_license,owner_business_name,applicant_business_name,owner_name,borough,address,zip_code,job_type,filing_date,contact_name_current,phone_current,job_filing_number_example,notes
027617,--NONE--,--NONE--,--NONE--,BROOKLYN,162 CLINTON STREET,11201,Alteration,2026-03-31T04:00:00.000Z,JERZY KOZIEJ,,B01377876-I1,
071131,062714902,062714902,062714902,BROOKLYN,86 VAN SICLEN AVENUE,11358,Alteration,2026-03-20T04:00:00.000Z,,,B01369808-S1,
075323,1 FIRST PLACE OWNERS CORP,1 FIRST PLACE OWNERS CORP,1 FIRST PLACE OWNERS CORP,BROOKLYN,579 HENRY STREET,10010,Alteration,2026-04-03T04:00:00.000Z,,,B00882743-P1,
090417,10 ELDRIDGE LLC,10 ELDRIDGE LLC,10 ELDRIDGE LLC,MANHATTAN,10 ELDRIDGE STREET,11361,Alteration,2026-03-24T04:00:00.000Z,,,M01059838-P1,
099856,10 ELDRIDGE LLC,10 ELDRIDGE LLC,10 ELDRIDGE LLC,MANHATTAN,10 ELDRIDGE STREET,10305,Alteration,2026-03-26T04:00:00.000Z,,,M01059838-S6,
071109,101 Greenwich Property Owner LLC,101 Greenwich Property Owner LLC,101 Greenwich Property Owner LLC,MANHATTAN,101 GREENWICH STREET,10018,Alteration,2026-03-31T04:00:00.000Z,,,M01355854-S3,
082894,101 Greenwich Property Owner LLC,101 Greenwich Property Owner LLC,101 Greenwich Property Owner LLC,MANHATTAN,101 GREENWICH STREET,10016,Alteration,2026-03-31T04:00:00.000Z,,,M01340465-P1,
071504,101 PARK AVENUE ASSOCIATES,101 PARK AVENUE ASSOCIATES,101 PARK AVENUE ASSOCIATES,MANHATTAN,101 PARK AVENUE,10019,Alteration,2026-03-27T04:00:00.000Z,,,M01366363-S2,
071532,101 PARK AVENUE ASSOCIATES,101 PARK AVENUE ASSOCIATES,101 PARK AVENUE ASSOCIATES,MANHATTAN,101 PARK AVENUE,10001,Alteration,2026-03-20T04:00:00.000Z,,,M01371660-I1,
111416,101 PARK AVENUE ASSOCIATES,101 PARK AVENUE ASSOCIATES,101 PARK AVENUE ASSOCIATES,MANHATTAN,101 PARK AVENUE,93012,Alteration,2026-04-02T04:00:00.000Z,,,M01233082-P3,
096997,101 WEST END REIT LLC,101 WEST END REIT LLC,101 WEST END REIT LLC,MANHATTAN,220 EAST   72 STREET,10017,Alteration,2026-04-08T04:00:00.000Z,,,M00429654-P1,
102362,1018 St. Paul's LLC,1018 St. Paul's LLC,1018 St. Paul's LLC,STATEN ISLAND,12 ST PAULS AVENUE,11747,Alteration,2026-03-26T04:00:00.000Z,,,S01299571-S3,
086301,104-22 PROPERTY INC,104-22 PROPERTY INC,104-22 PROPERTY INC,QUEENS,104-22 CORONA AVENUE,11354,ALT-CO - New Building with Existing Elements to Remain,2026-04-14T04:00:00.000Z,,,Q00577002-P3,
035279,105 23rd Street Jackson Heights Inc,105 23rd Street Jackson Heights Inc,105 23rd Street Jackson Heights Inc,QUEENS,35-54 80 STREET,11206,Alteration,2026-04-07T04:00:00.000Z,,,Q01382617-I1,
018358,105 REALTY CORP,105 REALTY CORP,105 REALTY CORP,MANHATTAN,207 EAST   16 STREET,10314,Alteration,2026-04-02T04:00:00.000Z,THOMAS MOSCHETTO,,M01343764-I1,
070154,105-29 OWNERS LLC,105-29 OWNERS LLC,105-29 OWNERS LLC,QUEENS,105-29 LIBERTY AVENUE,11415,Alteration CO,2026-04-13T04:00:00.000Z,,,Q01383481-I1,
086805,"107 2P & C, LLC","107 2P & C, LLC","107 2P & C, LLC",BROOKLYN,107 2 PLACE,10004,Alteration,2026-04-13T04:00:00.000Z,,,B00685246-P1,
099856,10709 HOLDING  LLC,10709 HOLDING  LLC,10709 HOLDING  LLC,MANHATTAN,525 WEST  173 STREET,10305,New Building,2026-04-13T04:00:00.000Z,,,M01284142-S2,
039963,111-117 W 96 ST OWNERS INC,111-117 W 96 ST OWNERS INC,111-117 W 96 ST OWNERS INC,MANHATTAN,111 WEST   96 STREET,10580,Alteration,2026-04-14T04:00:00.000Z,,,M01302790-I1,
085541,111-117 W 96 ST OWNERS INC,111-117 W 96 ST OWNERS INC,111-117 W 96 ST OWNERS INC,MANHATTAN,111 WEST   96 STREET,10962,Alteration,2026-04-01T04:00:00.000Z,,,M01376172-I1,
034326,113 SOUTH OXFORD ST LLC,113 SOUTH OXFORD ST LLC,113 SOUTH OXFORD ST LLC,BROOKLYN,113 SOUTH OXFORD STREET,11238,Alteration,2026-03-27T04:00:00.000Z,,,B01308190-S2,
040086,114 W 131 LLC,114 W 131 LLC,114 W 131 LLC,MANHATTAN,114 WEST  131 STREET,11209,Alteration,2026-04-01T04:00:00.000Z,,,M01381395-I1,
083478,114-43 203rd Street LLC,114-43 203rd Street LLC,114-43 203rd Street LLC,QUEENS,114-43 203 STREET,11004,Alteration CO,2026-04-14T04:00:00.000Z,,,Q01308019-S1,
076707,1149 UTICA AVE,1149 UTICA AVE,1149 UTICA AVE,BROOKLYN,2501 AVENUE U,19006,Alteration,2026-04-10T04:00:00.000Z,,,B01345020-I1,
104143,116 Madison Street LLC,116 Madison Street LLC,116 Madison Street LLC,MANHATTAN,65 BAYARD STREET,07039,Alteration,2026-03-30T04:00:00.000Z,,,M01376874-I1,
062815,117 Food Corp,117 Food Corp,117 Food Corp,MANHATTAN,2170 FREDERICK DOUGLASS BOULEVARD,11364,Alteration,2026-04-07T04:00:00.000Z,,,M01319462-P3,
083478,11825 OWNERS CORP,11825 OWNERS CORP,11825 OWNERS CORP,MANHATTAN,118 EAST   25 STREET,11004,Alteration,2026-03-24T04:00:00.000Z,,,M01316098-P1,
082603,119 MANHATTAN EQUITIES LLC,119 MANHATTAN EQUITIES LLC,119 MANHATTAN EQUITIES LLC,MANHATTAN,434 MANHATTAN AVENUE,07046,Alteration,2026-04-10T04:00:00.000Z,,,M01378983-I1,
032975,120 KING LLC,120 KING LLC,120 KING LLC,QUEENS,117-01 LIBERTY AVENUE,11358,Alteration,2026-03-30T04:00:00.000Z,,,Q01376888-I1,
103144,1202 Coney Island Avenue Corp,1202 Coney Island Avenue Corp,1202 Coney Island Avenue Corp,MANHATTAN,62 PRINCE STREET,06405,Alteration,2026-04-06T04:00:00.000Z,,,M01245111-P2,
034340,1211 6th Avenue Property Owner LLC,1211 6th Avenue Property Owner LLC,1211 6th Avenue Property Owner LLC,MANHATTAN,1251 AVENUE OF THE AMERICAS,10036,Alteration,2026-03-30T04:00:00.000Z,,,M01374926-I1,
064829,1211 6th Avenue Property Owner LLC,1211 6th Avenue Property Owner LLC,1211 6th Avenue Property Owner LLC,MANHATTAN,1251 AVENUE OF THE AMERICAS,10018,Alteration,2026-04-03T04:00:00.000Z,,,M01374946-I1,
076082,1211 6th Avenue Property Owner LLC,1211 6th Avenue Property Owner LLC,1211 6th Avenue Property Owner LLC,MANHATTAN,1211 AVENUE OF THE AMERICAS,10019,Alteration,2026-04-03T04:00:00.000Z,,,M01379623-I1,
035643,122 BEDFORD AVE,122 BEDFORD AVE,122 BEDFORD AVE,QUEENS,60-31 56 ROAD,11222,Alteration,2026-04-13T04:00:00.000Z,,,Q01213711-P2,
017269,122 MOTT ST REALTY,122 MOTT ST REALTY,122 MOTT ST REALTY,BROOKLYN,1724 86 STREET,11216,Alteration CO,2026-04-08T04:00:00.000Z,PATRICK SMITH,,B01343306-S1,
024564,123 MILTON LLC,123 MILTON LLC,123 MILTON LLC,BROOKLYN,123 MILTON STREET,11021,Alteration,2026-04-06T04:00:00.000Z,,,B01382163-I1,
111774,124 HUDSON CONDOMINIUM,124 HUDSON CONDOMINIUM,124 HUDSON CONDOMINIUM,MANHATTAN,124 HUDSON STREET,07070,Alteration,2026-04-01T04:00:00.000Z,,,M01361062-I1,
086064,"125 Greaves Lane, LLC","125 Greaves Lane, LLC","125 Greaves Lane, LLC",STATEN ISLAND,145 GREAVES LANE,07719,Alteration,2026-03-23T04:00:00.000Z,,,S01292273-I1,
015369,1250 BROADWAY ASSOCIATES LLPC,1250 BROADWAY ASSOCIATES LLPC,1250 BROADWAY ASSOCIATES LLPC,MANHATTAN,1250 BROADWAY,10018,Alteration,2026-04-10T04:00:00.000Z,JOSEPH PIGNATARO,,M01340890-P1,
076082,1250 BROADWAY ASSOCIATES LLPC,1250 BROADWAY ASSOCIATES LLPC,1250 BROADWAY ASSOCIATES LLPC,MANHATTAN,1250 BROADWAY,10019,Alteration,2026-04-10T04:00:00.000Z,,,M01340897-P1,
064829,"1251 AMERICAS ASSOCIATES II, L.P.","1251 AMERICAS ASSOCIATES II, L.P.","1251 AMERICAS ASSOCIATES II, L.P.",MANHATTAN,1251 6 AVENUE,10018,Alteration,2026-04-14T04:00:00.000Z,,,M01376960-S1,
067846,"1251 AMERICAS ASSOCIATES II, L.P.","1251 AMERICAS ASSOCIATES II, L.P.","1251 AMERICAS ASSOCIATES II, L.P.",MANHATTAN,1251 6 AVENUE,06810,Alteration,2026-04-06T04:00:00.000Z,,,M01375616-I1,
104211,1255 COMPANY C/O KOEPPEL ROSEN LLC,1255 COMPANY C/O KOEPPEL ROSEN LLC,1255 COMPANY C/O KOEPPEL ROSEN LLC,MANHATTAN,1261 BROADWAY,11377,Alteration,2026-04-14T04:00:00.000Z,,,M01377713-S3,
035362,1256OCEAN AVENUE LLC,1256OCEAN AVENUE LLC,1256OCEAN AVENUE LLC,BROOKLYN,2979 OCEAN PARKWAY,11235,Full Demolition,2026-03-25T04:00:00.000Z,,,B01377872-I1,
065639,1256OCEAN AVENUE LLC,1256OCEAN AVENUE LLC,1256OCEAN AVENUE LLC,BROOKLYN,2975 OCEAN PARKWAY,10038,New Building,2026-04-01T04:00:00.000Z,,,B01251027-S3,
103173,129 East 73rd St Corp,129 East 73rd St Corp,129 East 73rd St Corp,MANHATTAN,129 EAST   73 STREET,07676,Alteration,2026-04-08T04:00:00.000Z,,,M01043304-S3,
093787,130 Clarkson Realty LLC,130 Clarkson Realty LLC,130 Clarkson Realty LLC,BROOKLYN,250 EAST   29 STREET,10305,Alteration,2026-04-10T04:00:00.000Z,DAVID WAITHE,,B01370871-I1,
097542,130 William Street Associates LLC,130 William Street Associates LLC,130 William Street Associates LLC,MANHATTAN,92 FULTON STREET,33603,Alteration CO,2026-03-27T04:00:00.000Z,,,M01364910-S1,
089068,1310 Myrtle LLC,1310 Myrtle LLC,1310 Myrtle LLC,BROOKLYN,515 DEAN STREET,11415,Alteration CO,2026-04-06T04:00:00.000Z,,,B01152172-P2,
039696,132 RYERSON DAY,132 RYERSON DAY,132 RYERSON DAY,BROOKLYN,132 RYERSON STREET,10018,New Building,2026-03-31T04:00:00.000Z,,,B01378972-I1,
104414,1337 Sterling Place LLC,1337 Sterling Place LLC,1337 Sterling Place LLC,BROOKLYN,1337 STERLING PLACE,11432,ALT-CO - New Building with Existing Elements to Remain,2026-03-27T04:00:00.000Z,,,B01378945-I1,
097591,1345 LEASEHOLD LLC,1345 LEASEHOLD LLC,1345 LEASEHOLD LLC,MANHATTAN,1345 6 AVENUE,10010,Alteration,2026-04-13T04:00:00.000Z,,,M01056806-P3,
076759,135-11 Hillside LLC,135-11 Hillside LLC,135-11 Hillside LLC,QUEENS,135-11 HILLSIDE AVENUE,11231,New Building,2026-03-25T04:00:00.000Z,,,Q01301298-S6,
074129,135-223 STREET LLC,135-223 STREET LLC,135-223 STREET LLC,QUEENS,88-29GAR 184 STREET,11001,New Building,2026-03-19T04:00:00.000Z,DANIEL MEGNA,,Q01158762-P2,
089068,135-223 STREET LLC,135-223 STREET LLC,135-223 STREET LLC,QUEENS,218-23 138 AVENUE,11415,ALT-CO - New Building with Existing Elements to Remain,2026-04-14T04:00:00.000Z,,,Q01339826-P1,
091710,135-223 STREET LLC,135-223 STREET LLC,135-223 STREET LLC,QUEENS,119-40 195 STREET,11220,New Building,2026-04-13T04:00:00.000Z,,,Q01265463-P1,
108976,136-76 39 AVE LLC,136-76 39 AVE LLC,136-76 39 AVE LLC,QUEENS,136-76 39 AVENUE,11423,Alteration,2026-03-25T04:00:00.000Z,,,Q01375062-I1,
069460,1360 HYLAN BLVD LLC,1360 HYLAN BLVD LLC,1360 HYLAN BLVD LLC,STATEN ISLAND,1534 VICTORY BOULEVARD,10001,Alteration,2026-03-27T04:00:00.000Z,,,S01358029-S3,
077896,137 WEST BROADWAY OWNERS CORP,137 WEST BROADWAY OWNERS CORP,137 WEST BROADWAY OWNERS CORP,MANHATTAN,137 WEST BROADWAY,11375,Alteration,2026-03-24T04:00:00.000Z,,,M01240415-P4,
076598,1383 PLIMPTON AVE HDFC,1383 PLIMPTON AVE HDFC,1383 PLIMPTON AVE HDFC,BRONX,1383 PLIMPTON AVENUE,07604,Alteration,2026-03-26T04:00:00.000Z,,,X01221665-S3,
083057,1385 SUTTER LLC,1385 SUTTER LLC,1385 SUTTER LLC,BRONX,1686 DAVIDSON AVENUE,11235,New Building,2026-04-01T04:00:00.000Z,ANDREW WOLKE  II,,X00486899-A3,
048918,"140 RIVERSIDE BLVD, LLC","140 RIVERSIDE BLVD, LLC","140 RIVERSIDE BLVD, LLC",MANHATTAN,140 RIVERSIDE BOULEVARD,11368,Alteration,2026-04-08T04:00:00.000Z,,,M01381005-I1,
040797,1411 IC-SIC PROPERTY LLC,1411 IC-SIC PROPERTY LLC,1411 IC-SIC PROPERTY LLC,MANHATTAN,1411 BROADWAY,11222,Alteration,2026-03-23T04:00:00.000Z,,,M01293766-P1,
085449,1411 IC-SIC PROPERTY LLC,1411 IC-SIC PROPERTY LLC,1411 IC-SIC PROPERTY LLC,MANHATTAN,1411 BROADWAY,37067,Alteration,2026-04-03T04:00:00.000Z,,,M01378285-I1,
104370,1411 IC-SIC PROPERTY LLC,1411 IC-SIC PROPERTY LLC,1411 IC-SIC PROPERTY LLC,MANHATTAN,1411 BROADWAY,10017,Alteration,2026-04-10T04:00:00.000Z,,,M01333033-P1,
043641,142 FIFTH AVENUE OWNERS CORP.,142 FIFTH AVENUE OWNERS CORP.,142 FIFTH AVENUE OWNERS CORP.,MANHATTAN,5 WEST   19 STREET,10024,Alteration,2026-04-06T04:00:00.000Z,,,M01202939-S2,
033977,143 BAYARD DEVELOPMENTS LLC,143 BAYARD DEVELOPMENTS LLC,143 BAYARD DEVELOPMENTS LLC,BROOKLYN,143 BAYARD STREET,10013,New Building,2026-03-20T04:00:00.000Z,,,B00666185-S8,
096200,143 FRANKLIN INC,143 FRANKLIN INC,143 FRANKLIN INC,QUEENS,37-59 81 STREET,11357,Alteration,2026-03-31T04:00:00.000Z,,,Q01378434-I1,
092346,145 EAST 15TH STREET TENANTS CORP.,145 EAST 15TH STREET TENANTS CORP.,145 EAST 15TH STREET TENANTS CORP.,MANHATTAN,28 WEST   13 STREET,10017,Alteration,2026-04-10T04:00:00.000Z,,,M01361273-I1,
095242,145 EAST 15TH STREET TENANTS CORP.,145 EAST 15TH STREET TENANTS CORP.,145 EAST 15TH STREET TENANTS CORP.,MANHATTAN,28 WEST   13 STREET,11530,Alteration,2026-03-27T04:00:00.000Z,,,M01354826-I1,
085541,1457 53RD STREET LLC,1457 53RD STREET LLC,1457 53RD STREET LLC,BROOKLYN,1461 53 STREET,10962,New Building,2026-03-25T04:00:00.000Z,,,B01375085-I1,
048918,147 CORP,147 CORP,147 CORP,BROOKLYN,1435 PROSPECT PLACE,11368,Alteration,2026-04-02T04:00:00.000Z,,,B01198856-P1,
111400,147-28 8TH AVE LLC,147-28 8TH AVE LLC,147-28 8TH AVE LLC,QUEENS,147-28 8 AVENUE,11354,Full Demolition,2026-04-05T04:00:00.000Z,,,Q01372280-S1,
073791,149 PLACE MANAGEMENT LLC,149 PLACE MANAGEMENT LLC,149 PLACE MANAGEMENT LLC,QUEENS,41-09 149 PLACE,11354,New Building,2026-04-09T04:00:00.000Z,,,Q01166217-S5,
038870,151 Summit Place LLC,151 Summit Place LLC,151 Summit Place LLC,BRONX,151 SUMMIT PLACE,11226,Alteration,2026-04-13T04:00:00.000Z,,,X01383664-I1,
082064,152/154 BEDFORD AVE LLC,152/154 BEDFORD AVE LLC,152/154 BEDFORD AVE LLC,BROOKLYN,156 NORTH    9 STREET,11050,New Building,2026-03-24T04:00:00.000Z,,,B01153900-S7,
106354,1522 REALTY ASSOCIATES LLC,1522 REALTY ASSOCIATES LLC,1522 REALTY ASSOCIATES LLC,BROOKLYN,863 DRIGGS AVENUE,11432,Alteration,2026-03-28T04:00:00.000Z,,,B01379468-I1,
064095,153 Hillside Avenue LLC,153 Hillside Avenue LLC,153 Hillside Avenue LLC,QUEENS,153-10 HILLSIDE AVENUE,10001,New Building,2026-03-28T04:00:00.000Z,,,Q01220686-P6,
045075,153-21/27 Rockaway blvd Corp,153-21/27 Rockaway blvd Corp,153-21/27 Rockaway blvd Corp,QUEENS,153-21 ROCKAWAY BOULEVARD,11218,Alteration,2026-04-02T04:00:00.000Z,,,Q01315216-P1,
036835,1539-1547 PITKIN AVE REALTY LLC,1539-1547 PITKIN AVE REALTY LLC,1539-1547 PITKIN AVE REALTY LLC,BRONX,1209 COLGATE AVENUE,11743,Alteration CO,2026-03-21T04:00:00.000Z,,,X00998232-P8,
088010,155 Warren Trust,155 Warren Trust,155 Warren Trust,BROOKLYN,155 WARREN STREET,07110-125,Alteration,2026-04-13T04:00:00.000Z,JOHN NOONAN,,B01178038-P4,
104157,157 CHAMBERS RETAIL LLC,157 CHAMBERS RETAIL LLC,157 CHAMBERS RETAIL LLC,MANHATTAN,30 WARREN STREET,11576,Alteration CO,2026-03-26T04:00:00.000Z,,,M01356071-S1,
088257,157 W 57 LLC / 88,157 W 57 LLC / 88,157 W 57 LLC / 88,MANHATTAN,157 WEST   57 STREET,10001,Alteration,2026-04-14T04:00:00.000Z,,,M01312912-S6,
086942,16 Rewe Street LLC,16 Rewe Street LLC,16 Rewe Street LLC,BROOKLYN,16 REWE STREET,06615,Alteration,2026-04-07T04:00:00.000Z,,,B01371446-I1,
048918,"160 RIVERSIDE BLVD, LLC","160 RIVERSIDE BLVD, LLC","160 RIVERSIDE BLVD, LLC",MANHATTAN,160 RIVERSIDE BOULEVARD,11368,Alteration,2026-04-08T04:00:00.000Z,,,M01381014-I1,
035366,160 WEST 118TH STREET CORP.,160 WEST 118TH STREET CORP.,160 WEST 118TH STREET CORP.,MANHATTAN,1949 7 AVENUE,11238,Alteration CO,2026-03-27T04:00:00.000Z,,,M01377018-S1,
069183,161 West 15th Street C/o Maxwell Kates,161 West 15th Street C/o Maxwell Kates,161 West 15th Street C/o Maxwell Kates,MANHATTAN,161 WEST   15 STREET,10004,Alteration,2026-03-27T04:00:00.000Z,,,M01302445-S1,
019371,161/672 LLC,161/672 LLC,161/672 LLC,BRONX,668 EAST  161 STREET,11023,Alteration,2026-04-01T04:00:00.000Z,ERIC HAHN,,X01316921-P3,
102188,163 west 165 LLC,163 west 165 LLC,163 west 165 LLC,BRONX,163 WEST  165 STREET,11216,New Building,2026-03-24T04:00:00.000Z,,,X01263390-P6,
100790,1634 DEAN LLC,1634 DEAN LLC,1634 DEAN LLC,MANHATTAN,1763 AMSTERDAM AVENUE,10007,New Building,2026-03-20T04:00:00.000Z,,,M00846386-Z4,
103696,1760 EAST 12 LLC,1760 EAST 12 LLC,1760 EAST 12 LLC,BROOKLYN,1756 EAST   12 STREET,10005,Full Demolition,2026-03-20T04:00:00.000Z,,,B01368459-I1,
042839,177 FRANKLIN LLC,177 FRANKLIN LLC,177 FRANKLIN LLC,MANHATTAN,55 BEACH STREET,11214,Alteration,2026-04-14T04:00:00.000Z,,,M01383743-I1,
033868,17TH STREET ARTISTS CORP.,17TH STREET ARTISTS CORP.,17TH STREET ARTISTS CORP.,MANHATTAN,130 WEST   17 STREET,11220,Alteration,2026-03-20T04:00:00.000Z,,,M01333030-I1,
049458,180 12 ST LLC,180 12 ST LLC,180 12 ST LLC,BROOKLYN,174 12 STREET,11358,ALT-CO - New Building with Existing Elements to Remain,2026-04-01T04:00:00.000Z,,,B01372489-I1,
077896,180 2ND AVE LLC,180 2ND AVE LLC,180 2ND AVE LLC,MANHATTAN,180 2 AVENUE,11375,Alteration,2026-04-01T04:00:00.000Z,,,M01244086-I1,
082359,180 2ND AVE LLC,180 2ND AVE LLC,180 2ND AVE LLC,MANHATTAN,180 2 AVENUE,11801,Alteration,2026-04-01T04:00:00.000Z,,,M01244005-I1,
062624,180 Madison Prisa II LLC,180 Madison Prisa II LLC,180 Madison Prisa II LLC,MANHATTAN,180 MADISON AVENUE,10605,Alteration,2026-03-30T04:00:00.000Z,,,M01363821-S1,
088850,180 Madison Prisa II LLC,180 Madison Prisa II LLC,180 Madison Prisa II LLC,MANHATTAN,180 MADISON AVENUE,06460,Alteration,2026-03-27T04:00:00.000Z,,,M01374885-I1,
036971,180 VARICK LLC,180 VARICK LLC,180 VARICK LLC,MANHATTAN,180 VARICK STREET,10566,Alteration,2026-04-07T04:00:00.000Z,,,M01368467-I1,
043690,180 VARICK LLC,180 VARICK LLC,180 VARICK LLC,MANHATTAN,180 VARICK STREET,00730,Alteration,2026-04-13T04:00:00.000Z,,,M01359051-S1,
043754,1818-1838 AMSTERDAM AVENUE LLC,1818-1838 AMSTERDAM AVENUE LLC,1818-1838 AMSTERDAM AVENUE LLC,MANHATTAN,1822 AMSTERDAM AVENUE,10541,Alteration,2026-04-10T04:00:00.000Z,,,M01229195-P1,
018142,183 GELSTON AVE LLC,183 GELSTON AVE LLC,183 GELSTON AVE LLC,BROOKLYN,183 GELSTON AVENUE,11204,Alteration,2026-04-01T04:00:00.000Z,DORRELL MANAHAN,,B01217265-P1,
075292,1869 RICHMOND AVENUE HOLDINGS LLC,1869 RICHMOND AVENUE HOLDINGS LLC,1869 RICHMOND AVENUE HOLDINGS LLC,STATEN ISLAND,1859A RICHMOND AVENUE,10309,Alteration,2026-03-27T04:00:00.000Z,,,S01378948-I1,
019517,1876 Lin LLC.,1876 Lin LLC.,1876 Lin LLC.,BROOKLYN,1876 WEST    9 STREET,07676,Alteration,2026-04-10T04:00:00.000Z,NUNZIO CHIULLI,,B01345079-P1,
105810,1890 Bergen estates LLC,1890 Bergen estates LLC,1890 Bergen estates LLC,BROOKLYN,169 A STUYVESANT AVENUE,11355,Alteration,2026-04-13T04:00:00.000Z,,,B01385276-I1,
102434,1918 AVE M LLC,1918 AVE M LLC,1918 AVE M LLC,BROOKLYN,1918 AVENUE M,11435,Alteration,2026-03-30T04:00:00.000Z,,,B00831518-P4,
083161,1940 JEROME AVE HOLDINGS LLC,1940 JEROME AVE HOLDINGS LLC,1940 JEROME AVE HOLDINGS LLC,BRONX,1940 JEROME AVENUE,10019,New Building,2026-04-10T04:00:00.000Z,,,X00787559-P7,
092329,1978,1978,1978,QUEENS,83-07 101 AVENUE,11418,Alteration,2026-03-31T04:00:00.000Z,,,Q01213505-P2,
100593,1978,1978,1978,QUEENS,83-07 101 AVENUE,11040,Alteration,2026-04-08T04:00:00.000Z,,,Q01194087-P6,
046375,1978 NEEDHAM AVE LLC,1978 NEEDHAM AVE LLC,1978 NEEDHAM AVE LLC,BROOKLYN,1017 EAST   89 STREET,10901,New Building,2026-04-13T04:00:00.000Z,,,B01379312-I1,
061364,198 shefa llc,198 shefa llc,198 shefa llc,BROOKLYN,183 PROSPECT PLACE,11234,Alteration CO,2026-03-25T04:00:00.000Z,,,B01070058-P2,
061810,2 West Street LLC,2 West Street LLC,2 West Street LLC,MANHATTAN,2 WEST STREET,06877,Alteration,2026-04-01T04:00:00.000Z,,,M01367245-I1,
072827,20 Hancock street Heirloom LLC,20 Hancock street Heirloom LLC,20 Hancock street Heirloom LLC,BROOKLYN,20 HANCOCK STREET,12533,Alteration,2026-03-23T04:00:00.000Z,,,B01367895-I1,
102329,20 Hancock street Heirloom LLC,20 Hancock street Heirloom LLC,20 Hancock street Heirloom LLC,BROOKLYN,20 HANCOCK STREET,11418,Alteration CO,2026-04-14T04:00:00.000Z,,,B01161203-P2,
066709,"20 W 33RD ST. PROPERTY OWNER, LLC","20 W 33RD ST. PROPERTY OWNER, LLC","20 W 33RD ST. PROPERTY OWNER, LLC",MANHATTAN,1375 BROADWAY,10001,Alteration,2026-03-27T04:00:00.000Z,,,M01376025-S1,
084978,"20 W 33RD ST. PROPERTY OWNER, LLC","20 W 33RD ST. PROPERTY OWNER, LLC","20 W 33RD ST. PROPERTY OWNER, LLC",MANHATTAN,1375 BROADWAY,10001,Alteration,2026-03-26T04:00:00.000Z,,,M01206254-P1,
093450,"20 W 33RD ST. PROPERTY OWNER, LLC","20 W 33RD ST. PROPERTY OWNER, LLC","20 W 33RD ST. PROPERTY OWNER, LLC",MANHATTAN,1370 BROADWAY,11375,Alteration,2026-03-27T04:00:00.000Z,,,M01338073-P1,
100790,20-26 NORTH MOORE ST CORP,20-26 NORTH MOORE ST CORP,20-26 NORTH MOORE ST CORP,MANHATTAN,20 NORTH MOORE STREET,10007,Alteration,2026-03-24T04:00:00.000Z,,,M01208397-I1,
045365,"200 CHAMBERS, LLC","200 CHAMBERS, LLC","200 CHAMBERS, LLC",MANHATTAN,200 CHAMBERS STREET,07093,Alteration,2026-04-14T04:00:00.000Z,,,M01358974-I1,
066709,"200 CHAMBERS, LLC","200 CHAMBERS, LLC","200 CHAMBERS, LLC",MANHATTAN,200 CHAMBERS STREET,10001,Alteration,2026-04-14T04:00:00.000Z,,,M01358974-S1,
045410,2008 STEINWAY LLC,2008 STEINWAY LLC,2008 STEINWAY LLC,QUEENS,2008 STEINWAY STREET,11365,Alteration CO,2026-03-26T04:00:00.000Z,,,Q01378472-I1,
035914,203 PROPERTY CO LLC,203 PROPERTY CO LLC,203 PROPERTY CO LLC,MANHATTAN,203 WEST   38 STREET,07010,Alteration,2026-04-02T04:00:00.000Z,,,M01374982-S3,
041513,203 PROPERTY CO LLC,203 PROPERTY CO LLC,203 PROPERTY CO LLC,MANHATTAN,203 WEST   38 STREET,11228,Alteration,2026-04-02T04:00:00.000Z,,,M01374982-I1,
107961,203 PROPERTY CO LLC,203 PROPERTY CO LLC,203 PROPERTY CO LLC,MANHATTAN,203 WEST   38 STREET,11355,Alteration,2026-04-09T04:00:00.000Z,,,M01374982-S2,
085056,203 Targee Realty LLC,203 Targee Realty LLC,203 Targee Realty LLC,STATEN ISLAND,203 TARGEE STREET,29582,Alteration,2026-03-30T04:00:00.000Z,,,S01255508-P1,
063868,209 Flagg Corp.,209 Flagg Corp.,209 Flagg Corp.,STATEN ISLAND,209 FLAGG PLACE,10018,ALT-CO - New Building with Existing Elements to Remain,2026-04-01T04:00:00.000Z,,,S01366243-S2,
052799,209 MONTROSE LJ LLC,209 MONTROSE LJ LLC,209 MONTROSE LJ LLC,BROOKLYN,143 NORTH    9 STREET,10001,Alteration CO,2026-04-14T04:00:00.000Z,,,B01378415-I1,
104807,21-23 BLEECKER STREET OWNERS CORP C,21-23 BLEECKER STREET OWNERS CORP C,21-23 BLEECKER STREET OWNERS CORP C,MANHATTAN,21 BLEECKER STREET,07070,Alteration,2026-04-14T04:00:00.000Z,,,M01311034-P1,
019999,210 EAST 15TH STREET TENANTS CORP,210 EAST 15TH STREET TENANTS CORP,210 EAST 15TH STREET TENANTS CORP,MANHATTAN,210 EAST   15 STREET,10001,Alteration,2026-04-09T04:00:00.000Z,CHARLES BUBROWIECKI JR,,M01383647-I1,
086301,211-05 34TH RD REALTY LLC,211-05 34TH RD REALTY LLC,211-05 34TH RD REALTY LLC,QUEENS,34-11 211 STREET,11354,Full Demolition,2026-04-11T04:00:00.000Z,,,Q01348684-I1,
063907,2110 NEWTOWN AVENUE LLC,2110 NEWTOWN AVENUE LLC,2110 NEWTOWN AVENUE LLC,QUEENS,21-10 NEWTOWN AVENUE,11566,Alteration,2026-03-26T04:00:00.000Z,,,Q01039682-S2,
077642,"212-47 Jamaica Ave Realty Corp.,","212-47 Jamaica Ave Realty Corp.,","212-47 Jamaica Ave Realty Corp.,",QUEENS,212-47 JAMAICA AVENUE,11693,Alteration,2026-03-20T04:00:00.000Z,,,Q01107619-P2,
097248,2144 East 12th street LLC,2144 East 12th street LLC,2144 East 12th street LLC,BROOKLYN,2144 EAST   12 STREET,11559,ALT-CO - New Building with Existing Elements to Remain,2026-04-14T04:00:00.000Z,,,B01204273-S7,
095837,"2155 MORRIS, LLC","2155 MORRIS, LLC","2155 MORRIS, LLC",BRONX,1500 NOBLE AVENUE,11235,Alteration,2026-03-20T04:00:00.000Z,,,X01349026-S1,
091828,"2160 Broadway, LLC","2160 Broadway, LLC","2160 Broadway, LLC",MANHATTAN,215 WEST   76 STREET,11229,New Building,2026-03-31T04:00:00.000Z,,,M01220215-S5,
105191,2160 NEWBOLD REALTY LLC,2160 NEWBOLD REALTY LLC,2160 NEWBOLD REALTY LLC,BROOKLYN,459 6 AVENUE,07030,Alteration,2026-03-25T04:00:00.000Z,,,B01335057-S1,
062815,218 BROOKLYN LLC,218 BROOKLYN LLC,218 BROOKLYN LLC,BROOKLYN,122 CLINTON AVENUE,11364,Full Demolition,2026-04-09T04:00:00.000Z,,,B01367096-I1,
083057,2183-2187 OCEAN LLC,2183-2187 OCEAN LLC,2183-2187 OCEAN LLC,BROOKLYN,2183 OCEAN AVENUE,11235,New Building,2026-03-27T04:00:00.000Z,ANDREW WOLKE  II,,B01008423-P6,
090417,221 JAMAICA AVENUE LLC,221 JAMAICA AVENUE LLC,221 JAMAICA AVENUE LLC,QUEENS,259-70 149 ROAD,11361,New Building,2026-04-02T04:00:00.000Z,,,Q01340279-S5,
092643,2241 65TH LLC,2241 65TH LLC,2241 65TH LLC,BROOKLYN,69 CHURCH AVENUE,11803,Alteration,2026-03-23T04:00:00.000Z,,,B01268503-P3,
094174,2241 65TH LLC,2241 65TH LLC,2241 65TH LLC,BROOKLYN,1963 59 STREET,11230,Alteration CO,2026-04-13T04:00:00.000Z,,,B01350097-S7,
098407,2241 65TH LLC,2241 65TH LLC,2241 65TH LLC,BROOKLYN,1963 59 STREET,11743,Alteration CO,2026-03-19T04:00:00.000Z,,,B01350097-S5,
103302,228 W 17TH ST HDFC,228 W 17TH ST HDFC,228 W 17TH ST HDFC,MANHATTAN,228 WEST   17 STREET,83669,Alteration,2026-04-08T04:00:00.000Z,,,M01373640-I1,
091296,229 WEST 74TH STREET CORP.,229 WEST 74TH STREET CORP.,229 WEST 74TH STREET CORP.,MANHATTAN,2121 BROADWAY,07724,Alteration,2026-04-08T04:00:00.000Z,,,M01183551-P2,
062597,"22ND AND 11TH ASSOCIATES, LLC","22ND AND 11TH ASSOCIATES, LLC","22ND AND 11TH ASSOCIATES, LLC",MANHATTAN,555 WEST   22 STREET,10119,Alteration,2026-03-23T04:00:00.000Z,,,M01346115-P1,
041347,230 SARATOGA REALTY LLC,230 SARATOGA REALTY LLC,230 SARATOGA REALTY LLC,QUEENS,37-10 JUNCTION BOULEVARD,10304,Alteration,2026-04-13T04:00:00.000Z,,,Q01380743-I1,
104807,235 EAST 49 STREET TENANTS CORP.,235 EAST 49 STREET TENANTS CORP.,235 EAST 49 STREET TENANTS CORP.,MANHATTAN,235 EAST   49 STREET,07070,Alteration,2026-03-31T04:00:00.000Z,,,M01361896-I1,
075876,236 PROSPECT MARKET LLC,236 PROSPECT MARKET LLC,236 PROSPECT MARKET LLC,BROOKLYN,347 ST MARKS AVENUE,11576,Alteration,2026-03-26T04:00:00.000Z,,,B00857693-P2,
072827,236 SKILLMAN LLC,236 SKILLMAN LLC,236 SKILLMAN LLC,BROOKLYN,236 SKILLMAN STREET,12533,New Building,2026-04-14T04:00:00.000Z,,,B00959182-S2,
033696,237 WEST 4TH STREET LLC,237 WEST 4TH STREET LLC,237 WEST 4TH STREET LLC,MANHATTAN,237 WEST    4 STREET,08732,Alteration,2026-04-11T04:00:00.000Z,,,M07998011-P1,
039539,24 MONROE PLC TNTS CORP.,24 MONROE PLC TNTS CORP.,24 MONROE PLC TNTS CORP.,BROOKLYN,24 MONROE PLACE,10001,Alteration,2026-03-31T04:00:00.000Z,,,B01370037-I1,
099343,240 BROADWAY PROPERTY LLC,240 BROADWAY PROPERTY LLC,240 BROADWAY PROPERTY LLC,BROOKLYN,240 BROADWAY,11530,Alteration,2026-04-13T04:00:00.000Z,,,B00491449-A4,
092183,240 East 56th Street Owner LLC,240 East 56th Street Owner LLC,240 East 56th Street Owner LLC,MANHATTAN,1059 2 AVENUE,10001,Full Demolition,2026-03-23T04:00:00.000Z,,,M01301215-S4,
088503,245 REALTY LLC,245 REALTY LLC,245 REALTY LLC,MANHATTAN,242 WEST   20 STREET,11361,Alteration,2026-03-23T04:00:00.000Z,,,M01301452-P1,
099856,24th Street Property LLC.,24th Street Property LLC.,24th Street Property LLC.,QUEENS,42-62 24 STREET,10305,New Building,2026-03-30T04:00:00.000Z,,,Q01261546-S4,
060234,250 FLATBUSH LLC,250 FLATBUSH LLC,250 FLATBUSH LLC,BROOKLYN,254 FLATBUSH AVENUE,11101,New Building,2026-04-01T04:00:00.000Z,,,B01350955-S1,
045629,"255 EAST HOUSTON MANAGER, LLC","255 EAST HOUSTON MANAGER, LLC","255 EAST HOUSTON MANAGER, LLC",MANHATTAN,280 EAST HOUSTON STREET,10463,Alteration,2026-04-03T04:00:00.000Z,,,M01379423-I1,
090318,"255 EAST HOUSTON MANAGER, LLC","255 EAST HOUSTON MANAGER, LLC","255 EAST HOUSTON MANAGER, LLC",MANHATTAN,202 EAST   23 STREET,11361,Alteration,2026-04-02T04:00:00.000Z,,,M01298798-P1,
090004,2589 Realty LLC,2589 Realty LLC,2589 Realty LLC,QUEENS,25-89 STEINWAY STREET,11106,Alteration,2026-03-20T04:00:00.000Z,LARRY KATZ,,Q01368182-I1,
015540,26 WEST 9TH STREET LLC,26 WEST 9TH STREET LLC,26 WEST 9TH STREET LLC,MANHATTAN,26 WEST    9 STREET,10001,Alteration,2026-03-23T04:00:00.000Z,,,M01365909-I1,
087678,2690 JAMAICA LLC,2690 JAMAICA LLC,2690 JAMAICA LLC,QUEENS,83-20 ROOSEVELT AVENUE,11003,Alteration,2026-03-19T04:00:00.000Z,,,Q01368133-I1,
045236,27-51 JACKSON AVE LLC,27-51 JACKSON AVE LLC,27-51 JACKSON AVE LLC,QUEENS,28-18 42 ROAD,11354,Alteration,2026-04-09T04:00:00.000Z,,,Q01325543-S1,
047153,27-51 JACKSON AVE LLC,27-51 JACKSON AVE LLC,27-51 JACKSON AVE LLC,QUEENS,27-49 JACKSON AVENUE,11354,Alteration,2026-04-04T04:00:00.000Z,,,Q01345121-S2,
099856,27-51 JACKSON AVE LLC,27-51 JACKSON AVE LLC,27-51 JACKSON AVE LLC,QUEENS,28-18 42 ROAD,10305,Alteration,2026-04-13T04:00:00.000Z,,,Q01325543-S2,
077907,"277 PARK AVENUE, LLC","277 PARK AVENUE, LLC","277 PARK AVENUE, LLC",MANHATTAN,277 PARK AVENUE,06804,Alteration,2026-04-01T04:00:00.000Z,,,M01365312-S1,
082331,"277 PARK AVENUE, LLC","277 PARK AVENUE, LLC","277 PARK AVENUE, LLC",MANHATTAN,277 PARK AVENUE,10017,Alteration,2026-03-25T04:00:00.000Z,,,M01369704-I1,
082997,"277 PARK AVENUE, LLC","277 PARK AVENUE, LLC","277 PARK AVENUE, LLC",MANHATTAN,277 PARK AVENUE,10038,Alteration,2026-04-07T04:00:00.000Z,,,M01365312-S2,
085429,"277 PARK AVENUE, LLC","277 PARK AVENUE, LLC","277 PARK AVENUE, LLC",MANHATTAN,277 PARK AVENUE,10001,Alteration,2026-04-07T04:00:00.000Z,,,M01310483-P2,
094401,"277 PARK AVENUE, LLC","277 PARK AVENUE, LLC","277 PARK AVENUE, LLC",MANHATTAN,277 PARK AVENUE,10036,Alteration,2026-03-23T04:00:00.000Z,,,M01228652-P1,
068029,28 NOMAD INC,28 NOMAD INC,28 NOMAD INC,MANHATTAN,816 6 AVENUE,11358,Alteration,2026-04-03T04:00:00.000Z,,,M01373802-I1,
079934,28 Saint Felix LLC,28 Saint Felix LLC,28 Saint Felix LLC,BROOKLYN,28 ST FELIX STREET,11743,Alteration,2026-03-27T04:00:00.000Z,,,B00846011-P1,
088728,288 SIU KEE,288 SIU KEE,288 SIU KEE,MANHATTAN,139 MOTT STREET,07090,Alteration,2026-04-07T04:00:00.000Z,,,M01376994-I1,
016758,29 E. 21ST ST CORP,29 E. 21ST ST CORP,29 E. 21ST ST CORP,MANHATTAN,29 EAST   21 STREET,07042,Alteration,2026-04-13T04:00:00.000Z,,,M01097184-P1,
035362,2921 BRIGHTON 4 LLC,2921 BRIGHTON 4 LLC,2921 BRIGHTON 4 LLC,BROOKLYN,2921 BRIGHTON    4 STREET,11235,New Building,2026-03-19T04:00:00.000Z,,,B08042136-S4,
078507,293 HENRY LLC,293 HENRY LLC,293 HENRY LLC,BROOKLYN,372 CLINTON AVENUE,07901,Alteration CO,2026-04-07T04:00:00.000Z,,,B00937194-S2,
093795,2FS SCG RETAIL LLC,2FS SCG RETAIL LLC,2FS SCG RETAIL LLC,QUEENS,133-36 37 AVENUE,11021,Alteration,2026-03-27T04:00:00.000Z,N BECACCIO,,Q01270005-S1,
016198,"2GC OWNERS, LLC","2GC OWNERS, LLC","2GC OWNERS, LLC",MANHATTAN,780 THIRD AVENUE,10174,Alteration,2026-03-26T04:00:00.000Z,BERNARD WILLKOMM,,M01371432-I1,
071143,"2GC OWNERS, LLC","2GC OWNERS, LLC","2GC OWNERS, LLC",MANHATTAN,780 THIRD AVENUE,10036,Alteration,2026-03-30T04:00:00.000Z,,,M01371432-S1,
076082,"2GC OWNERS, LLC","2GC OWNERS, LLC","2GC OWNERS, LLC",MANHATTAN,140 EAST   45 STREET,10019,Alteration,2026-04-07T04:00:00.000Z,,,M01379209-S2,
096934,"2GC OWNERS, LLC","2GC OWNERS, LLC","2GC OWNERS, LLC",MANHATTAN,780 3 AVENUE,66614,Alteration,2026-04-07T04:00:00.000Z,,,M01352900-P1,
095887,2MO,2MO,2MO,MANHATTAN,92 LAIGHT STREET,10550,Alteration,2026-04-08T04:00:00.000Z,,,M01127682-S1,
045236,30 COMMERCIAL LLC,30 COMMERCIAL LLC,30 COMMERCIAL LLC,QUEENS,164-38 GAR 77 AVENUE,11354,Alteration CO,2026-04-02T04:00:00.000Z,,,Q01381868-I1,
081054,302 WEST 13TH ST LLC,302 WEST 13TH ST LLC,302 WEST 13TH ST LLC,MANHATTAN,302 WEST   13 STREET,10018,Alteration CO,2026-04-02T04:00:00.000Z,,,M00967216-P8,
090583,304 MULBERRY STREET OPERATING COMPA,304 MULBERRY STREET OPERATING COMPA,304 MULBERRY STREET OPERATING COMPA,MANHATTAN,139 FRANKLIN STREET,10001,Alteration,2026-03-20T04:00:00.000Z,,,M01363833-S1,
091112,304-310 W. 14 REALTY LLC,304-310 W. 14 REALTY LLC,304-310 W. 14 REALTY LLC,MANHATTAN,208 ELIZABETH STREET,10018,Alteration CO,2026-04-01T04:00:00.000Z,,,M01165399-P4,
099501,305 TOMPKINS AVENUE LLC,305 TOMPKINS AVENUE LLC,305 TOMPKINS AVENUE LLC,BROOKLYN,305 TOMPKINS AVENUE,11793,Alteration,2026-03-31T04:00:00.000Z,,,B01341552-S2,
083189,3055 VERNON LLC,3055 VERNON LLC,3055 VERNON LLC,QUEENS,11-08 30 ROAD,11354,ALT-CO - New Building with Existing Elements to Remain,2026-03-23T04:00:00.000Z,,,Q00795057-B9,
096363,306 6th Ave LLC,306 6th Ave LLC,306 6th Ave LLC,BROOKLYN,434 2 STREET,10038,New Building,2026-03-19T04:00:00.000Z,,,B01298989-S4,
108981,31 monroe realty llc,31 monroe realty llc,31 monroe realty llc,MANHATTAN,21 LUDLOW STREET,11432,Alteration,2026-04-13T04:00:00.000Z,,,M01353985-I1,
102362,31 WEST 126 STREET LLC,31 WEST 126 STREET LLC,31 WEST 126 STREET LLC,MANHATTAN,35 WEST  126 STREET,11747,Alteration,2026-03-26T04:00:00.000Z,,,M01373001-I1,
100790,310 WEST 99TH ST OWNERS CORP,310 WEST 99TH ST OWNERS CORP,310 WEST 99TH ST OWNERS CORP,MANHATTAN,310 WEST   99 STREET,10007,Alteration,2026-04-06T04:00:00.000Z,,,M01379344-I1,
106187,311 WEST 42ND STREET ASSOCIATES LLC,311 WEST 42ND STREET ASSOCIATES LLC,311 WEST 42ND STREET ASSOCIATES LLC,MANHATTAN,312 WEST   43 STREET,10003,Alteration,2026-04-07T04:00:00.000Z,,,M01266578-S4,
090372,31171 Owners Corp.,31171 Owners Corp.,31171 Owners Corp.,MANHATTAN,311 EAST   71 STREET,10038,Alteration,2026-04-08T04:00:00.000Z,,,M01383357-I1,
082390,3179 Rochambeau LLC,3179 Rochambeau LLC,3179 Rochambeau LLC,BRONX,3179 ROCHAMBEAU AVENUE,10002,Alteration CO,2026-04-07T04:00:00.000Z,,,X01221810-P1,
042839,322 West 57th Street Condominium,322 West 57th Street Condominium,322 West 57th Street Condominium,MANHATTAN,322 WEST   57 STREET,11214,Alteration,2026-03-24T04:00:00.000Z,,,M01374797-I1,
018976,33-02 30TH AVENUE LLC,33-02 30TH AVENUE LLC,33-02 30TH AVENUE LLC,QUEENS,33-02 30 AVENUE,11566,Alteration CO,2026-03-20T04:00:00.000Z,HARRY WILLIAMS,,Q01206617-P1,
096200,33-53 210 realty llc,33-53 210 realty llc,33-53 210 realty llc,QUEENS,33-53 210 STREET,11357,New Building,2026-04-01T04:00:00.000Z,,,Q01315598-S2,
079395,34-20 JUNCTION DM LLC,34-20 JUNCTION DM LLC,34-20 JUNCTION DM LLC,BRONX,350 GRAND CONCOURSE,10016,New Building,2026-04-02T04:00:00.000Z,,,X01219259-Z1,
100790,345 PAS HOLDINGS LLC,345 PAS HOLDINGS LLC,345 PAS HOLDINGS LLC,MANHATTAN,345 PARK AVENUE SOUTH,10007,Alteration,2026-04-01T04:00:00.000Z,,,M01176967-P1,
034045,345 Union St Realty LLC,345 Union St Realty LLC,345 Union St Realty LLC,BROOKLYN,245 DEGRAW STREET,10001,Alteration,2026-03-23T04:00:00.000Z,,,B01260278-P2,
068504,347 CHAUNCEY LLC,347 CHAUNCEY LLC,347 CHAUNCEY LLC,BROOKLYN,347 CHAUNCEY STREET,11101,Alteration,2026-04-08T04:00:00.000Z,,,B01062880-P9,
018459,350 Bleecker St Apt Corp,350 Bleecker St Apt Corp,350 Bleecker St Apt Corp,MANHATTAN,350 BLEECKER STREET,10023,Alteration,2026-03-24T04:00:00.000Z,ROBERT BENZE,,M01345541-I1,
015011,350 GERARD HOLDINGS LLC,350 GERARD HOLDINGS LLC,350 GERARD HOLDINGS LLC,BRONX,2505 3 AVENUE,10013,Alteration CO,2026-04-13T04:00:00.000Z,,,X01214337-P3,
097248,350 GERARD HOLDINGS LLC,350 GERARD HOLDINGS LLC,350 GERARD HOLDINGS LLC,BRONX,810 EAST  141 STREET,11559,Alteration,2026-03-23T04:00:00.000Z,,,X01371811-I1,
096200,3512 STONE LLC,3512 STONE LLC,3512 STONE LLC,QUEENS,35-12 CORPORAL STONE STREET,11357,ALT-CO - New Building with Existing Elements to Remain,2026-03-24T04:00:00.000Z,,,Q01310620-S1,
041382,354 Avenue Y Corp,354 Avenue Y Corp,354 Avenue Y Corp,BROOKLYN,350 AVENUE Y,11375,Alteration,2026-03-19T04:00:00.000Z,,,B01194225-P1,
095295,355 REALTY COMPANY,355 REALTY COMPANY,355 REALTY COMPANY,MANHATTAN,255 EAST   39 STREET,08830,New Building,2026-04-06T04:00:00.000Z,,,M00672872-A8,
074163,357-359 WEST 22ND LLC,357-359 WEST 22ND LLC,357-359 WEST 22ND LLC,MANHATTAN,245 EAST   31 STREET,10310,Alteration CO,2026-03-30T04:00:00.000Z,,,M01169213-S2,
103102,357-359 WEST 22ND LLC,357-359 WEST 22ND LLC,357-359 WEST 22ND LLC,MANHATTAN,246 EAST   53 STREET,11417,Alteration,2026-04-05T04:00:00.000Z,,,M01359063-S1,
031614,359 17th St LLC,359 17th St LLC,359 17th St LLC,BROOKLYN,359 17 STREET,11215,Alteration CO,2026-03-25T04:00:00.000Z,,,B01370521-I1,
093450,36 EAST 31 COMPANY,36 EAST 31 COMPANY,36 EAST 31 COMPANY,MANHATTAN,36 EAST   31 STREET,11375,Alteration,2026-04-12T04:00:00.000Z,,,M01224262-P4,
088730,360 EAST 72ND STREET OWNERS INC,360 EAST 72ND STREET OWNERS INC,360 EAST 72ND STREET OWNERS INC,MANHATTAN,355 EAST   71 STREET,10018,Alteration,2026-03-20T04:00:00.000Z,,,M01032921-P1,
035198,360 West 55th ST LP.,360 West 55th ST LP.,360 West 55th ST LP.,MANHATTAN,169 SPRING STREET,10018,Alteration,2026-04-10T04:00:00.000Z,,,M01363950-S1,
045629,360 West 55th ST LP.,360 West 55th ST LP.,360 West 55th ST LP.,MANHATTAN,56 CROSBY STREET,10463,Alteration,2026-04-01T04:00:00.000Z,,,M01307822-P1,
110398,360 West 55th ST LP.,360 West 55th ST LP.,360 West 55th ST LP.,MANHATTAN,56 CROSBY STREET,10036,Alteration,2026-04-01T04:00:00.000Z,,,M01307822-P2,
052834,37 West 20 LLC,37 West 20 LLC,37 West 20 LLC,MANHATTAN,37 WEST   20 STREET,10010,Alteration,2026-04-10T04:00:00.000Z,,,M01372937-S1,
043509,3747 82nd Street LLC,3747 82nd Street LLC,3747 82nd Street LLC,QUEENS,22-04 31 STREET,11377,Alteration,2026-03-22T04:00:00.000Z,,,Q01357652-I1,
099501,376 Montgomery Realty LLC,376 Montgomery Realty LLC,376 Montgomery Realty LLC,BROOKLYN,91 MOORE STREET,11793,ALT-CO - New Building with Existing Elements to Remain,2026-03-24T04:00:00.000Z,,,B01331109-S5,
067955,388 AMZI HILL LLC,388 AMZI HILL LLC,388 AMZI HILL LLC,BROOKLYN,197 ST JAMES PLACE,11050,Alteration CO,2026-03-24T04:00:00.000Z,,,B01169845-S1,
047332,388 GRAHAM LCC,388 GRAHAM LCC,388 GRAHAM LCC,BROOKLYN,388 GRAHAM AVENUE,11222,New Building,2026-03-26T04:00:00.000Z,,,B01372101-I1,
065106,388 GRAHAM LCC,388 GRAHAM LCC,388 GRAHAM LCC,BROOKLYN,388 GRAHAM AVENUE,11101,New Building,2026-03-27T04:00:00.000Z,,,B01372101-S4,
108777,3923 FORT HAMILTON PARKWAY LLC,3923 FORT HAMILTON PARKWAY LLC,3923 FORT HAMILTON PARKWAY LLC,BROOKLYN,1540 52 STREET,11801,New Building,2026-04-14T04:00:00.000Z,,,B01351339-S5,
620286,3923 FORT HAMILTON PARKWAY LLC,3923 FORT HAMILTON PARKWAY LLC,3923 FORT HAMILTON PARKWAY LLC,BROOKLYN,1114 41 STREET,11218,Full Demolition,2026-03-23T04:00:00.000Z,,,B01360453-I1,
091112,3rd & 87 LP,3rd & 87 LP,3rd & 87 LP,MANHATTAN,1020 FIFTH AVENUE,10018,Alteration,2026-03-26T04:00:00.000Z,,,M01374469-S1,
079022,4 SEASONS INT'T MGMT INC,4 SEASONS INT'T MGMT INC,4 SEASONS INT'T MGMT INC,QUEENS,136-17 MAPLE AVENUE,10002,Alteration,2026-03-31T04:00:00.000Z,ANTHONY DISANZA,,Q01115633-I1,
092183,40 Exchange Owners LLC,40 Exchange Owners LLC,40 Exchange Owners LLC,MANHATTAN,36 EXCHANGE PLACE,10001,Alteration,2026-03-31T04:00:00.000Z,,,M01349697-I1,
044041,40 Lispenard Street LLC,40 Lispenard Street LLC,40 Lispenard Street LLC,MANHATTAN,40 LISPENARD STREET,11101,Alteration,2026-03-27T04:00:00.000Z,,,M01254110-P1,
033196,"400 EAST 84TH STREET ASSOCIATES, L.","400 EAST 84TH STREET ASSOCIATES, L.","400 EAST 84TH STREET ASSOCIATES, L.",MANHATTAN,400 EAST   84 STREET,10018,Alteration,2026-03-24T04:00:00.000Z,,,M01375688-I1,
088825,"400 EAST 84TH STREET ASSOCIATES, L.","400 EAST 84TH STREET ASSOCIATES, L.","400 EAST 84TH STREET ASSOCIATES, L.",MANHATTAN,400 EAST   84 STREET,10006,Alteration,2026-04-09T04:00:00.000Z,,,M01173131-P4,
076940,401 BROADWAY BUILDING LLC,401 BROADWAY BUILDING LLC,401 BROADWAY BUILDING LLC,MANHATTAN,401 BROADWAY,10001,Alteration,2026-04-13T04:00:00.000Z,,,M01367256-I1,
044324,4012 MAIN STREET LLC,4012 MAIN STREET LLC,4012 MAIN STREET LLC,QUEENS,40-12 MAIN STREET,11223,Alteration,2026-03-27T04:00:00.000Z,,,Q01187311-P4,
044868,4039 Double Property LLC,4039 Double Property LLC,4039 Double Property LLC,QUEENS,43-32 33 STREET,10001,Alteration,2026-04-09T04:00:00.000Z,,,Q01383920-I1,
043754,409 LAFAYETTE STREET ASSOCIATES LLC,409 LAFAYETTE STREET ASSOCIATES LLC,409 LAFAYETTE STREET ASSOCIATES LLC,MANHATTAN,411 LAFAYETTE STREET,10541,Alteration,2026-04-06T04:00:00.000Z,,,M01382601-I1,
071257,41 EAST 11TH STREET LLC,41 EAST 11TH STREET LLC,41 EAST 11TH STREET LLC,MANHATTAN,41 EAST   11 STREET,07090,Alteration,2026-04-08T04:00:00.000Z,,,M01346728-P1,
041189,"41 GREAT JONES HOLDING, LLC","41 GREAT JONES HOLDING, LLC","41 GREAT JONES HOLDING, LLC",STATEN ISLAND,85 BRICKTOWN WAY,63143,Alteration CO,2026-03-20T04:00:00.000Z,,,S01015761-P3,
100728,"410-22 Associates, L.L.C.","410-22 Associates, L.L.C.","410-22 Associates, L.L.C.",MANHATTAN,420 WEST   45 STREET,10038,New Building,2026-03-23T04:00:00.000Z,,,M01323220-S2,
068029,41W35ST LLC,41W35ST LLC,41W35ST LLC,MANHATTAN,23 WEST   35 STREET,11358,Alteration,2026-04-01T04:00:00.000Z,,,M00944601-P1,
087678,42 Monroe Place LLC,42 Monroe Place LLC,42 Monroe Place LLC,BROOKLYN,42 MONROE PLACE,11003,Alteration,2026-04-06T04:00:00.000Z,,,B01375123-I1,
077632,"425 PARK OWNER, LLC","425 PARK OWNER, LLC","425 PARK OWNER, LLC",MANHATTAN,425 PARK AVENUE,60606,Alteration,2026-03-20T04:00:00.000Z,,,M00539747-P1,
081677,426 Clermont Avenue LLC,426 Clermont Avenue LLC,426 Clermont Avenue LLC,BROOKLYN,426 CLERMONT AVENUE,10005,Alteration,2026-03-30T04:00:00.000Z,,,B01375794-S3,
086687,426 Clermont Avenue LLC,426 Clermont Avenue LLC,426 Clermont Avenue LLC,BROOKLYN,426 CLERMONT AVENUE,11235,Alteration,2026-03-27T04:00:00.000Z,,,B01375794-S2,
038870,426 Lewis LLC,426 Lewis LLC,426 Lewis LLC,BROOKLYN,426 LEWIS AVENUE,11226,Alteration CO,2026-03-29T04:00:00.000Z,,,B01378919-I1,
094174,429 E 12 LLC,429 E 12 LLC,429 E 12 LLC,BROOKLYN,419 STANHOPE STREET,11230,Alteration CO,2026-04-10T04:00:00.000Z,,,B00984394-P6,
099343,429 E 12 LLC,429 E 12 LLC,429 E 12 LLC,BROOKLYN,1516 GREENE AVENUE,11530,Alteration CO,2026-04-14T04:00:00.000Z,,,B01092146-P2,
098386,432 Hudson LLC,432 Hudson LLC,432 Hudson LLC,MANHATTAN,432 HUDSON STREET,10017,ALT-CO - New Building with Existing Elements to Remain,2026-03-24T04:00:00.000Z,,,M01347419-S3,
111774,436 EAST 86 STREET,436 EAST 86 STREET,436 EAST 86 STREET,MANHATTAN,130 EAST   18 STREET,07070,Alteration,2026-04-01T04:00:00.000Z,,,M01351993-P1,
104211,443 PARK AVE SOUTH LLC,443 PARK AVE SOUTH LLC,443 PARK AVE SOUTH LLC,MANHATTAN,443 PARK AVENUE SOUTH,11377,Alteration,2026-04-10T04:00:00.000Z,,,M01370872-S2,
035880,"444 Madison Avenue, LLC","444 Madison Avenue, LLC","444 Madison Avenue, LLC",MANHATTAN,444 MADISON AVENUE,10013,Alteration,2026-04-05T04:00:00.000Z,,,M01373003-I1,
092050,446 REALTY LP,446 REALTY LP,446 REALTY LP,MANHATTAN,450 WEST   49 STREET,10018,Alteration,2026-03-27T04:00:00.000Z,,,M01314951-I1,
034892,45-34 Realty Corp,45-34 Realty Corp,45-34 Realty Corp,MANHATTAN,45 EAST   34 STREET,07417,Alteration,2026-03-20T04:00:00.000Z,,,M01375334-I1,
090417,4511 193 ST LLC,4511 193 ST LLC,4511 193 ST LLC,QUEENS,53-57 63 STREET,11361,New Building,2026-03-19T04:00:00.000Z,,,Q01231264-S3,
073791,4519 WPR HOUSING DEV FUND,4519 WPR HOUSING DEV FUND,4519 WPR HOUSING DEV FUND,BROOKLYN,510 GATES AVENUE,11354,New Building,2026-03-24T04:00:00.000Z,,,B00596086-A6,
086301,4539 HOLDING LLC,4539 HOLDING LLC,4539 HOLDING LLC,QUEENS,45-39 GAR 171 PLACE,11354,Full Demolition,2026-04-01T04:00:00.000Z,,,Q01218125-P1,
040256,458 QUENTIN LLC,458 QUENTIN LLC,458 QUENTIN LLC,BROOKLYN,1565 EAST    3 STREET,11373,Alteration,2026-04-01T04:00:00.000Z,,,B01375680-I1,
090133,"46 TRINITY PLACE, LLC","46 TRINITY PLACE, LLC","46 TRINITY PLACE, LLC",MANHATTAN,46 TRINITY PLACE,12470,Alteration,2026-04-06T04:00:00.000Z,,,M01233121-I1,
058375,460,460,460,MANHATTAN,460 PARK AVENUE,10018,Alteration CO,2026-03-24T04:00:00.000Z,,,M01211696-P3,
090694,460,460,460,MANHATTAN,460 PARK AVENUE,10122,Alteration CO,2026-04-02T04:00:00.000Z,,,M01211696-P6,
101606,460,460,460,MANHATTAN,460 PARK AVENUE,07677,Alteration,2026-03-20T04:00:00.000Z,,,M01348695-I1,
096363,4612 QUEENS BLVD LLC,4612 QUEENS BLVD LLC,4612 QUEENS BLVD LLC,QUEENS,46-20 QUEENS BOULEVARD,10038,Alteration,2026-04-13T04:00:00.000Z,,,Q00942517-P5,
045075,462 AMSTERDAM LLC,462 AMSTERDAM LLC,462 AMSTERDAM LLC,MANHATTAN,462 AMSTERDAM AVENUE,11218,Alteration,2026-03-20T04:00:00.000Z,,,M01371382-I1,
034427,466 HENRY STREET LLC,466 HENRY STREET LLC,466 HENRY STREET LLC,BROOKLYN,466 HENRY STREET,11201,Alteration CO,2026-04-01T04:00:00.000Z,,,B01063150-P1,
060005,4717NEW LLC,4717NEW LLC,4717NEW LLC,BROOKLYN,4717 NEW UTRECHT AVENUE,10001,New Building,2026-04-01T04:00:00.000Z,,,B01312241-P1,
091828,4717NEW LLC,4717NEW LLC,4717NEW LLC,BROOKLYN,4717 NEW UTRECHT AVENUE,11229,Alteration,2026-04-06T04:00:00.000Z,,,B01325402-I1,
045621,475 477 Central Avenue LLC,475 477 Central Avenue LLC,475 477 Central Avenue LLC,BROOKLYN,477 CENTRAL AVENUE,08701,New Building,2026-04-13T04:00:00.000Z,,,B01156961-P4,
102362,477 Grandview LLC,477 Grandview LLC,477 Grandview LLC,QUEENS,477 GRANDVIEW AVENUE,11747,Alteration,2026-03-23T04:00:00.000Z,,,Q01275755-P1,
036862,"477 REALTY, LLC","477 REALTY, LLC","477 REALTY, LLC",MANHATTAN,477 BROADWAY,10013,Alteration,2026-04-08T04:00:00.000Z,,,M00927340-P3,
064829,"477 REALTY, LLC","477 REALTY, LLC","477 REALTY, LLC",MANHATTAN,477 BROADWAY,10018,Alteration,2026-04-08T04:00:00.000Z,,,M01360963-I1,
027722,4818 VAN DAM LLC,4818 VAN DAM LLC,4818 VAN DAM LLC,QUEENS,48-18 VAN DAM STREET,10004,Alteration,2026-03-27T04:00:00.000Z,JORGE JIRON,,Q01364688-I1,
073272,4818 VAN DAM LLC,4818 VAN DAM LLC,4818 VAN DAM LLC,QUEENS,48-18 VAN DAM STREET,10018,Alteration,2026-03-27T04:00:00.000Z,,,Q01364688-S1,
077907,487 6 Ave Owners Corp,487 6 Ave Owners Corp,487 6 Ave Owners Corp,BROOKLYN,487 6 AVENUE,06804,Alteration,2026-03-19T04:00:00.000Z,,,B01352546-I1,
100593,491 COURT LLC,491 COURT LLC,491 COURT LLC,BROOKLYN,445 HENRY STREET,11040,Alteration CO,2026-04-03T04:00:00.000Z,,,B01231274-P2,
101280,5 East 59th street holdings llc,5 East 59th street holdings llc,5 East 59th street holdings llc,MANHATTAN,5 EAST   59 STREET,11101,Alteration,2026-03-31T04:00:00.000Z,,,M01294349-I1,
095911,50 PINE STREET CONDOMINIUM,50 PINE STREET CONDOMINIUM,50 PINE STREET CONDOMINIUM,MANHATTAN,50 PINE STREET,11356,Alteration,2026-04-08T04:00:00.000Z,,,M01366839-I1,
091999,50 W 27TH STREET LLC,50 W 27TH STREET LLC,50 W 27TH STREET LLC,BROOKLYN,1901 AVENUE H,11580,Alteration,2026-04-02T04:00:00.000Z,,,B01368078-I1,
101129,500 4th Condominium,500 4th Condominium,500 4th Condominium,BROOKLYN,500 4 AVENUE,08844,Alteration,2026-04-01T04:00:00.000Z,,,B01245959-P2,
076561,504 EAST 12 STREET,504 EAST 12 STREET,504 EAST 12 STREET,MANHATTAN,285 LAFAYETTE STREET,08648,Alteration,2026-04-08T04:00:00.000Z,,,M01326469-P1,
085042,504 EAST 12 STREET,504 EAST 12 STREET,504 EAST 12 STREET,MANHATTAN,295 LAFAYETTE STREET,10119,Alteration,2026-03-24T04:00:00.000Z,,,M01336992-I1,
040544,5163180326,5163180326,5163180326,BROOKLYN,28 INGRAHAM STREET,22031,Alteration CO,2026-03-19T04:00:00.000Z,,,B01058238-P8,
060597,517 WEST 35TH LLC,517 WEST 35TH LLC,517 WEST 35TH LLC,MANHATTAN,514 WEST   36 STREET,37067,Alteration,2026-03-24T04:00:00.000Z,,,M01366711-I1,
083125,517 WEST 35TH LLC,517 WEST 35TH LLC,517 WEST 35TH LLC,MANHATTAN,514 WEST   36 STREET,10704,Alteration,2026-03-24T04:00:00.000Z,STEPHEN RYCHLICKI,,M01376269-I1,
087983,517 WEST 35TH LLC,517 WEST 35TH LLC,517 WEST 35TH LLC,MANHATTAN,514 WEST   36 STREET,07033,New Building,2026-03-25T04:00:00.000Z,,,M08018629-Z1,
104807,52 GREENE PARTNERS LP,52 GREENE PARTNERS LP,52 GREENE PARTNERS LP,MANHATTAN,52 GREENE STREET,07070,Alteration,2026-03-26T04:00:00.000Z,,,M01250264-P4,
060272,521 TREMONT OWNER LLC,521 TREMONT OWNER LLC,521 TREMONT OWNER LLC,BRONX,521 EAST TREMONT AVENUE,10606,New Building,2026-04-02T04:00:00.000Z,,,X00925959-P3,
083161,521 TREMONT OWNER LLC,521 TREMONT OWNER LLC,521 TREMONT OWNER LLC,BRONX,521 EAST TREMONT AVENUE,10019,New Building,2026-03-23T04:00:00.000Z,,,X00925959-P2,
101425,5250 LLC,5250 LLC,5250 LLC,BRONX,5204 ARLINGTON AVENUE,11742,New Building,2026-03-31T04:00:00.000Z,,,X01348967-S9,
088508,532 NEPTUNE AVENUE,532 NEPTUNE AVENUE,532 NEPTUNE AVENUE,BROOKLYN,2869 WEST    6 STREET,07302,Alteration,2026-04-09T04:00:00.000Z,,,B01381460-I1,
108976,"534 West 28th Street, LLC","534 West 28th Street, LLC","534 West 28th Street, LLC",MANHATTAN,533 WEST   27 STREET,11423,Alteration,2026-03-24T04:00:00.000Z,,,M01374635-I1,
071143,540 FULTON ASSOCIATES LLC,540 FULTON ASSOCIATES LLC,540 FULTON ASSOCIATES LLC,BROOKLYN,540 FULTON STREET,10036,Alteration,2026-04-09T04:00:00.000Z,,,B01344503-P1,
104468,541 MARCY AVENUE APARTMENTS LLC,541 MARCY AVENUE APARTMENTS LLC,541 MARCY AVENUE APARTMENTS LLC,BROOKLYN,490 VERMONT STREET,07080,Alteration,2026-04-07T04:00:00.000Z,,,B01384019-I1,
091151,5416 5TH AVE LLC,5416 5TH AVE LLC,5416 5TH AVE LLC,BROOKLYN,5416 5 AVENUE,11228,Alteration,2026-03-21T04:00:00.000Z,,,B01366646-S1,
065574,55,55,55,QUEENS,31-58 31 STREET,11361,New Building,2026-03-20T04:00:00.000Z,,,Q01254688-S6,
080394,5543-336 WEST 95TH STREET MANHATTAN,5543-336 WEST 95TH STREET MANHATTAN,5543-336 WEST 95TH STREET MANHATTAN,MANHATTAN,336 WEST   95 STREET,02210,Alteration,2026-04-07T04:00:00.000Z,,,M01077323-P1,
084224,5615 VAN CLEEF REAL ESTATE LLC,5615 VAN CLEEF REAL ESTATE LLC,5615 VAN CLEEF REAL ESTATE LLC,QUEENS,41-22 44 STREET,11365,Full Demolition,2026-03-31T04:00:00.000Z,,,Q01376009-S1,
035362,563 Brooklyn Ave LLC,563 Brooklyn Ave LLC,563 Brooklyn Ave LLC,BROOKLYN,563 BROOKLYN AVENUE,11235,New Building,2026-04-14T04:00:00.000Z,,,B01274077-S3,
024564,57 GROUP NY,57 GROUP NY,57 GROUP NY,MANHATTAN,163 WEST  122 STREET,11021,Alteration,2026-03-31T04:00:00.000Z,,,M01380457-I1,
045423,575 ASSOCIATES LLC,575 ASSOCIATES LLC,575 ASSOCIATES LLC,MANHATTAN,575 MADISON AVENUE,11576,Alteration,2026-03-26T04:00:00.000Z,,,M01375537-I1,
086301,5765 73RD PL LLC,5765 73RD PL LLC,5765 73RD PL LLC,QUEENS,57-66 74 STREET,11354,New Building,2026-03-28T04:00:00.000Z,,,Q01378461-I1,
085187,586 River LLC,586 River LLC,586 River LLC,BRONX,101 EAST 150 STREET,10001,New Building,2026-04-10T04:00:00.000Z,,,X00706080-B2,
071719,"59 MAIDEN LANE ASSOCIATES, LLC","59 MAIDEN LANE ASSOCIATES, LLC","59 MAIDEN LANE ASSOCIATES, LLC",MANHATTAN,59 MAIDEN LANE,11377,Alteration,2026-04-09T04:00:00.000Z,,,M01197531-P4,
088368,"59 MAIDEN LANE ASSOCIATES, LLC","59 MAIDEN LANE ASSOCIATES, LLC","59 MAIDEN LANE ASSOCIATES, LLC",BROOKLYN,120 NASSAU STREET,10038,Alteration,2026-04-13T04:00:00.000Z,,,B01385824-I1,
090372,"59 MAIDEN LANE ASSOCIATES, LLC","59 MAIDEN LANE ASSOCIATES, LLC","59 MAIDEN LANE ASSOCIATES, LLC",MANHATTAN,59 MAIDEN LANE,10038,Alteration,2026-04-10T04:00:00.000Z,,,M01149730-P7,
077462,5TH MIDTOWN LLC,5TH MIDTOWN LLC,5TH MIDTOWN LLC,MANHATTAN,1212 6 AVENUE,10016,Alteration CO,2026-03-26T04:00:00.000Z,,,M01341963-S2,
089399,5TH MIDTOWN LLC,5TH MIDTOWN LLC,5TH MIDTOWN LLC,MANHATTAN,1212 6 AVENUE,10005,Alteration CO,2026-03-25T04:00:00.000Z,,,M01341963-S5,
087878,60 Orchard Street LLC,60 Orchard Street LLC,60 Orchard Street LLC,MANHATTAN,27 GREAT JONES STREET,10002,Alteration,2026-03-24T04:00:00.000Z,,,M01201966-I1,
027073,605 E 9TH COMMUNITY HOLDINGS LLC,605 E 9TH COMMUNITY HOLDINGS LLC,605 E 9TH COMMUNITY HOLDINGS LLC,MANHATTAN,605 EAST    9 STREET,10271,Alteration,2026-04-03T04:00:00.000Z,VIKTORIYA CIRCEL,,M01305907-P1,
098153,625 MAD REALTY LLC,625 MAD REALTY LLC,625 MAD REALTY LLC,MANHATTAN,613 MADISON AVENUE,37067,Alteration,2026-03-26T04:00:00.000Z,,,M01374148-I1,
032042,6302 Realty inc,6302 Realty inc,6302 Realty inc,BROOKLYN,3709 CYPRESS AVENUE,11220,Alteration,2026-04-03T04:00:00.000Z,,,B00644483-P4,
099501,633 saratoga ave realty llc,633 saratoga ave realty llc,633 saratoga ave realty llc,BROOKLYN,633 SARATOGA AVENUE,11793,Alteration CO,2026-03-31T04:00:00.000Z,,,B01366229-S3,
107592,633 saratoga ave realty llc,633 saratoga ave realty llc,633 saratoga ave realty llc,BROOKLYN,633 SARATOGA AVENUE,10016,Alteration CO,2026-03-24T04:00:00.000Z,,,B01366229-S1,
059427,"64 Perry Street, LLC","64 Perry Street, LLC","64 Perry Street, LLC",MANHATTAN,118 WEST   12 STREET,06902,Alteration,2026-03-27T04:00:00.000Z,,,M01378708-S1,
105916,"64 Perry Street, LLC","64 Perry Street, LLC","64 Perry Street, LLC",MANHATTAN,118 WEST   12 STREET,10017,Alteration,2026-03-27T04:00:00.000Z,,,M01378708-S3,
099501,643 East LLC,643 East LLC,643 East LLC,BRONX,619 TAYLOR AVENUE,11793,New Building,2026-03-20T04:00:00.000Z,,,X01353256-S3,
016879,6462342551,6462342551,6462342551,BROOKLYN,381 HANCOCK STREET,11417,Alteration,2026-04-13T04:00:00.000Z,SALIH CHIOKE,,B01366924-S1,
063868,647-649 WASHINGTON LLC,647-649 WASHINGTON LLC,647-649 WASHINGTON LLC,STATEN ISLAND,64 ANNFIELD COURT,10018,Alteration,2026-04-01T04:00:00.000Z,,,S01377375-I1,
071083,647-649 WASHINGTON LLC,647-649 WASHINGTON LLC,647-649 WASHINGTON LLC,BROOKLYN,960 HALSEY STREET,10017,Alteration,2026-04-13T04:00:00.000Z,,,B01385294-I1,
034042,653 Grand Street LLC,653 Grand Street LLC,653 Grand Street LLC,BROOKLYN,653 GRAND STREET,11554,ALT-CO - New Building with Existing Elements to Remain,2026-03-23T04:00:00.000Z,,,B01325288-S8,
098181,653 Grand Street LLC,653 Grand Street LLC,653 Grand Street LLC,BROOKLYN,653 GRAND STREET,11576,ALT-CO - New Building with Existing Elements to Remain,2026-04-10T04:00:00.000Z,,,B01325288-S9,
044266,66-72 79TH ST INC.,66-72 79TH ST INC.,66-72 79TH ST INC.,QUEENS,66-82 79 STREET,10018,Alteration,2026-03-24T04:00:00.000Z,,,Q01045155-P2,
100728,665 NYA Owner LLC,665 NYA Owner LLC,665 NYA Owner LLC,BROOKLYN,665 NEW YORK AVENUE,10038,Alteration CO,2026-03-19T04:00:00.000Z,,,B00683860-P4,
079953,"67 Kent Ave, LLC","67 Kent Ave, LLC","67 Kent Ave, LLC",BROOKLYN,67 KENT AVENUE,11563,Alteration,2026-03-30T04:00:00.000Z,,,B01369737-I1,
041382,68 WEST 128TH STREET PARTNERS LLC,68 WEST 128TH STREET PARTNERS LLC,68 WEST 128TH STREET PARTNERS LLC,QUEENS,182-37 RADNOR ROAD,11375,Alteration,2026-03-31T04:00:00.000Z,,,Q01377782-I1,
099197,684 OWNERS CORP.,684 OWNERS CORP.,684 OWNERS CORP.,MANHATTAN,684 BROADWAY,11361,Alteration,2026-03-25T04:00:00.000Z,,,M01363318-S1,
090312,69-40 Austin Street Partner LLC Rec,69-40 Austin Street Partner LLC Rec,69-40 Austin Street Partner LLC Rec,QUEENS,69-30 AUSTIN STREET,10001,Alteration CO,2026-04-14T04:00:00.000Z,,,Q08008613-S6,
081343,6907 REALTY LLC,6907 REALTY LLC,6907 REALTY LLC,QUEENS,69-07 228 STREET,11365,ALT-CO - New Building with Existing Elements to Remain,2026-04-04T04:00:00.000Z,,,Q01220348-P1,
026028,6923 caldwell ave realty LLC,6923 caldwell ave realty LLC,6923 caldwell ave realty LLC,QUEENS,69-23 CALDWELL AVENUE,11362,New Building,2026-04-09T04:00:00.000Z,ANGELO LATEMPA,,Q01340249-S2,
017683,6961 JUNIPER BLVD SOUTH CORP.,6961 JUNIPER BLVD SOUTH CORP.,6961 JUNIPER BLVD SOUTH CORP.,QUEENS,69-57 JUNIPER BOULEVARD,10018,Alteration,2026-03-23T04:00:00.000Z,MICHAEL FALCI,,Q01202005-P3,
101606,7 HANOVER FEE OWNER CO LLC,7 HANOVER FEE OWNER CO LLC,7 HANOVER FEE OWNER CO LLC,MANHATTAN,212 BROADWAY,07677,Alteration CO,2026-04-01T04:00:00.000Z,,,M01084591-S5,
091045,7 residence llc,7 residence llc,7 residence llc,BROOKLYN,530 ST MARKS AVENUE,11101,New Building,2026-03-31T04:00:00.000Z,,,B01182303-P6,
097857,7 residence llc,7 residence llc,7 residence llc,BROOKLYN,245 BOND STREET,11374,ALT-CO - New Building with Existing Elements to Remain,2026-03-31T04:00:00.000Z,,,B01334820-S4,
053541,70 7 AVE LP,70 7 AVE LP,70 7 AVE LP,MANHATTAN,70 7 AVENUE,11201,Alteration,2026-04-08T04:00:00.000Z,,,M01382091-I1,
037330,"7001 QNS, LLC","7001 QNS, LLC","7001 QNS, LLC",BROOKLYN,143 AVENUE O,11725,Alteration CO,2026-04-01T04:00:00.000Z,,,B01381539-I1,
033343,71-14 Austin LLC,71-14 Austin LLC,71-14 Austin LLC,QUEENS,71-14 AUSTIN STREET,10309,Alteration,2026-03-20T04:00:00.000Z,,,Q01222149-P4,
044022,71-14 Austin LLC,71-14 Austin LLC,71-14 Austin LLC,QUEENS,71-14 AUSTIN STREET,11216,Alteration,2026-03-30T04:00:00.000Z,,,Q01298106-P3,
085737,71-14 Austin LLC,71-14 Austin LLC,71-14 Austin LLC,QUEENS,71-14 AUSTIN STREET,08648,Alteration,2026-03-30T04:00:00.000Z,,,Q01298106-P2,
014673,710 OWNERS CORPORATION,710 OWNERS CORPORATION,710 OWNERS CORPORATION,MANHATTAN,710 BROADWAY,10014,Alteration,2026-04-08T04:00:00.000Z,,,M01219546-S2,
098295,7173 ASSOCIATES LLC,7173 ASSOCIATES LLC,7173 ASSOCIATES LLC,MANHATTAN,1673 LEXINGTON AVENUE,11354,Alteration,2026-04-06T04:00:00.000Z,,,M01162759-P6,
071008,720 CONEYISLAND LLC,720 CONEYISLAND LLC,720 CONEYISLAND LLC,BROOKLYN,720 CONEY ISLAND AVENUE,11010,Alteration,2026-04-10T04:00:00.000Z,,,B00694372-P1,
094686,720 CONEYISLAND LLC,720 CONEYISLAND LLC,720 CONEYISLAND LLC,MANHATTAN,62 MOTT STREET,11363,Alteration,2026-03-25T04:00:00.000Z,,,M01374560-I1,
097665,73 AVE LLC,73 AVE LLC,73 AVE LLC,QUEENS,31-04 28 AVENUE,10469,Alteration,2026-03-19T04:00:00.000Z,,,Q01281828-S2,
098751,73 AVE LLC,73 AVE LLC,73 AVE LLC,BROOKLYN,903 EAST   93 STREET,11354,New Building,2026-03-30T04:00:00.000Z,,,B00656077-P5,
104614,73 AVE LLC,73 AVE LLC,73 AVE LLC,MANHATTAN,498 WEST  130 STREET,11354,Alteration,2026-03-25T04:00:00.000Z,,,M01343413-I1,
104143,732 55TH ST LLC,732 55TH ST LLC,732 55TH ST LLC,BROOKLYN,732 55 STREET,07039,ALT-CO - New Building with Existing Elements to Remain,2026-04-07T04:00:00.000Z,,,B01157352-P3,
052799,75 ATLANTIC INC,75 ATLANTIC INC,75 ATLANTIC INC,BROOKLYN,388 5 AVENUE,10001,Alteration,2026-03-24T04:00:00.000Z,,,B01372882-I1,
107087,7502 Realty Corp.,7502 Realty Corp.,7502 Realty Corp.,BROOKLYN,7502 18 AVENUE,11514,Alteration,2026-04-02T04:00:00.000Z,,,B01360476-I1,
026694,7617 3 REALTY,7617 3 REALTY,7617 3 REALTY,BROOKLYN,1833 78 STREET,11231,New Building,2026-03-31T04:00:00.000Z,EMOKE HAMZA,,B01374436-I1,
094110,768212466,768212466,768212466,QUEENS,258-05 83 AVENUE,10462,Alteration,2026-04-09T04:00:00.000Z,,,Q01384438-I1,
083189,782 46 MGT INC.,782 46 MGT INC.,782 46 MGT INC.,BROOKLYN,782 46 STREET,11354,ALT-CO - New Building with Existing Elements to Remain,2026-03-21T04:00:00.000Z,,,B00803738-P4,
083012,78SMP10003 LLC,78SMP10003 LLC,78SMP10003 LLC,MANHATTAN,80 ST MARKS PLACE,11366,Alteration,2026-04-07T04:00:00.000Z,CLINTON MILLER,,M01276318-P1,
094545,79 BELMONT AVE LLC,79 BELMONT AVE LLC,79 BELMONT AVE LLC,BROOKLYN,75 BELMONT AVENUE,11375,Alteration CO,2026-03-27T04:00:00.000Z,,,B00818928-P5,
047153,"7TH AND 23RD ASSOCIATES, L.P.","7TH AND 23RD ASSOCIATES, L.P.","7TH AND 23RD ASSOCIATES, L.P.",MANHATTAN,170 WEST   23 STREET,11354,Alteration,2026-03-30T04:00:00.000Z,,,M01372791-I1,
073548,8-10 GRAND AVENUE OWNER LLC,8-10 GRAND AVENUE OWNER LLC,8-10 GRAND AVENUE OWNER LLC,BROOKLYN,151 KENT AVENUE,10018,Alteration CO,2026-03-26T04:00:00.000Z,,,B01374289-S2,
031558,80 CPW APARTMENTS CORP,80 CPW APARTMENTS CORP,80 CPW APARTMENTS CORP,MANHATTAN,215 WEST   90 STREET,10001,Alteration,2026-04-13T04:00:00.000Z,,,M01380664-I1,
096555,807 PARK MANAGEMENT LLC,807 PARK MANAGEMENT LLC,807 PARK MANAGEMENT LLC,MANHATTAN,807 PARK AVENUE,10018,Alteration,2026-04-06T04:00:00.000Z,,,M01374457-I1,
104675,8084 Kent,8084 Kent,8084 Kent,QUEENS,80-84 KENT STREET,11366,Alteration,2026-03-25T04:00:00.000Z,,,Q01368293-I1,
033868,812 MANAGEMENT INC,812 MANAGEMENT INC,812 MANAGEMENT INC,BROOKLYN,1910 BENSON AVENUE,11220,New Building,2026-03-19T04:00:00.000Z,,,B00801555-P5,
048918,8172 LEFFERTS BLVD PROPERTIES LLC,8172 LEFFERTS BLVD PROPERTIES LLC,8172 LEFFERTS BLVD PROPERTIES LLC,QUEENS,81-74 LEFFERTS BOULEVARD,11368,Alteration,2026-03-23T04:00:00.000Z,,,Q01295415-S1,
104035,8203 3RD AVE PROPERTY LLC,8203 3RD AVE PROPERTY LLC,8203 3RD AVE PROPERTY LLC,MANHATTAN,244 8 AVENUE,07024,Alteration,2026-04-02T04:00:00.000Z,,,M01380435-I1,
037417,"823 HALSEY STREET,INC","823 HALSEY STREET,INC","823 HALSEY STREET,INC",BROOKLYN,823 HALSEY STREET,07055,Alteration,2026-03-30T04:00:00.000Z,,,B01373071-I1,
095159,826 59th Street Holding LLC,826 59th Street Holding LLC,826 59th Street Holding LLC,BROOKLYN,826 59 STREET,11208,New Building,2026-03-21T04:00:00.000Z,,,B01242539-S2,
064004,842 EDENVIEW LLC,842 EDENVIEW LLC,842 EDENVIEW LLC,MANHATTAN,842 6 AVENUE,10595,Alteration,2026-03-23T04:00:00.000Z,,,M01349049-P2,
033977,85 QUAY STREET LLC,85 QUAY STREET LLC,85 QUAY STREET LLC,MANHATTAN,249 EAST HOUSTON STREET,10013,Alteration,2026-03-31T04:00:00.000Z,,,M01294610-S2,
104414,"855 Morris Park, LLC","855 Morris Park, LLC","855 Morris Park, LLC",BROOKLYN,1158 49 STREET,11432,Alteration,2026-03-31T04:00:00.000Z,,,B01376469-S1,
040942,885 SECOND AVENUE LESSEE LLC,885 SECOND AVENUE LESSEE LLC,885 SECOND AVENUE LESSEE LLC,MANHATTAN,885 2 AVENUE,10123,Alteration,2026-03-27T04:00:00.000Z,,,M01375330-I1,
045101,885 SECOND AVENUE LESSEE LLC,885 SECOND AVENUE LESSEE LLC,885 SECOND AVENUE LESSEE LLC,MANHATTAN,885 2 AVENUE,10018,Alteration,2026-03-31T04:00:00.000Z,,,M00573758-P1,
066073,885 SECOND AVENUE LESSEE LLC,885 SECOND AVENUE LESSEE LLC,885 SECOND AVENUE LESSEE LLC,MANHATTAN,413 WEST   14 STREET,10018,Alteration,2026-03-26T04:00:00.000Z,,,M01147357-P2,
076707,885 SECOND AVENUE LESSEE LLC,885 SECOND AVENUE LESSEE LLC,885 SECOND AVENUE LESSEE LLC,MANHATTAN,412 WEST   15 STREET,19006,Alteration,2026-03-21T04:00:00.000Z,,,M01364288-I1,
082331,885 SECOND AVENUE LESSEE LLC,885 SECOND AVENUE LESSEE LLC,885 SECOND AVENUE LESSEE LLC,MANHATTAN,885 2 AVENUE,10017,Alteration,2026-04-14T04:00:00.000Z,,,M01063903-P1,
082894,885 SECOND AVENUE LESSEE LLC,885 SECOND AVENUE LESSEE LLC,885 SECOND AVENUE LESSEE LLC,MANHATTAN,421 WEST   14 STREET,10016,Alteration,2026-03-31T04:00:00.000Z,,,M01285623-S1,
087714,885 SECOND AVENUE LESSEE LLC,885 SECOND AVENUE LESSEE LLC,885 SECOND AVENUE LESSEE LLC,MANHATTAN,885 2 AVENUE,10562,Alteration,2026-03-31T04:00:00.000Z,,,M01175054-S4,
094452,887 Manor rd LLC,887 Manor rd LLC,887 Manor rd LLC,STATEN ISLAND,887 MANOR ROAD,11374,Alteration,2026-03-23T04:00:00.000Z,,,S01373063-I1,
033024,89 2ND PLACE LLC,89 2ND PLACE LLC,89 2ND PLACE LLC,MANHATTAN,116 EAST   82 STREET,11101,Alteration CO,2026-04-04T04:00:00.000Z,,,M01373124-I1,
099650,8TH AVE NY GROUP INC,8TH AVE NY GROUP INC,8TH AVE NY GROUP INC,BROOKLYN,439 57 STREET,11220,Alteration,2026-03-23T04:00:00.000Z,,,B01373485-I1,
042839,902 ASSOCIATES,902 ASSOCIATES,902 ASSOCIATES,MANHATTAN,902 BROADWAY,11214,Alteration,2026-03-27T04:00:00.000Z,,,M01342286-I1,
065961,902 QUENTIN RD. LLC,902 QUENTIN RD. LLC,902 QUENTIN RD. LLC,QUEENS,242-22 61 AVENUE,11577,New Building,2026-03-25T04:00:00.000Z,,,Q00643563-S6,
091045,910 east 167 LLC,910 east 167 LLC,910 east 167 LLC,BRONX,910 EAST  167 STREET,11101,ALT-CO - New Building with Existing Elements to Remain,2026-03-19T04:00:00.000Z,,,X01174149-P5,
074354,911 OGDEN LLC,911 OGDEN LLC,911 OGDEN LLC,BRONX,911 OGDEN AVENUE,07036,New Building,2026-04-14T04:00:00.000Z,,,X01147288-P9,
082390,911 OGDEN LLC,911 OGDEN LLC,911 OGDEN LLC,BRONX,911 OGDEN AVENUE,10002,New Building,2026-03-29T04:00:00.000Z,,,X01147288-P8,
035362,92 PPSW LLC,92 PPSW LLC,92 PPSW LLC,BROOKLYN,92 PROSPECT PARK SOUTHWEST,11235,New Building,2026-04-02T04:00:00.000Z,,,B01010464-P1,
075541,92 PPSW LLC,92 PPSW LLC,92 PPSW LLC,BROOKLYN,92 PROSPECT PARK SOUTHWEST,11570,Alteration,2026-03-23T04:00:00.000Z,,,B01292998-P1,
095887,920 Lorimer LLC,920 Lorimer LLC,920 Lorimer LLC,BROOKLYN,920 LORIMER STREET,10550,Alteration CO,2026-04-10T04:00:00.000Z,,,B01309053-S2,
090439,92ND STREET Y,92ND STREET Y,92ND STREET Y,MANHATTAN,1395 LEXINGTON AVENUE,10016,Alteration,2026-04-01T04:00:00.000Z,,,M01130126-S6,
032529,950 SECOND AVE LLC,950 SECOND AVE LLC,950 SECOND AVE LLC,MANHATTAN,101 WEST   92 STREET,10001,Alteration,2026-03-27T04:00:00.000Z,,,M01375870-I1,
090097,950 SECOND AVE LLC,950 SECOND AVE LLC,950 SECOND AVE LLC,MANHATTAN,101 WEST   92 STREET,10803,Alteration,2026-03-27T04:00:00.000Z,,,M01375870-S1,
102420,9612 LIBERTY CORP,9612 LIBERTY CORP,9612 LIBERTY CORP,QUEENS,177-02 JAMAICA AVENUE,11354,Alteration,2026-04-14T04:00:00.000Z,,,Q01160746-P4,
063244,980 Madison Avenue Holdings LLC,980 Madison Avenue Holdings LLC,980 Madison Avenue Holdings LLC,MANHATTAN,980 MADISON AVENUE,10010,Alteration,2026-03-24T04:00:00.000Z,,,M01060583-A3,
103027,A & D GENERAL CONTRACTORS INC,A & D GENERAL CONTRACTORS INC,A & D GENERAL CONTRACTORS INC,BROOKLYN,170 CLERMONT AVENUE,14206,Alteration,2026-04-13T04:00:00.000Z,,,B01385861-I1,
016493,A Contracting Inc,A Contracting Inc,A Contracting Inc,BRONX,3026 BRONX PARK EAST,11373,Alteration CO,2026-04-02T04:00:00.000Z,EDWARD MILBY,,X01204924-P3,
100665,A-C Realty Associates & Sons LLC,A-C Realty Associates & Sons LLC,A-C Realty Associates & Sons LLC,BROOKLYN,278 LEFFERTS AVENUE,10011,Alteration,2026-03-29T04:00:00.000Z,,,B01316494-S3,
082390,A. RUTH & SONS,A. RUTH & SONS,A. RUTH & SONS,MANHATTAN,344 WEST   14 STREET,10002,Alteration,2026-04-08T04:00:00.000Z,,,M01306283-P1,
097591,A. RUTH & SONS,A. RUTH & SONS,A. RUTH & SONS,MANHATTAN,102 MADISON AVENUE,10010,Alteration,2026-03-23T04:00:00.000Z,,,M01218630-S2,
014258,A&M REAL ESTATE CONSTRUCTION LLC,A&M REAL ESTATE CONSTRUCTION LLC,A&M REAL ESTATE CONSTRUCTION LLC,STATEN ISLAND,22 HOPE AVENUE,10306,New Building,2026-04-07T04:00:00.000Z,,,S01078507-S6,
094686,A+ CHOICE CONSTRUCTION INC.,A+ CHOICE CONSTRUCTION INC.,A+ CHOICE CONSTRUCTION INC.,BROOKLYN,58 BROOKLYN AVENUE,11363,New Building,2026-04-14T04:00:00.000Z,,,B00909931-A3,
109519,A+ CHOICE CONSTRUCTION INC.,A+ CHOICE CONSTRUCTION INC.,A+ CHOICE CONSTRUCTION INC.,BROOKLYN,180 INDIA STREET,11577,Alteration,2026-03-21T04:00:00.000Z,,,B01185877-P2,
098751,A6 REALTY LLC,A6 REALTY LLC,A6 REALTY LLC,QUEENS,87-33 168 PLACE,11354,New Building,2026-03-25T04:00:00.000Z,,,Q01346025-I1,
015015,AAA MANAGEMENT CORP,AAA MANAGEMENT CORP,AAA MANAGEMENT CORP,BRONX,555 MORRIS AVENUE,10036,Alteration,2026-04-14T04:00:00.000Z,,,X01369402-I1,
102116,AAU FIFTH AVENUE REALTY LLC,AAU FIFTH AVENUE REALTY LLC,AAU FIFTH AVENUE REALTY LLC,STATEN ISLAND,752 TARGEE STREET,06511,Alteration,2026-04-07T04:00:00.000Z,,,S01366922-P1,
063244,AB 40TH STREET LLC,AB 40TH STREET LLC,AB 40TH STREET LLC,MANHATTAN,8 WEST   40 STREET,10010,Alteration,2026-04-14T04:00:00.000Z,,,M01385759-I1,
082106,AB 40TH STREET LLC,AB 40TH STREET LLC,AB 40TH STREET LLC,MANHATTAN,8 WEST   40 STREET,10036,Alteration,2026-04-08T04:00:00.000Z,,,M01375868-I1,
094586,AB 40TH STREET LLC,AB 40TH STREET LLC,AB 40TH STREET LLC,MANHATTAN,8 WEST   40 STREET,10036,Alteration,2026-03-26T04:00:00.000Z,,,M01375242-I1,
102329,AB EXES Corp,AB EXES Corp,AB EXES Corp,BRONX,854 SOUTHERN BOULEVARD,11418,Alteration,2026-04-01T04:00:00.000Z,,,X01373675-I1,
089068,AB+R CONSTRUCTION CORPORATION,AB+R CONSTRUCTION CORPORATION,AB+R CONSTRUCTION CORPORATION,BROOKLYN,1456 BEDFORD AVENUE,11415,New Building,2026-04-03T04:00:00.000Z,,,B01236312-P3,
089538,ABE POSNER,ABE POSNER,ABE POSNER,BRONX,1432 VYSE AVENUE,11354,Alteration,2026-03-25T04:00:00.000Z,,,X01194449-P1,
107592,ABINGTON PROPERTIES,ABINGTON PROPERTIES,ABINGTON PROPERTIES,MANHATTAN,121 READE STREET,10016,Alteration,2026-04-10T04:00:00.000Z,,,M01377162-I1,
067088,ABM OWNER LLC,ABM OWNER LLC,ABM OWNER LLC,MANHATTAN,1970 AMSTERDAM AVENUE,07009,Alteration,2026-03-25T04:00:00.000Z,,,M00488978-P5,
077896,ABNER PROPERTIES COMPANY,ABNER PROPERTIES COMPANY,ABNER PROPERTIES COMPANY,MANHATTAN,39 WEST   19 STREET,11375,Alteration,2026-04-03T04:00:00.000Z,,,M01360524-S1,
014980,Above Services LLC,Above Services LLC,Above Services LLC,MANHATTAN,211 COLUMBUS AVENUE,10036,Alteration,2026-04-07T04:00:00.000Z,GEORGE MULLER,,M01358648-I1,
058375,Above Services LLC,Above Services LLC,Above Services LLC,MANHATTAN,211 COLUMBUS AVENUE,10018,Alteration,2026-04-09T04:00:00.000Z,,,M01373543-I1,
084716,Above Services LLC,Above Services LLC,Above Services LLC,MANHATTAN,211 COLUMBUS AVENUE,10007,Alteration,2026-04-08T04:00:00.000Z,,,M01359571-I1,
090097,Above Services LLC,Above Services LLC,Above Services LLC,MANHATTAN,211 COLUMBUS AVENUE,10803,Alteration,2026-04-13T04:00:00.000Z,,,M01359577-I1,
048918,"ABS PARTNERS REAL ESTATE, LLC","ABS PARTNERS REAL ESTATE, LLC","ABS PARTNERS REAL ESTATE, LLC",BROOKLYN,386 KNICKERBOCKER AVENUE,11368,Alteration,2026-03-30T04:00:00.000Z,,,B01301902-I1,
084072,"ABS PARTNERS REAL ESTATE, LLC","ABS PARTNERS REAL ESTATE, LLC","ABS PARTNERS REAL ESTATE, LLC",BROOKLYN,7812 FLATLANDS AVENUE,11356,Alteration,2026-04-03T04:00:00.000Z,,,B01084717-S2,
085526,"ABS PARTNERS REAL ESTATE, LLC","ABS PARTNERS REAL ESTATE, LLC","ABS PARTNERS REAL ESTATE, LLC",QUEENS,212-20 NORTHERN BOULEVARD,10018,Alteration,2026-04-02T04:00:00.000Z,,,Q01373981-S2,
091523,"ABS PARTNERS REAL ESTATE, LLC","ABS PARTNERS REAL ESTATE, LLC","ABS PARTNERS REAL ESTATE, LLC",QUEENS,212-20 NORTHERN BOULEVARD,10018,Alteration,2026-04-02T04:00:00.000Z,,,Q01373981-S3,
098022,Acacia Network,Acacia Network,Acacia Network,BRONX,533 EAST  142 STREET,10001,Alteration,2026-03-27T04:00:00.000Z,,,X01376717-S2,
090067,Accelerate,Accelerate,Accelerate,BROOKLYN,9201 5 AVENUE,10165,Alteration,2026-03-20T04:00:00.000Z,,,B01348570-S3,
084072,ACCRETE CONSTRUCTION GROUP,ACCRETE CONSTRUCTION GROUP,ACCRETE CONSTRUCTION GROUP,BRONX,2030 MORRIS AVENUE,11356,Alteration,2026-04-14T04:00:00.000Z,,,X00280738-P2,
100593,ACCRETE CONSTRUCTION GROUP,ACCRETE CONSTRUCTION GROUP,ACCRETE CONSTRUCTION GROUP,BROOKLYN,235 SACKETT STREET,11040,Alteration CO,2026-04-02T04:00:00.000Z,,,B01132987-P3,
100821,ACHS MANAGEMENT CORP,ACHS MANAGEMENT CORP,ACHS MANAGEMENT CORP,QUEENS,89-08 JAMAICA AVENUE,07621,Alteration,2026-03-27T04:00:00.000Z,,,Q01166808-P1,
096214,ACHS MANAGMENT,ACHS MANAGMENT,ACHS MANAGMENT,STATEN ISLAND,1777 SOUTH AVENUE,10018,Alteration,2026-03-25T04:00:00.000Z,,,S01160577-P1,
111734,ACHS MANAGMENT,ACHS MANAGMENT,ACHS MANAGMENT,QUEENS,31-04 DITMARS BOULEVARD,08876,Alteration,2026-04-07T04:00:00.000Z,,,Q01367540-S1,
098153,ACI VI CLARKSON LLC,ACI VI CLARKSON LLC,ACI VI CLARKSON LLC,MANHATTAN,80 CLARKSON STREET,37067,Alteration,2026-03-20T04:00:00.000Z,,,M01373032-I1,
106187,ACI VI CLARKSON LLC,ACI VI CLARKSON LLC,ACI VI CLARKSON LLC,MANHATTAN,80 CLARKSON STREET,10003,New Building,2026-04-01T04:00:00.000Z,,,M08015986-B1,
031882,ACM,ACM,ACM,QUEENS,182-69 WEXFORD TERRACE,11713,Alteration,2026-03-27T04:00:00.000Z,,,Q01306644-S1,
042014,ACME BEST CORP,ACME BEST CORP,ACME BEST CORP,QUEENS,91-16 193 STREET,11040,Full Demolition,2026-03-26T04:00:00.000Z,,,Q01378848-I1,
055343,ACMH inc,ACMH inc,ACMH inc,MANHATTAN,44 CONVENT AVENUE,07087,Alteration,2026-03-24T04:00:00.000Z,,,M01313015-S2,
060272,ACMH inc,ACMH inc,ACMH inc,QUEENS,179-11 JAMAICA AVENUE,10606,New Building,2026-03-27T04:00:00.000Z,,,Q01376570-S1,
070045,ACMH inc,ACMH inc,ACMH inc,QUEENS,179-11 JAMAICA AVENUE,10001,New Building,2026-03-26T04:00:00.000Z,,,Q01376570-S4,
071719,ACMH INC.,ACMH INC.,ACMH INC.,BRONX,1760 JEROME AVENUE,11377,Alteration,2026-04-03T04:00:00.000Z,,,X01147307-A2,
073158,ACMH INC.,ACMH INC.,ACMH INC.,BRONX,1760 JEROME AVENUE,10018,New Building,2026-04-02T04:00:00.000Z,,,X00968343-A1,
101129,ACMH INC.,ACMH INC.,ACMH INC.,BRONX,1760 JEROME AVENUE,08844,Alteration,2026-04-07T04:00:00.000Z,,,X01383739-I1,
065346,"ACQUAVELLA GALLERIES, INC.","ACQUAVELLA GALLERIES, INC.","ACQUAVELLA GALLERIES, INC.",MANHATTAN,18 EAST   79 STREET,10001,Alteration,2026-04-01T04:00:00.000Z,,,M01374512-S1,
074213,"ACQUAVELLA GALLERIES, INC.","ACQUAVELLA GALLERIES, INC.","ACQUAVELLA GALLERIES, INC.",MANHATTAN,18 EAST   79 STREET,10960,Alteration,2026-04-01T04:00:00.000Z,,,M01374512-S2,
096568,ACQUISITION PROPERTIES OF NY LLC,ACQUISITION PROPERTIES OF NY LLC,ACQUISITION PROPERTIES OF NY LLC,QUEENS,259-31 148 AVENUE,11361,ALT-CO - New Building with Existing Elements to Remain,2026-04-07T04:00:00.000Z,,,Q00964019-P3,
088589,"ACSRX Pharma, Inc.","ACSRX Pharma, Inc.","ACSRX Pharma, Inc.",MANHATTAN,410 WEST  207 STREET,07652,Alteration,2026-04-07T04:00:00.000Z,,,M01369321-I1,
042848,ACUSPI NO.1 LTD,ACUSPI NO.1 LTD,ACUSPI NO.1 LTD,MANHATTAN,11 EAST   69 STREET,10038,Alteration,2026-03-30T04:00:00.000Z,,,M00985895-P5,
069888,ACUSPI NO.1 LTD,ACUSPI NO.1 LTD,ACUSPI NO.1 LTD,MANHATTAN,11 EAST   69 STREET,10005,Alteration,2026-04-14T04:00:00.000Z,,,M01114279-P2,
073548,ADELLCO MANAGEMENT LLC,ADELLCO MANAGEMENT LLC,ADELLCO MANAGEMENT LLC,MANHATTAN,114 EAST   25 STREET,10018,Alteration CO,2026-03-20T04:00:00.000Z,,,M01089547-P7,
082265,ADELLCO MANAGEMENT LLC,ADELLCO MANAGEMENT LLC,ADELLCO MANAGEMENT LLC,MANHATTAN,114 EAST   25 STREET,10016,Alteration,2026-03-24T04:00:00.000Z,,,M01068597-P1,
071719,"AEGIS ASSET MANAGEMENT, LLC","AEGIS ASSET MANAGEMENT, LLC","AEGIS ASSET MANAGEMENT, LLC",MANHATTAN,2 WALL STREET,11377,Alteration,2026-03-25T04:00:00.000Z,,,M01203409-P3,
062837,AFRO LATIN JAZZ ALLIANCE,AFRO LATIN JAZZ ALLIANCE,AFRO LATIN JAZZ ALLIANCE,MANHATTAN,105 EAST  118 STREET,10005,Alteration,2026-03-26T04:00:00.000Z,,,M01309696-S4,
073272,AFRO LATIN JAZZ ALLIANCE,AFRO LATIN JAZZ ALLIANCE,AFRO LATIN JAZZ ALLIANCE,MANHATTAN,105 EAST  118 STREET,10018,Alteration,2026-03-26T04:00:00.000Z,,,M01309696-S1,
099501,AFS SYSTEMS INC,AFS SYSTEMS INC,AFS SYSTEMS INC,BROOKLYN,622 OCEAN AVENUE,11793,New Building,2026-04-14T04:00:00.000Z,,,B01352714-S8,
109251,AFS SYSTEMS INC,AFS SYSTEMS INC,AFS SYSTEMS INC,BROOKLYN,622 OCEAN AVENUE,11374,New Building,2026-03-30T04:00:00.000Z,,,B01352714-S5,
102862,AIDA LLC,AIDA LLC,AIDA LLC,BRONX,4572 MANHATTAN COLLEGE PARKWAY,11374,New Building,2026-04-01T04:00:00.000Z,,,X01357937-S3,
087622,Aire Ancient Baths,Aire Ancient Baths,Aire Ancient Baths,MANHATTAN,88 FRANKLIN STREET,10461,Alteration,2026-04-07T04:00:00.000Z,,,M01373698-I1,
017773,AJ CLARKE REAL ESTATE CORP,AJ CLARKE REAL ESTATE CORP,AJ CLARKE REAL ESTATE CORP,MANHATTAN,310 WEST   72 STREET,10025,Alteration,2026-03-23T04:00:00.000Z,,,M01319673-S3,
065557,AJ CLARKE REAL ESTATE CORP,AJ CLARKE REAL ESTATE CORP,AJ CLARKE REAL ESTATE CORP,MANHATTAN,310 WEST   72 STREET,10036,Alteration,2026-03-25T04:00:00.000Z,,,M01319673-S2,
090357,AK & Sons Restoration Corp,AK & Sons Restoration Corp,AK & Sons Restoration Corp,BROOKLYN,481 VAN BUREN STREET,11040,Alteration,2026-03-19T04:00:00.000Z,,,B01373759-I1,
090954,AKA Nomad Hotel,AKA Nomad Hotel,AKA Nomad Hotel,MANHATTAN,330 EAST   56 STREET,11423,Alteration,2026-03-26T04:00:00.000Z,,,M01378984-I1,
014327,"AKAM ASSOCIATES, INC.","AKAM ASSOCIATES, INC.","AKAM ASSOCIATES, INC.",MANHATTAN,320 EAST   42 STREET,10018,Alteration,2026-03-23T04:00:00.000Z,,,M00802096-P1,
018459,"AKAM ASSOCIATES, INC.","AKAM ASSOCIATES, INC.","AKAM ASSOCIATES, INC.",MANHATTAN,140 WEST END AVENUE,10023,Alteration,2026-04-14T04:00:00.000Z,ROBERT BENZE,,M01380476-I1,
023320,"AKAM ASSOCIATES, INC.","AKAM ASSOCIATES, INC.","AKAM ASSOCIATES, INC.",MANHATTAN,230 CENTRAL PARK WEST,10010,Alteration,2026-04-09T04:00:00.000Z,,,M01367148-I1,
027807,"AKAM ASSOCIATES, INC.","AKAM ASSOCIATES, INC.","AKAM ASSOCIATES, INC.",MANHATTAN,176 BROADWAY,10038,Alteration,2026-03-29T04:00:00.000Z,TOMASZ KOLANO,,M01268930-I1,
028770,"AKAM ASSOCIATES, INC.","AKAM ASSOCIATES, INC.","AKAM ASSOCIATES, INC.",MANHATTAN,1120 FIFTH AVENUE,10701,Alteration,2026-03-27T04:00:00.000Z,JOHN BYRNE,,M01361643-I1,
033751,"AKAM ASSOCIATES, INC.","AKAM ASSOCIATES, INC.","AKAM ASSOCIATES, INC.",MANHATTAN,15 BROAD STREET,10031,Alteration,2026-03-27T04:00:00.000Z,,,M01222796-P2,
034045,"AKAM ASSOCIATES, INC.","AKAM ASSOCIATES, INC.","AKAM ASSOCIATES, INC.",BROOKLYN,85 LIVINGSTON STREET,10001,Alteration,2026-03-30T04:00:00.000Z,,,B01376608-S1,
035198,"AKAM ASSOCIATES, INC.","AKAM ASSOCIATES, INC.","AKAM ASSOCIATES, INC.",MANHATTAN,500 EAST   83 STREET,10018,Alteration,2026-03-25T04:00:00.000Z,,,M01165435-P3,
036904,"AKAM ASSOCIATES, INC.","AKAM ASSOCIATES, INC.","AKAM ASSOCIATES, INC.",MANHATTAN,142 WEST END AVENUE,10994-281,Alteration,2026-04-11T04:00:00.000Z,,,M01381353-I1,
037417,"AKAM ASSOCIATES, INC.","AKAM ASSOCIATES, INC.","AKAM ASSOCIATES, INC.",BROOKLYN,175 ADAMS STREET,07055,Alteration,2026-03-31T04:00:00.000Z,,,B01379039-I1,
038964,"AKAM ASSOCIATES, INC.","AKAM ASSOCIATES, INC.","AKAM ASSOCIATES, INC.",MANHATTAN,29 EAST   22 STREET,10018,Alteration,2026-04-03T04:00:00.000Z,,,M00274852-P1,
041513,"AKAM ASSOCIATES, INC.","AKAM ASSOCIATES, INC.","AKAM ASSOCIATES, INC.",MANHATTAN,112 WEST   72 STREET,11228,Alteration,2026-04-07T04:00:00.000Z,,,M01225260-P2,
044434,"AKAM ASSOCIATES, INC.","AKAM ASSOCIATES, INC.","AKAM ASSOCIATES, INC.",MANHATTAN,180 WEST END AVENUE,10036,Alteration,2026-04-02T04:00:00.000Z,,,M01376455-I1,
046877,"AKAM ASSOCIATES, INC.","AKAM ASSOCIATES, INC.","AKAM ASSOCIATES, INC.",BRONX,629 KAPPOCK STREET,10001,Alteration,2026-04-02T04:00:00.000Z,,,X01302495-I1,
070906,"AKAM ASSOCIATES, INC.","AKAM ASSOCIATES, INC.","AKAM ASSOCIATES, INC.",MANHATTAN,324 PEARL STREET,06905,Alteration,2026-03-23T04:00:00.000Z,,,M01266907-I1,
071719,"AKAM ASSOCIATES, INC.","AKAM ASSOCIATES, INC.","AKAM ASSOCIATES, INC.",MANHATTAN,16 WEST   16 STREET,11377,Alteration,2026-03-31T04:00:00.000Z,,,M01219916-P1,
076213,"AKAM ASSOCIATES, INC.","AKAM ASSOCIATES, INC.","AKAM ASSOCIATES, INC.",BROOKLYN,970 KENT AVENUE,11572,Alteration,2026-04-03T04:00:00.000Z,,,B01372764-I1,
084634,"AKAM ASSOCIATES, INC.","AKAM ASSOCIATES, INC.","AKAM ASSOCIATES, INC.",MANHATTAN,102 BRADHURST AVENUE,10018,Alteration,2026-03-25T04:00:00.000Z,,,M00646499-P5,
086693,"AKAM ASSOCIATES, INC.","AKAM ASSOCIATES, INC.","AKAM ASSOCIATES, INC.",MANHATTAN,62 WEST   45 STREET,10005,Alteration,2026-04-09T04:00:00.000Z,,,M01383733-I1,
088689,"AKAM ASSOCIATES, INC.","AKAM ASSOCIATES, INC.","AKAM ASSOCIATES, INC.",QUEENS,43-46 39 PLACE,11427,Alteration,2026-04-08T04:00:00.000Z,,,Q01380870-I1,
089525,"AKAM ASSOCIATES, INC.","AKAM ASSOCIATES, INC.","AKAM ASSOCIATES, INC.",MANHATTAN,530 EAST   76 STREET,11379,Alteration,2026-04-03T04:00:00.000Z,,,M01366674-S1,
090287,"AKAM ASSOCIATES, INC.","AKAM ASSOCIATES, INC.","AKAM ASSOCIATES, INC.",MANHATTAN,1120 FIFTH AVENUE,11101,Alteration,2026-03-20T04:00:00.000Z,,,M01370100-I1,
090372,"AKAM ASSOCIATES, INC.","AKAM ASSOCIATES, INC.","AKAM ASSOCIATES, INC.",MANHATTAN,10 WEST END AVENUE,10038,Alteration,2026-03-20T04:00:00.000Z,,,M00885205-P1,
096555,"AKAM ASSOCIATES, INC.","AKAM ASSOCIATES, INC.","AKAM ASSOCIATES, INC.",MANHATTAN,10 WEST END AVENUE,10018,Alteration,2026-04-07T04:00:00.000Z,,,M01369986-I1,
096997,"AKAM ASSOCIATES, INC.","AKAM ASSOCIATES, INC.","AKAM ASSOCIATES, INC.",MANHATTAN,176 BROADWAY,10017,Alteration,2026-03-30T04:00:00.000Z,,,M01268930-S1,
100790,"AKAM ASSOCIATES, INC.","AKAM ASSOCIATES, INC.","AKAM ASSOCIATES, INC.",BRONX,629 KAPPOCK STREET,10007,Alteration,2026-04-08T04:00:00.000Z,,,X01360298-I1,
101129,"AKAM ASSOCIATES, INC.","AKAM ASSOCIATES, INC.","AKAM ASSOCIATES, INC.",MANHATTAN,15 WEST   15 STREET,08844,Alteration,2026-04-13T04:00:00.000Z,,,M01236826-P2,
107804,"AKAM ASSOCIATES, INC.","AKAM ASSOCIATES, INC.","AKAM ASSOCIATES, INC.",BROOKLYN,187 HICKS STREET,07081,Alteration,2026-04-10T04:00:00.000Z,,,B01313104-S2,
100790,Akelius Real Estate,Akelius Real Estate,Akelius Real Estate,BROOKLYN,415 WASHINGTON AVENUE,10007,Alteration,2026-03-25T04:00:00.000Z,,,B01369995-I1,
035482,"ALBERT KRULL, ARCHITECT, AIA","ALBERT KRULL, ARCHITECT, AIA","ALBERT KRULL, ARCHITECT, AIA",STATEN ISLAND,2546 HYLAN BOULEVARD,44333,Alteration CO,2026-04-01T04:00:00.000Z,,,S01168006-P1,
078396,"ALBERT KRULL, ARCHITECT, AIA","ALBERT KRULL, ARCHITECT, AIA","ALBERT KRULL, ARCHITECT, AIA",STATEN ISLAND,2546 HYLAN BOULEVARD,07646,Alteration,2026-03-23T04:00:00.000Z,,,S01368076-I1,
107812,"ALBERT KRULL, ARCHITECT, AIA","ALBERT KRULL, ARCHITECT, AIA","ALBERT KRULL, ARCHITECT, AIA",STATEN ISLAND,2546 HYLAN BOULEVARD,44304,Alteration,2026-04-01T04:00:00.000Z,,,S01127692-P1,
097512,Alef Realty,Alef Realty,Alef Realty,MANHATTAN,4500 BROADWAY,07675,Alteration,2026-04-07T04:00:00.000Z,,,M01259951-I1,
071719,ALF NAMAN DEVELOPMENT,ALF NAMAN DEVELOPMENT,ALF NAMAN DEVELOPMENT,MANHATTAN,125 PERRY STREET,11377,Alteration,2026-04-03T04:00:00.000Z,,,M01111183-S8,
107579,ALICE KULICK I LLC,ALICE KULICK I LLC,ALICE KULICK I LLC,BRONX,11 EAST MOSHOLU PARKWAY NORTH,11373,Alteration,2026-03-20T04:00:00.000Z,,,X01372429-I1,
080959,All Angels' Episcopal Church,All Angels' Episcopal Church,All Angels' Episcopal Church,MANHATTAN,251 WEST   80 STREET,10604,Alteration,2026-03-26T04:00:00.000Z,,,M01206062-S1,
088368,ALL AREA REALTY SERVICES INC.,ALL AREA REALTY SERVICES INC.,ALL AREA REALTY SERVICES INC.,MANHATTAN,127 EAST   30 STREET,10038,Alteration,2026-04-13T04:00:00.000Z,,,M01365975-I1,
091999,ALL CITY EXPEDITING INC,ALL CITY EXPEDITING INC,ALL CITY EXPEDITING INC,BRONX,2427 WEBSTER AVENUE,11580,Alteration,2026-04-11T04:00:00.000Z,,,X01380118-I1,
104414,ALL CITY EXPEDITING INC,ALL CITY EXPEDITING INC,ALL CITY EXPEDITING INC,BRONX,520 TINTON AVENUE,11432,Alteration,2026-03-31T04:00:00.000Z,,,X01380099-I1,
108063,ALL CITY EXPEDITING INC,ALL CITY EXPEDITING INC,ALL CITY EXPEDITING INC,BRONX,2427 WEBSTER AVENUE,07060,Alteration,2026-04-05T04:00:00.000Z,,,X01382209-I1,
102028,ALL EMPIRE BUILDING CONTRACTORS INC,ALL EMPIRE BUILDING CONTRACTORS INC,ALL EMPIRE BUILDING CONTRACTORS INC,BROOKLYN,109 5 AVENUE,11218,Alteration,2026-04-13T04:00:00.000Z,,,B01381948-I1,
070154,ALL OVER CONSTRUCTION CORP,ALL OVER CONSTRUCTION CORP,ALL OVER CONSTRUCTION CORP,QUEENS,83-17 247 STREET,11415,Alteration CO,2026-04-08T04:00:00.000Z,,,Q01376775-S2,
077062,ALLCITY INTERIOR & EXTERIOR INC,ALLCITY INTERIOR & EXTERIOR INC,ALLCITY INTERIOR & EXTERIOR INC,STATEN ISLAND,230GAR SIMONSON AVENUE,10304,Alteration,2026-03-24T04:00:00.000Z,,,S01375004-I1,
016162,ALLIAH MANAGEMENT LLC,ALLIAH MANAGEMENT LLC,ALLIAH MANAGEMENT LLC,MANHATTAN,112 WEST   14 STREET,10001,Alteration,2026-03-27T04:00:00.000Z,,,M01377444-I1,
095911,ALLIED PARTNERS,ALLIED PARTNERS,ALLIED PARTNERS,MANHATTAN,111 CENTRAL PARK NORTH,11356,Alteration,2026-04-14T04:00:00.000Z,,,M01381920-I1,
089378,ALLOY DEVELOPMENT,ALLOY DEVELOPMENT,ALLOY DEVELOPMENT,BROOKLYN,376 SCHERMERHORN STREET,08872,Alteration,2026-04-03T04:00:00.000Z,,,B01372792-I1,
090287,ALLOY DEVELOPMENT,ALLOY DEVELOPMENT,ALLOY DEVELOPMENT,BROOKLYN,475 STATE STREET,11101,Alteration,2026-04-08T04:00:00.000Z,,,B01344701-I1,
081459,Alpha Generation,Alpha Generation,Alpha Generation,STATEN ISLAND,4401 VICTORY BOULEVARD,12045,Alteration,2026-04-06T04:00:00.000Z,,,S01377144-I1,
080930,Amazon,Amazon,Amazon,STATEN ISLAND,546 GULF AVENUE,06450,Alteration,2026-03-23T04:00:00.000Z,,,S01363854-I1,
082725,Amazon,Amazon,Amazon,STATEN ISLAND,546 GULF AVENUE,06450,Alteration,2026-03-24T04:00:00.000Z,,,S01363850-I1,
043922,Amazon GREF,Amazon GREF,Amazon GREF,MANHATTAN,424 5 AVENUE,98121,Alteration,2026-03-25T04:00:00.000Z,,,M01352517-I1,
062864,Amazon GREF,Amazon GREF,Amazon GREF,MANHATTAN,424 5 AVENUE,10005,Alteration,2026-03-25T04:00:00.000Z,,,M01352517-S1,
060234,Amazon Realty Group Llc,Amazon Realty Group Llc,Amazon Realty Group Llc,MANHATTAN,1009 2 AVENUE,11101,Alteration,2026-04-10T04:00:00.000Z,,,M00307582-P4,
090954,AMBER CHARTER SCHOOL EAST HARLEM,AMBER CHARTER SCHOOL EAST HARLEM,AMBER CHARTER SCHOOL EAST HARLEM,MANHATTAN,220 EAST  106 STREET,11423,Alteration,2026-03-20T04:00:00.000Z,,,M01373520-I1,
094110,AMC REALTY HOLDINGS LLC,AMC REALTY HOLDINGS LLC,AMC REALTY HOLDINGS LLC,STATEN ISLAND,194 FINLAY STREET,10462,Alteration,2026-03-23T04:00:00.000Z,,,S01375259-I1,
097258,"AMERESCO, INC","AMERESCO, INC","AMERESCO, INC",BROOKLYN,901 CLASSON AVENUE,11105,Alteration,2026-03-27T04:00:00.000Z,,,B01276446-P2,
060906,AMERICAN FUJIAN SHOU ZHAN ASSO,AMERICAN FUJIAN SHOU ZHAN ASSO,AMERICAN FUJIAN SHOU ZHAN ASSO,QUEENS,132-30B MAPLE AVENUE,11355,Alteration CO,2026-03-25T04:00:00.000Z,,,Q01341108-S2,
018963,AMERICAN HOME BUILDING AND MASONRY,AMERICAN HOME BUILDING AND MASONRY,AMERICAN HOME BUILDING AND MASONRY,STATEN ISLAND,336 COLE STREET,10306,New Building,2026-03-27T04:00:00.000Z,ROBERT SHAPIRO,,S00978333-S3,
083550,AMERICAN HOME BUILDING AND MASONRY,AMERICAN HOME BUILDING AND MASONRY,AMERICAN HOME BUILDING AND MASONRY,STATEN ISLAND,51 BAYVIEW AVENUE,10309,Alteration,2026-03-26T04:00:00.000Z,,,S01366056-I1,
015817,AMERICAN JOY BILLIARDS INC,AMERICAN JOY BILLIARDS INC,AMERICAN JOY BILLIARDS INC,QUEENS,134-23 35 AVENUE,11354,Alteration CO,2026-04-01T04:00:00.000Z,PAUL SAFINA,,Q01376812-I1,
084716,AMERICAN RED CROSS,AMERICAN RED CROSS,AMERICAN RED CROSS,MANHATTAN,514 WEST   49 STREET,10007,Alteration,2026-04-13T04:00:00.000Z,,,M01362773-I1,
097833,AMERICAN VENTILATION SERVICES INC,AMERICAN VENTILATION SERVICES INC,AMERICAN VENTILATION SERVICES INC,BROOKLYN,373 BLEECKER STREET,11419,Alteration,2026-04-07T04:00:00.000Z,,,B01383945-I1,
079743,"Amiee Lynn, Inc.","Amiee Lynn, Inc.","Amiee Lynn, Inc.",MANHATTAN,366 5 AVENUE,07960,Alteration,2026-03-25T04:00:00.000Z,,,M01342136-S2,
088445,AMIRIAN GROUP,AMIRIAN GROUP,AMIRIAN GROUP,MANHATTAN,127 EAST   61 STREET,10016,Alteration CO,2026-03-30T04:00:00.000Z,,,M01378132-S2,
095837,ANISKA31 REALTY LLC,ANISKA31 REALTY LLC,ANISKA31 REALTY LLC,QUEENS,25-60 31 STREET,11235,New Building,2026-04-14T04:00:00.000Z,,,Q01359877-S5,
102188,ANISKA31 REALTY LLC,ANISKA31 REALTY LLC,ANISKA31 REALTY LLC,QUEENS,25-60 31 STREET,11216,New Building,2026-03-20T04:00:00.000Z,,,Q01359877-S4,
095847,"ANNAL MANAGEMENT CO., LTD","ANNAL MANAGEMENT CO., LTD","ANNAL MANAGEMENT CO., LTD",BRONX,224 EAST  164 STREET,11747,Alteration,2026-04-09T04:00:00.000Z,,,X01189942-P3,
073272,"APERTURE FOUNDATION, INC.","APERTURE FOUNDATION, INC.","APERTURE FOUNDATION, INC.",MANHATTAN,380 COLUMBUS AVENUE,10018,Alteration,2026-04-14T04:00:00.000Z,,,M00989323-P4,
085006,"APERTURE FOUNDATION, INC.","APERTURE FOUNDATION, INC.","APERTURE FOUNDATION, INC.",MANHATTAN,380 COLUMBUS AVENUE,10005,Alteration,2026-04-07T04:00:00.000Z,VINCENT RATTY,,M00989323-P2,
090941,APEX BUILDING GROUP INC,APEX BUILDING GROUP INC,APEX BUILDING GROUP INC,BROOKLYN,516 BERGEN STREET,10018,New Building,2026-04-01T04:00:00.000Z,,,B01278555-S9,
108063,AQOZFI INWOOD LLC,AQOZFI INWOOD LLC,AQOZFI INWOOD LLC,MANHATTAN,12 SHERMAN AVENUE,07060,Alteration,2026-03-24T04:00:00.000Z,,,M01367613-I1,
108442,Arbi LLC,Arbi LLC,Arbi LLC,STATEN ISLAND,1207 BAY STREET,11209,Alteration,2026-03-26T04:00:00.000Z,,,S01289405-P1,
033384,Arcus,Arcus,Arcus,MANHATTAN,220 EAST    9 STREET,11201,ALT-CO - New Building with Existing Elements to Remain,2026-04-01T04:00:00.000Z,,,M01042621-A3,
101129,Arcus,Arcus,Arcus,MANHATTAN,220 EAST    9 STREET,08844,Alteration,2026-03-25T04:00:00.000Z,,,M01276437-P1,
107592,ARDSLEY CONSTRUCTION SERVICES LLC,ARDSLEY CONSTRUCTION SERVICES LLC,ARDSLEY CONSTRUCTION SERVICES LLC,BRONX,441 CONCORD AVENUE,10016,Alteration,2026-03-31T04:00:00.000Z,,,X01381213-I1,
036266,"ARE-EAST RIVER SCIENCE PARK, LLC","ARE-EAST RIVER SCIENCE PARK, LLC","ARE-EAST RIVER SCIENCE PARK, LLC",MANHATTAN,430 EAST   29 STREET,10018,Alteration,2026-03-27T04:00:00.000Z,,,M01373267-I1,
089557,"ARE-EAST RIVER SCIENCE PARK, LLC","ARE-EAST RIVER SCIENCE PARK, LLC","ARE-EAST RIVER SCIENCE PARK, LLC",MANHATTAN,430 EAST   29 STREET,10038,Alteration,2026-03-29T04:00:00.000Z,,,M01373267-S1,
094480,Arenda management LLC,Arenda management LLC,Arenda management LLC,BROOKLYN,933 45 STREET,11358,Alteration,2026-03-26T04:00:00.000Z,,,B01376324-I1,
044434,ARGO REAL ESTATE,ARGO REAL ESTATE,ARGO REAL ESTATE,MANHATTAN,69 5 AVENUE,10036,Alteration,2026-04-09T04:00:00.000Z,,,M01363446-I1,
082065,ARI INVESTORS,ARI INVESTORS,ARI INVESTORS,MANHATTAN,575 BROADWAY,11101,Alteration,2026-03-26T04:00:00.000Z,,,M01363932-S3,
097833,ARTECH RENOVATION & CONSTRUCTION,ARTECH RENOVATION & CONSTRUCTION,ARTECH RENOVATION & CONSTRUCTION,BROOKLYN,87 HERBERT STREET,11419,Alteration,2026-04-06T04:00:00.000Z,,,B01311634-S1,
070452,Artemis Wax Corp,Artemis Wax Corp,Artemis Wax Corp,BRONX,2146 BARTOW AVENUE,10466,Alteration,2026-03-27T04:00:00.000Z,,,X01349516-I1,
084333,ARTIFACT,ARTIFACT,ARTIFACT,MANHATTAN,11 MOUNT MORRIS PARK WEST,11370,Alteration,2026-03-30T04:00:00.000Z,,,M01371635-I1,
096214,ARTIFACT,ARTIFACT,ARTIFACT,MANHATTAN,636 WEST 158 STREET,10018,Alteration,2026-03-30T04:00:00.000Z,,,M01342896-S2,
086757,Artistic,Artistic,Artistic,BRONX,721 EAST  133 STREET,11237,Alteration,2026-04-13T04:00:00.000Z,,,X01367151-I1,
102862,ARTTOFRAMES.COM,ARTTOFRAMES.COM,ARTTOFRAMES.COM,BROOKLYN,770 5 AVENUE,11374,Alteration CO,2026-03-25T04:00:00.000Z,,,B01061231-S1,
034340,AS AGENT FOR OWNER,AS AGENT FOR OWNER,AS AGENT FOR OWNER,QUEENS,44-01 NORTHERN BOULEVARD,10036,Alteration,2026-03-27T04:00:00.000Z,,,Q01378130-I1,
042839,AS AGENT FOR OWNER,AS AGENT FOR OWNER,AS AGENT FOR OWNER,MANHATTAN,290 3 AVENUE,11214,Alteration,2026-03-27T04:00:00.000Z,,,M01378279-I1,
066709,AS AGENT FOR OWNER,AS AGENT FOR OWNER,AS AGENT FOR OWNER,QUEENS,44-01 NORTHERN BOULEVARD,10001,Alteration,2026-04-14T04:00:00.000Z,,,Q01378130-S2,
104211,AS AGENT FOR OWNER,AS AGENT FOR OWNER,AS AGENT FOR OWNER,MANHATTAN,290 3 AVENUE,11377,Alteration,2026-03-28T04:00:00.000Z,,,M01378279-S1,
094686,ASA CONSTRUCTION CO,ASA CONSTRUCTION CO,ASA CONSTRUCTION CO,MANHATTAN,14 ORCHARD STREET,11363,Alteration,2026-04-01T04:00:00.000Z,,,M01381936-I1,
039696,ASCO GROUP LLC,ASCO GROUP LLC,ASCO GROUP LLC,BROOKLYN,2683 ATLANTIC AVENUE,10018,New Building,2026-03-30T04:00:00.000Z,,,B00683623-P6,
038321,ASG EQUITIES LLC,ASG EQUITIES LLC,ASG EQUITIES LLC,MANHATTAN,173 BROADWAY,11209,Alteration,2026-04-08T04:00:00.000Z,,,M01342604-P1,
041347,ASG EQUITIES LLC,ASG EQUITIES LLC,ASG EQUITIES LLC,BROOKLYN,502 86 STREET,10304,Alteration,2026-03-20T04:00:00.000Z,,,B01360957-I1,
071073,ASG EQUITIES LLC,ASG EQUITIES LLC,ASG EQUITIES LLC,BROOKLYN,502 86 STREET,07076,Alteration,2026-03-23T04:00:00.000Z,,,B01338901-I1,
071083,ASKON ARCHETECTS PC,ASKON ARCHETECTS PC,ASKON ARCHETECTS PC,QUEENS,78-31 PARSONS BOULEVARD,10017,Alteration CO,2026-04-02T04:00:00.000Z,,,Q01193540-P2,
018990,ASM MECHANICAL CORP,ASM MECHANICAL CORP,ASM MECHANICAL CORP,STATEN ISLAND,152 WATCHOGUE ROAD,10308,Alteration,2026-03-23T04:00:00.000Z,DENNIS STIVELLA,,S01333536-I1,
039963,ASM Realty Builders LLC,ASM Realty Builders LLC,ASM Realty Builders LLC,BRONX,746 EAST  213 STREET,10580,Alteration,2026-04-03T04:00:00.000Z,,,X01276713-P1,
086133,ASM Realty Builders LLC,ASM Realty Builders LLC,ASM Realty Builders LLC,BRONX,746 EAST  213 STREET,10710,New Building,2026-04-02T04:00:00.000Z,,,X01165951-P7,
010070,ASPHALT GREEN INC.,ASPHALT GREEN INC.,ASPHALT GREEN INC.,MANHATTAN,555 EAST   90 STREET,10003,Alteration,2026-04-03T04:00:00.000Z,QUINTIN CARTER,,M01367591-P1,
064829,ASPHALT GREEN INC.,ASPHALT GREEN INC.,ASPHALT GREEN INC.,MANHATTAN,555 EAST   90 STREET,10018,Alteration,2026-03-27T04:00:00.000Z,,,M01367591-S2,
081677,ASPHALT GREEN INC.,ASPHALT GREEN INC.,ASPHALT GREEN INC.,MANHATTAN,1750 YORK AVENUE,10005,Alteration,2026-03-26T04:00:00.000Z,,,M01373851-I1,
092522,ASPHALT GREEN INC.,ASPHALT GREEN INC.,ASPHALT GREEN INC.,MANHATTAN,555 EAST   90 STREET,10595,Alteration,2026-03-27T04:00:00.000Z,,,M01376523-I1,
016682,ASTOR TERRACE CONDOMINIUM,ASTOR TERRACE CONDOMINIUM,ASTOR TERRACE CONDOMINIUM,MANHATTAN,935 PARK AVENUE,10128,Alteration,2026-04-07T04:00:00.000Z,,,M01088059-P5,
043010,ASTOR TERRACE CONDOMINIUM,ASTOR TERRACE CONDOMINIUM,ASTOR TERRACE CONDOMINIUM,MANHATTAN,1185 PARK AVENUE,10801,Alteration,2026-04-03T04:00:00.000Z,,,M01198378-P1,
102362,ASTOR TERRACE CONDOMINIUM,ASTOR TERRACE CONDOMINIUM,ASTOR TERRACE CONDOMINIUM,MANHATTAN,555 WEST   59 STREET,11747,Alteration,2026-03-31T04:00:00.000Z,,,M01378691-I1,
052024,ASTORIA II PLAZA LLC,ASTORIA II PLAZA LLC,ASTORIA II PLAZA LLC,QUEENS,25-86 31 STREET,11803,New Building,2026-03-24T04:00:00.000Z,,,Q00902773-P6,
043754,ASTRAL PROPERTIES,ASTRAL PROPERTIES,ASTRAL PROPERTIES,BROOKLYN,276 LINDEN STREET,10541,Alteration,2026-04-07T04:00:00.000Z,,,B01380102-I1,
108976,ASTRAL WEEKS,ASTRAL WEEKS,ASTRAL WEEKS,BROOKLYN,195 CLARKSON AVENUE,11423,Alteration,2026-04-11T04:00:00.000Z,,,B01381712-I1,
032338,ASTRO CAPITAL GROUP LLC,ASTRO CAPITAL GROUP LLC,ASTRO CAPITAL GROUP LLC,BROOKLYN,1826 EAST    2 STREET,10038,Alteration CO,2026-03-25T04:00:00.000Z,,,B01074414-P3,
044022,ASTRO CAPITAL GROUP LLC,ASTRO CAPITAL GROUP LLC,ASTRO CAPITAL GROUP LLC,BROOKLYN,481 KINGS HIGHWAY,11216,Alteration,2026-03-24T04:00:00.000Z,,,B01352531-I1,
084032,ASTRO CAPITAL GROUP LLC,ASTRO CAPITAL GROUP LLC,ASTRO CAPITAL GROUP LLC,BROOKLYN,481 KINGS HIGHWAY,10036,Alteration,2026-04-03T04:00:00.000Z,,,B01352531-S2,
104414,ASY GROUP,ASY GROUP,ASY GROUP,BROOKLYN,160 TOMPKINS AVENUE,11432,Alteration,2026-03-27T04:00:00.000Z,,,B01353513-S1,
043197,AT Hospitality Group,AT Hospitality Group,AT Hospitality Group,MANHATTAN,19 EAST   49 STREET,07203,Alteration,2026-04-11T04:00:00.000Z,,,M01384322-I1,
084829,AT&T MOBILITY,AT&T MOBILITY,AT&T MOBILITY,MANHATTAN,260 AUDUBON AVENUE,12550,Alteration,2026-03-25T04:00:00.000Z,,,M01366723-I1,
099501,ATARI REALTY,ATARI REALTY,ATARI REALTY,BROOKLYN,6 HOWARD AVENUE,11793,Alteration,2026-03-24T04:00:00.000Z,,,B01237225-S2,
092201,ATLAS CONSTRUCTION USA CORP,ATLAS CONSTRUCTION USA CORP,ATLAS CONSTRUCTION USA CORP,BROOKLYN,458 BERGEN STREET,10473,Alteration,2026-04-07T04:00:00.000Z,,,B01383073-I1,
074129,ATOMIC CONTRACTING INC.,ATOMIC CONTRACTING INC.,ATOMIC CONTRACTING INC.,BROOKLYN,4318 AVENUE D,11001,New Building,2026-04-14T04:00:00.000Z,DANIEL MEGNA,,B01241382-P3,
018684,AUTOMOTIVE REALTY CORP.,AUTOMOTIVE REALTY CORP.,AUTOMOTIVE REALTY CORP.,BRONX,573 EAST FORDHAM ROAD,10468,Alteration,2026-03-30T04:00:00.000Z,CORNEL SILVERA,,X00831210-P4,
089862,AUTOMOTIVE REALTY CORP.,AUTOMOTIVE REALTY CORP.,AUTOMOTIVE REALTY CORP.,BRONX,421 EAST  189 STREET,07731,Alteration,2026-04-09T04:00:00.000Z,,,X01277304-P1,
019437,AV GROUP CORP,AV GROUP CORP,AV GROUP CORP,BRONX,1538 SILVER STREET,10550,Full Demolition,2026-03-26T04:00:00.000Z,GREGORY COLEY,,X01371416-S1,
099363,"AVALONBAY NYC DEVELOPMENT, INC","AVALONBAY NYC DEVELOPMENT, INC","AVALONBAY NYC DEVELOPMENT, INC",BROOKLYN,343 GOLD STREET,98005,Alteration,2026-03-26T04:00:00.000Z,,,B01343498-S2,
105191,"AVALONBAY NYC DEVELOPMENT, INC","AVALONBAY NYC DEVELOPMENT, INC","AVALONBAY NYC DEVELOPMENT, INC",BROOKLYN,100 WILLOUGHBY STREET,07030,Alteration,2026-03-27T04:00:00.000Z,,,B01346069-I1,
108253,AVANT GARDNER LLC,AVANT GARDNER LLC,AVANT GARDNER LLC,BROOKLYN,144 STEWART AVENUE,07677,Alteration,2026-03-26T04:00:00.000Z,,,B01365390-S1,
060234,AVDOO & PARTNERS DEVELOPMENT,AVDOO & PARTNERS DEVELOPMENT,AVDOO & PARTNERS DEVELOPMENT,MANHATTAN,242 EAST   71 STREET,11101,New Building,2026-04-09T04:00:00.000Z,,,M00665110-P2,
085187,AVDOO & PARTNERS DEVELOPMENT,AVDOO & PARTNERS DEVELOPMENT,AVDOO & PARTNERS DEVELOPMENT,BROOKLYN,231 THIRD AVENUE,10001,New Building,2026-04-13T04:00:00.000Z,,,B01278364-S7,
104807,Avenue C Tenants HDFC,Avenue C Tenants HDFC,Avenue C Tenants HDFC,MANHATTAN,73 AVENUE C,07070,Alteration,2026-03-27T04:00:00.000Z,,,M01212797-P5,
059063,Avenues Equity Partners,Avenues Equity Partners,Avenues Equity Partners,QUEENS,56-11 CATALPA AVENUE,07750,Alteration CO,2026-04-13T04:00:00.000Z,,,Q01250665-S3,
063991,Avenues Equity Partners,Avenues Equity Partners,Avenues Equity Partners,QUEENS,56-11 CATALPA AVENUE,10970,Alteration CO,2026-03-19T04:00:00.000Z,,,Q01250665-S2,
043509,AVERY HALL INVESTMENTS,AVERY HALL INVESTMENTS,AVERY HALL INVESTMENTS,BROOKLYN,1 BOERUM PLACE,11377,Alteration,2026-04-05T04:00:00.000Z,,,B01358315-I1,
091112,AVERY HALL INVESTMENTS,AVERY HALL INVESTMENTS,AVERY HALL INVESTMENTS,BROOKLYN,544 CARROLL STREET,10018,Alteration,2026-04-09T04:00:00.000Z,,,B01308584-S2,
017030,AVIEW EQUITIES,AVIEW EQUITIES,AVIEW EQUITIES,BROOKLYN,23 OCEAN PARKWAY,10003,Alteration,2026-04-13T04:00:00.000Z,,,B00649073-P1,
072488,Avis Budget Group,Avis Budget Group,Avis Budget Group,MANHATTAN,68 EAST   11 STREET,11550,Alteration,2026-04-07T04:00:00.000Z,,,M01367351-I1,
087415,"AVITYFAM CAPITAL, LLC","AVITYFAM CAPITAL, LLC","AVITYFAM CAPITAL, LLC",BRONX,821 EAST  215 STREET,10502,Alteration CO,2026-03-23T04:00:00.000Z,,,X01017600-P3,
041382,AVS Properties New York,AVS Properties New York,AVS Properties New York,QUEENS,91-30 175 STREET,11375,Alteration,2026-04-02T04:00:00.000Z,,,Q01380305-I1,
041382,AZAM  DEVELOPMENT GROUP,AZAM  DEVELOPMENT GROUP,AZAM  DEVELOPMENT GROUP,QUEENS,37-08A 73 STREET,11375,Alteration,2026-04-02T04:00:00.000Z,,,Q01358033-S1,
060229,AZIMUTH DEVELOPMENT GROUP LLC,AZIMUTH DEVELOPMENT GROUP LLC,AZIMUTH DEVELOPMENT GROUP LLC,BRONX,409 EAST  158 STREET,10952,New Building,2026-04-01T04:00:00.000Z,,,X08055450-A5,
065574,AZIMUTH DEVELOPMENT GROUP LLC,AZIMUTH DEVELOPMENT GROUP LLC,AZIMUTH DEVELOPMENT GROUP LLC,BRONX,450 EAST  158 STREET,11361,New Building,2026-04-07T04:00:00.000Z,,,X08055447-A3,
095119,AZIMUTH DEVELOPMENT GROUP LLC,AZIMUTH DEVELOPMENT GROUP LLC,AZIMUTH DEVELOPMENT GROUP LLC,BRONX,1017 OLMSTEAD AVENUE,07904,Alteration,2026-04-09T04:00:00.000Z,,,X00560553-P2,
083057,B. WARRANTY HOME CONST,B. WARRANTY HOME CONST,B. WARRANTY HOME CONST,BROOKLYN,1517 MERMAID AVENUE,11235,New Building,2026-03-27T04:00:00.000Z,ANDREW WOLKE  II,,B01032487-S5,
072030,B10 SoHo Retail JV LLC,B10 SoHo Retail JV LLC,B10 SoHo Retail JV LLC,MANHATTAN,113 SPRING STREET,100180000,Alteration,2026-04-08T04:00:00.000Z,,,M00821673-P3,
016865,B2C Realty Mgmt LLC,B2C Realty Mgmt LLC,B2C Realty Mgmt LLC,BROOKLYN,1360 BERGEN STREET,10038,Alteration CO,2026-03-19T04:00:00.000Z,,,B01231609-P4,
090417,BAHA NY CORP.,BAHA NY CORP.,BAHA NY CORP.,QUEENS,24-57 LITTLE NECK BOULEVARD,11361,Alteration CO,2026-03-29T04:00:00.000Z,,,Q01228482-S1,
103102,BALINK MANAGEMENT,BALINK MANAGEMENT,BALINK MANAGEMENT,BROOKLYN,189 EAST   34 STREET,11417,Alteration,2026-04-10T04:00:00.000Z,,,B01383098-I1,
102028,BANGLA PROPERTY LLC,BANGLA PROPERTY LLC,BANGLA PROPERTY LLC,QUEENS,71-13 35 AVENUE,11218,Alteration,2026-03-25T04:00:00.000Z,,,Q01320337-S1,
015046,Bari Tower LLC,Bari Tower LLC,Bari Tower LLC,QUEENS,74-09 37 AVENUE,11563,Alteration,2026-04-08T04:00:00.000Z,,,Q00246598-P1,
101262,"Barkai Foundation, Inc.","Barkai Foundation, Inc.","Barkai Foundation, Inc.",BROOKLYN,1935 MCDONALD AVENUE,11228,Alteration CO,2026-03-31T04:00:00.000Z,,,B01256954-P1,
021478,BARNARD COLLEGE - COLUMBIA UNIVERSI,BARNARD COLLEGE - COLUMBIA UNIVERSI,BARNARD COLLEGE - COLUMBIA UNIVERSI,MANHATTAN,46 CLAREMONT AVENUE,10001,Alteration CO,2026-03-20T04:00:00.000Z,,,M00898377-A5,
093795,BARONE CONSTRUCTION LLC,BARONE CONSTRUCTION LLC,BARONE CONSTRUCTION LLC,BRONX,1000 WALTON AVENUE,11021,Alteration,2026-04-01T04:00:00.000Z,N BECACCIO,,X01287524-P2,
047164,BASP NY LLC,BASP NY LLC,BASP NY LLC,MANHATTAN,112 WAVERLY PLACE,01921,Alteration,2026-03-27T04:00:00.000Z,,,M01275679-I1,
096997,BASP NY LLC,BASP NY LLC,BASP NY LLC,MANHATTAN,112 REAR WAVERLY PLACE,10017,Alteration,2026-03-26T04:00:00.000Z,,,M01324641-S2,
037386,BATTERY PARK CITY AUTHORITY,BATTERY PARK CITY AUTHORITY,BATTERY PARK CITY AUTHORITY,MANHATTAN,21 SOUTH END AVENUE,10031,Alteration,2026-03-25T04:00:00.000Z,,,M01366619-I1,
075451,BATTERY PARK CITY AUTHORITY,BATTERY PARK CITY AUTHORITY,BATTERY PARK CITY AUTHORITY,MANHATTAN,21 SOUTH END AVENUE,10018,Alteration,2026-03-25T04:00:00.000Z,,,M01366619-S1,
019141,Bayrock Asset Managment LLC,Bayrock Asset Managment LLC,Bayrock Asset Managment LLC,MANHATTAN,80 WHITE STREET,10003,Alteration CO,2026-03-20T04:00:00.000Z,VINCENT MCPARLAND,,M01354297-I1,
096568,BAYVIEW HOMES CORP,BAYVIEW HOMES CORP,BAYVIEW HOMES CORP,QUEENS,145-49 179 STREET,11361,Alteration CO,2026-03-19T04:00:00.000Z,,,Q01047822-P5,
081772,Bayview Reentry Owner LLC,Bayview Reentry Owner LLC,Bayview Reentry Owner LLC,MANHATTAN,550 WEST   20 STREET,11563,Alteration,2026-04-08T04:00:00.000Z,,,M01311265-I1,
091644,Bayview Reentry Owner LLC,Bayview Reentry Owner LLC,Bayview Reentry Owner LLC,MANHATTAN,550 WEST   20 STREET,10005,ALT-CO - New Building with Existing Elements to Remain,2026-04-01T04:00:00.000Z,,,M01314086-S1,
029545,BBI REALTY LLC,BBI REALTY LLC,BBI REALTY LLC,BROOKLYN,311 7 AVENUE,07024,Alteration,2026-04-10T04:00:00.000Z,TAOFEEQ AJIBADE,,B01368135-I1,
104862,BBI REALTY LLC,BBI REALTY LLC,BBI REALTY LLC,BROOKLYN,311 7 AVENUE,10001,Alteration,2026-04-13T04:00:00.000Z,,,B01377230-I1,
071008,BDB CONSTRUCTION ENTERPRISE INC.,BDB CONSTRUCTION ENTERPRISE INC.,BDB CONSTRUCTION ENTERPRISE INC.,BROOKLYN,2631 HARWAY AVENUE,11010,Alteration,2026-04-03T04:00:00.000Z,,,B01357727-I1,
088405,"BDG 99QB, LLC","BDG 99QB, LLC","BDG 99QB, LLC",QUEENS,99-01 QUEENS BOULEVARD,11201,Alteration,2026-04-06T04:00:00.000Z,,,Q01260472-S4,
089068,BEACH BAY REALTY MANAGEMENT LLC,BEACH BAY REALTY MANAGEMENT LLC,BEACH BAY REALTY MANAGEMENT LLC,BROOKLYN,195 BAY   19 STREET,11415,Alteration CO,2026-04-09T04:00:00.000Z,,,B00889346-P2,
102329,BEACH CHANNEL MEAT & PRODUCE CORP,BEACH CHANNEL MEAT & PRODUCE CORP,BEACH CHANNEL MEAT & PRODUCE CORP,BRONX,650 EAST TREMONT AVENUE,11418,Alteration,2026-03-31T04:00:00.000Z,,,X01277451-S3,
045983,BEACH LANE MANAGEMENT,BEACH LANE MANAGEMENT,BEACH LANE MANAGEMENT,MANHATTAN,657 10 AVENUE,08873,Alteration,2026-04-07T04:00:00.000Z,,,M01323576-P1,
092050,BEACH LANE MANAGEMENT,BEACH LANE MANAGEMENT,BEACH LANE MANAGEMENT,MANHATTAN,686 WEST  204 STREET,10018,Alteration,2026-04-02T04:00:00.000Z,,,M01377394-I1,
113401,BEACH LANE MANAGEMENT,BEACH LANE MANAGEMENT,BEACH LANE MANAGEMENT,MANHATTAN,226 EAST   26 STREET,10018,Alteration,2026-04-07T04:00:00.000Z,,,M01382820-S1,
075303,"BEACWAY OPERATING, LLC.","BEACWAY OPERATING, LLC.","BEACWAY OPERATING, LLC.",MANHATTAN,2130 BROADWAY,10010,Alteration,2026-03-24T04:00:00.000Z,,,M01275144-P1,
036866,Beantecost Coffee Company LLC,Beantecost Coffee Company LLC,Beantecost Coffee Company LLC,QUEENS,43-09 GREENPOINT AVENUE,07029,Alteration,2026-03-25T04:00:00.000Z,,,Q01371254-S1,
040451,BEDFORD BEVERLY ACQ,BEDFORD BEVERLY ACQ,BEDFORD BEVERLY ACQ,BROOKLYN,2363 BEDFORD AVENUE,11205,New Building,2026-04-14T04:00:00.000Z,,,B00698118-A7,
038870,Bedford Stuyvesant New Beginnings C,Bedford Stuyvesant New Beginnings C,Bedford Stuyvesant New Beginnings C,BROOKLYN,82 LEWIS AVENUE,11226,Alteration,2026-04-06T04:00:00.000Z,,,B01378814-I1,
086520,"BEDFORD VILLAGE, LLC","BEDFORD VILLAGE, LLC","BEDFORD VILLAGE, LLC",BROOKLYN,97 CLINTON AVENUE,10018,Alteration,2026-03-29T04:00:00.000Z,,,B01374269-S2,
080545,Beech Set Melrose Owner LLC,Beech Set Melrose Owner LLC,Beech Set Melrose Owner LLC,BRONX,1169 WASHINGTON AVENUE,10001,New Building,2026-03-27T04:00:00.000Z,,,X00927718-P6,
074354,Beekman NY LLC,Beekman NY LLC,Beekman NY LLC,MANHATTAN,166 WILLIAM STREET,07036,ALT-CO - New Building with Existing Elements to Remain,2026-03-27T04:00:00.000Z,,,M01293311-S2,
037196,Beekman Tenants Corp,Beekman Tenants Corp,Beekman Tenants Corp,MANHATTAN,575 PARK AVENUE,11101,Alteration,2026-03-31T04:00:00.000Z,,,M01375338-S1,
045210,Beekman Tenants Corp,Beekman Tenants Corp,Beekman Tenants Corp,MANHATTAN,575 PARK AVENUE,11435,Alteration,2026-03-26T04:00:00.000Z,,,M01322679-I1,
044693,"BEJOY HOLDINGS, LLC","BEJOY HOLDINGS, LLC","BEJOY HOLDINGS, LLC",QUEENS,31-21 105 STREET,11106,New Building,2026-03-30T04:00:00.000Z,,,Q01293118-I1,
094480,"BELL REALTY HOLDINGS, LLC","BELL REALTY HOLDINGS, LLC","BELL REALTY HOLDINGS, LLC",QUEENS,4004A BELL BOULEVARD,11358,Alteration CO,2026-03-23T04:00:00.000Z,,,Q00902048-P3,
097321,BERIK MANAGEMENT,BERIK MANAGEMENT,BERIK MANAGEMENT,MANHATTAN,87 EAST    2 STREET,11358,Alteration,2026-04-01T04:00:00.000Z,,,M01353286-I1,
064829,BERKELEY COLLEGE,BERKELEY COLLEGE,BERKELEY COLLEGE,MANHATTAN,3 EAST   43 STREET,10018,Alteration,2026-03-27T04:00:00.000Z,,,M01241021-I1,
090417,BEST MATCH CORP.,BEST MATCH CORP.,BEST MATCH CORP.,BRONX,2759 GIFFORD AVENUE,11361,Alteration CO,2026-03-23T04:00:00.000Z,,,X01256098-S5,
012094,BETTINA EQUITIES MANAGEMENT LLC,BETTINA EQUITIES MANAGEMENT LLC,BETTINA EQUITIES MANAGEMENT LLC,MANHATTAN,114 4 AVENUE,07470,Alteration,2026-03-24T04:00:00.000Z,JEFFERSON NECKLES,,M01311212-I1,
034068,BETTINA EQUITIES MANAGEMENT LLC,BETTINA EQUITIES MANAGEMENT LLC,BETTINA EQUITIES MANAGEMENT LLC,MANHATTAN,359 EAST   62 STREET,11561,Alteration,2026-04-13T04:00:00.000Z,,,M01382277-I1,
089814,BETTINA EQUITIES MANAGEMENT LLC,BETTINA EQUITIES MANAGEMENT LLC,BETTINA EQUITIES MANAGEMENT LLC,MANHATTAN,114 4 AVENUE,76201,Alteration,2026-03-24T04:00:00.000Z,,,M01311246-I1,
104414,Bh 365 New Llc,Bh 365 New Llc,Bh 365 New Llc,BROOKLYN,365 SOUTH    4 STREET,11432,Alteration CO,2026-04-07T04:00:00.000Z,,,B01381382-I1,
107592,BH SUCCESS GROUP,BH SUCCESS GROUP,BH SUCCESS GROUP,BROOKLYN,116 VAN BUREN STREET,10016,New Building,2026-03-19T04:00:00.000Z,,,B01334046-S6,
094110,BIG APPLE BUSINESS SOLUTIONS INC,BIG APPLE BUSINESS SOLUTIONS INC,BIG APPLE BUSINESS SOLUTIONS INC,QUEENS,89-14 115 STREET,10462,Alteration,2026-04-02T04:00:00.000Z,,,Q01369778-P1,
103706,"BIG APPLE MANAGEMENT, LLC","BIG APPLE MANAGEMENT, LLC","BIG APPLE MANAGEMENT, LLC",MANHATTAN,179 AVENUE B,11803,Alteration,2026-03-28T04:00:00.000Z,,,M01216666-P3,
106204,Big Guy Little Guy Partners LLC,Big Guy Little Guy Partners LLC,Big Guy Little Guy Partners LLC,BROOKLYN,194 RUGBY ROAD,11230,Alteration,2026-04-10T04:00:00.000Z,,,B01349972-P1,
029545,BIG MANAGEMENT,BIG MANAGEMENT,BIG MANAGEMENT,BROOKLYN,195 WYCKOFF AVENUE,07024,Alteration,2026-03-19T04:00:00.000Z,TAOFEEQ AJIBADE,,B01365713-S2,
039820,BIG MANAGEMENT,BIG MANAGEMENT,BIG MANAGEMENT,BROOKLYN,195 WYCKOFF AVENUE,11218,Alteration,2026-03-19T04:00:00.000Z,,,B01365713-I1,
057405,BIG MANAGEMENT,BIG MANAGEMENT,BIG MANAGEMENT,BROOKLYN,1147 BEDFORD AVENUE,11023,Alteration,2026-03-31T04:00:00.000Z,,,B01349704-P1,
101015,BILL WOLF PETROLEUM CORP,BILL WOLF PETROLEUM CORP,BILL WOLF PETROLEUM CORP,BROOKLYN,300 BERGEN STREET,07512,Alteration,2026-03-30T04:00:00.000Z,,,B01379311-I1,
104143,BJLK DEVELOPMENT LLC,BJLK DEVELOPMENT LLC,BJLK DEVELOPMENT LLC,BROOKLYN,267 GAR RUTLAND ROAD,07039,Full Demolition,2026-04-03T04:00:00.000Z,,,B01382659-I1,
089728,BK CONSTRUCTIONDBA SRT CONSTRUCTION,BK CONSTRUCTIONDBA SRT CONSTRUCTION,BK CONSTRUCTIONDBA SRT CONSTRUCTION,MANHATTAN,1463 AMSTERDAM AVENUE,08816,Alteration,2026-03-22T04:00:00.000Z,,,M01317468-S1,
045075,BK LINCOLN HOLDINGS LLC,BK LINCOLN HOLDINGS LLC,BK LINCOLN HOLDINGS LLC,BROOKLYN,1123 MADISON STREET,11218,Alteration,2026-03-20T04:00:00.000Z,,,B01342428-P1,
100821,BLACK EAGLE PROPERTIES LLC,BLACK EAGLE PROPERTIES LLC,BLACK EAGLE PROPERTIES LLC,QUEENS,703 SENECA AVENUE,07621,Alteration,2026-04-14T04:00:00.000Z,,,Q00953261-P3,
060234,BLACK STEEL DEVELOPERS,BLACK STEEL DEVELOPERS,BLACK STEEL DEVELOPERS,BROOKLYN,1550 NEW YORK AVENUE,11101,New Building,2026-03-19T04:00:00.000Z,,,B01285363-S5,
049458,Blackstone Real Group LLC,Blackstone Real Group LLC,Blackstone Real Group LLC,QUEENS,139-33 111 AVENUE,11358,Alteration,2026-04-01T04:00:00.000Z,,,Q01381060-I1,
079704,Blackstone Real Group LLC,Blackstone Real Group LLC,Blackstone Real Group LLC,QUEENS,109-09 RYE PLACE,11354,Alteration,2026-03-19T04:00:00.000Z,,,Q01370769-I1,
089068,BLANDINGS DREAMHOUSE LLC,BLANDINGS DREAMHOUSE LLC,BLANDINGS DREAMHOUSE LLC,BROOKLYN,304 CARROLL STREET,11415,Alteration,2026-03-31T04:00:00.000Z,,,B01364195-I1,
104211,BLANK PROPERTY GROUP,BLANK PROPERTY GROUP,BLANK PROPERTY GROUP,BROOKLYN,164 DUPONT STREET,11377,ALT-CO - New Building with Existing Elements to Remain,2026-03-26T04:00:00.000Z,,,B01283335-S3,
071109,BLDG MANAGEMENT,BLDG MANAGEMENT,BLDG MANAGEMENT,MANHATTAN,100 WALL STREET,10018,Alteration,2026-03-25T04:00:00.000Z,,,M01353448-I1,
066144,BLDG Management Co.,BLDG Management Co.,BLDG Management Co.,BRONX,1591 WESTCHESTER AVENUE,10016,Alteration,2026-04-07T04:00:00.000Z,,,X01326453-I1,
078241,BLDG Management Co.,BLDG Management Co.,BLDG Management Co.,BRONX,1591 WESTCHESTER AVENUE,10001,Alteration,2026-03-30T04:00:00.000Z,,,X01345451-I1,
090954,BLDG Management Co.,BLDG Management Co.,BLDG Management Co.,BROOKLYN,980 ATLANTIC AVENUE,11423,Alteration,2026-04-02T04:00:00.000Z,,,B01368917-I1,
097665,BLDG Management Co.,BLDG Management Co.,BLDG Management Co.,MANHATTAN,145 4 AVENUE,10469,Alteration,2026-04-08T04:00:00.000Z,,,M01382809-S1,
078241,"BLDG MANAGEMENT CO., INC.","BLDG MANAGEMENT CO., INC.","BLDG MANAGEMENT CO., INC.",BRONX,1 WEST FORDHAM ROAD,10001,Alteration CO,2026-03-25T04:00:00.000Z,,,X01185886-P3,
072488,BLESSED SACRAMENT CHURCH,BLESSED SACRAMENT CHURCH,BLESSED SACRAMENT CHURCH,MANHATTAN,147 WEST   70 STREET,11550,Alteration,2026-04-13T04:00:00.000Z,,,M01184345-P1,
018861,Blue Fin Equities,Blue Fin Equities,Blue Fin Equities,MANHATTAN,5 HANOVER SQUARE,10004,Alteration,2026-03-27T04:00:00.000Z,KEITH ADAMS,,M01373604-I1,
072050,Blue Fin Equities,Blue Fin Equities,Blue Fin Equities,MANHATTAN,5 HANOVER SQUARE,10001,Alteration,2026-03-27T04:00:00.000Z,,,M01373604-S3,
091999,BLUE ROCK CONSTRUCTION SERVICES INC,BLUE ROCK CONSTRUCTION SERVICES INC,BLUE ROCK CONSTRUCTION SERVICES INC,MANHATTAN,500 EAST   84 STREET,11580,Alteration,2026-04-08T04:00:00.000Z,,,M01384727-I1,
094686,BLUE ROCK CONSTRUCTION SERVICES INC,BLUE ROCK CONSTRUCTION SERVICES INC,BLUE ROCK CONSTRUCTION SERVICES INC,BROOKLYN,1683 70 STREET,11363,Alteration,2026-03-27T04:00:00.000Z,,,B01379002-I1,
099501,BLUE SHINE BUILDERS INC DBA BLUE SK,BLUE SHINE BUILDERS INC DBA BLUE SK,BLUE SHINE BUILDERS INC DBA BLUE SK,BRONX,3006 WILLIAMSBRIDGE ROAD,11793,New Building,2026-03-19T04:00:00.000Z,,,X01194154-P9,
107592,BLUE SHINE BUILDERS INC DBA BLUE SK,BLUE SHINE BUILDERS INC DBA BLUE SK,BLUE SHINE BUILDERS INC DBA BLUE SK,BROOKLYN,729 MEEKER AVENUE,10016,Alteration CO,2026-03-26T04:00:00.000Z,,,B01372965-S1,
078457,"Blue Skies 242, LLC.","Blue Skies 242, LLC.","Blue Skies 242, LLC.",MANHATTAN,242 WEST   11 STREET,08046,Alteration,2026-03-25T04:00:00.000Z,,,M01257038-P1,
081019,BLUE SKY GROUP,BLUE SKY GROUP,BLUE SKY GROUP,BRONX,548 EAST  183 STREET,11219,Alteration CO,2026-04-07T04:00:00.000Z,,,X00614894-P8,
038030,BLUE STAR GROUP LLC,BLUE STAR GROUP LLC,BLUE STAR GROUP LLC,STATEN ISLAND,125 NEW DORP LANE,10307,Alteration,2026-04-06T04:00:00.000Z,LOUIS ARBUCCI,,S01380082-I1,
089484,Blue Woods Management,Blue Woods Management,Blue Woods Management,MANHATTAN,70 PARK TERRACE EAST,10001,Alteration,2026-03-26T04:00:00.000Z,,,M01226556-I1,
079876,"BLUE WOODS MANAGEMENT GROUP, INC.","BLUE WOODS MANAGEMENT GROUP, INC.","BLUE WOODS MANAGEMENT GROUP, INC.",MANHATTAN,600 WEST  115 STREET,06804,Alteration,2026-04-07T04:00:00.000Z,,,M01136576-S2,
108976,"BLUE WOODS MANAGEMENT GROUP, INC.","BLUE WOODS MANAGEMENT GROUP, INC.","BLUE WOODS MANAGEMENT GROUP, INC.",MANHATTAN,600 WEST  115 STREET,11423,Alteration,2026-03-27T04:00:00.000Z,,,M01213825-P1,
015560,BLUE WOODS MGMT. GROUP,BLUE WOODS MGMT. GROUP,BLUE WOODS MGMT. GROUP,MANHATTAN,380 RIVERSIDE DRIVE,10589,Alteration,2026-03-20T04:00:00.000Z,,,M00969690-P2,
043754,BLUESTAR PROPERTIES INC,BLUESTAR PROPERTIES INC,BLUESTAR PROPERTIES INC,MANHATTAN,69 PINEHURST AVENUE,10541,Alteration,2026-04-08T04:00:00.000Z,,,M01379626-S1,
094174,Bnos Bais Yaakov,Bnos Bais Yaakov,Bnos Bais Yaakov,QUEENS,609 BEACH    9 STREET,11230,Alteration,2026-03-30T04:00:00.000Z,,,Q01245180-P2,
109901,BOARD AND MANAGERS OF THE EPISCOPAL,BOARD AND MANAGERS OF THE EPISCOPAL,BOARD AND MANAGERS OF THE EPISCOPAL,MANHATTAN,230 LENOX AVENUE,07677,Alteration,2026-04-09T04:00:00.000Z,,,M01380626-I1,
032789,Board President,Board President,Board President,MANHATTAN,1963 MADISON AVENUE,10901,Alteration,2026-03-26T04:00:00.000Z,,,M01328672-S1,
077896,BOGARDUS,BOGARDUS,BOGARDUS,MANHATTAN,75 MURRAY STREET,11375,Alteration,2026-03-27T04:00:00.000Z,,,M01222191-P1,
062647,BOGOPA SERVICE CORP,BOGOPA SERVICE CORP,BOGOPA SERVICE CORP,BROOKLYN,2784 LINDEN BOULEVARD,07458,Alteration CO,2026-03-27T04:00:00.000Z,,,B01057843-P2,
078209,"BOLLA EM REALTY, LLC","BOLLA EM REALTY, LLC","BOLLA EM REALTY, LLC",BROOKLYN,7023 BAY PARKWAY,11747,Alteration,2026-04-14T04:00:00.000Z,,,B01346746-S1,
100555,"BOLLA EM REALTY, LLC","BOLLA EM REALTY, LLC","BOLLA EM REALTY, LLC",STATEN ISLAND,11 MORNINGSTAR ROAD,11751,New Building,2026-04-05T04:00:00.000Z,,,S01123007-S7,
105991,"BOLLA EM REALTY, LLC","BOLLA EM REALTY, LLC","BOLLA EM REALTY, LLC",STATEN ISLAND,11 MORNINGSTAR ROAD,18109,New Building,2026-04-08T04:00:00.000Z,,,S01123007-P2,
089068,BONA LLC,BONA LLC,BONA LLC,BROOKLYN,221 WYTHE AVENUE,11415,New Building,2026-03-27T04:00:00.000Z,,,B01201594-P4,
019437,BOND CONSTRUCTION INC,BOND CONSTRUCTION INC,BOND CONSTRUCTION INC,BRONX,176 EAST  206 STREET,10550,New Building,2026-03-26T04:00:00.000Z,GREGORY COLEY,,X01374146-I1,
101225,BONE DEVELOPMENT LLC,BONE DEVELOPMENT LLC,BONE DEVELOPMENT LLC,BROOKLYN,320 MYRTLE AVENUE,07002,Alteration,2026-04-08T04:00:00.000Z,,,B01374373-I1,
018172,BOSTON PROPERTIES,BOSTON PROPERTIES,BOSTON PROPERTIES,MANHATTAN,599 LEXINGTON AVENUE,10001,Alteration,2026-03-24T04:00:00.000Z,JAMES CUNNINGHAM,,M01367152-I1,
018300,BOSTON PROPERTIES,BOSTON PROPERTIES,BOSTON PROPERTIES,MANHATTAN,767 5 AVENUE,06902,Alteration,2026-03-24T04:00:00.000Z,GUY TEDALDI,,M01367182-I1,
040423,BOSTON PROPERTIES,BOSTON PROPERTIES,BOSTON PROPERTIES,MANHATTAN,599 LEXINGTON AVENUE,10016,Alteration,2026-03-20T04:00:00.000Z,,,M01367343-I1,
071143,BOSTON PROPERTIES,BOSTON PROPERTIES,BOSTON PROPERTIES,MANHATTAN,601 LEXINGTON AVENUE,10036,Alteration,2026-04-14T04:00:00.000Z,,,M01252346-P2,
074657,BOSTON PROPERTIES,BOSTON PROPERTIES,BOSTON PROPERTIES,MANHATTAN,601 LEXINGTON AVENUE,10018,Alteration,2026-03-30T04:00:00.000Z,,,M01196171-P2,
076882,BOSTON PROPERTIES,BOSTON PROPERTIES,BOSTON PROPERTIES,MANHATTAN,360 PARK AVENUE SOUTH,10004,Alteration,2026-04-13T04:00:00.000Z,,,M01374907-S3,
078127,BOSTON PROPERTIES,BOSTON PROPERTIES,BOSTON PROPERTIES,MANHATTAN,510 MADISON AVENUE,110300019,Alteration,2026-04-01T04:00:00.000Z,,,M01366234-S1,
084213,BOSTON PROPERTIES,BOSTON PROPERTIES,BOSTON PROPERTIES,MANHATTAN,510 MADISON AVENUE,10001,Alteration,2026-03-23T04:00:00.000Z,,,M01366840-S1,
088264,BOSTON PROPERTIES,BOSTON PROPERTIES,BOSTON PROPERTIES,MANHATTAN,200 FIFTH AVENUE,10041,Alteration,2026-03-26T04:00:00.000Z,,,M01370642-I1,
089907,BOSTON PROPERTIES,BOSTON PROPERTIES,BOSTON PROPERTIES,MANHATTAN,7 TIMES SQUARE,10271,Alteration,2026-03-25T04:00:00.000Z,,,M01375230-S1,
090310,BOSTON PROPERTIES,BOSTON PROPERTIES,BOSTON PROPERTIES,MANHATTAN,200 FIFTH AVENUE,10041,Alteration,2026-03-26T04:00:00.000Z,,,M01370637-I1,
092491,BOSTON PROPERTIES,BOSTON PROPERTIES,BOSTON PROPERTIES,MANHATTAN,7 TIMES SQUARE,10119,Alteration,2026-04-01T04:00:00.000Z,,,M01375230-S2,
035645,BOTA PROPERTY MANAGEMENT LLC,BOTA PROPERTY MANAGEMENT LLC,BOTA PROPERTY MANAGEMENT LLC,MANHATTAN,140 WEST   69 STREET,10017,Alteration,2026-04-08T04:00:00.000Z,,,M01291332-P2,
036207,BOULEVARD TOGETHER DEVELOPER LLC,BOULEVARD TOGETHER DEVELOPER LLC,BOULEVARD TOGETHER DEVELOPER LLC,BROOKLYN,975 NOSTRAND AVENUE,10013,New Building,2026-03-27T04:00:00.000Z,,,B00622668-B7,
060272,BOULEVARD TOGETHER DEVELOPER LLC,BOULEVARD TOGETHER DEVELOPER LLC,BOULEVARD TOGETHER DEVELOPER LLC,BROOKLYN,20 5 STREET,10606,New Building,2026-04-07T04:00:00.000Z,,,B01337345-S2,
082466,BOULEVARD TOGETHER DEVELOPER LLC,BOULEVARD TOGETHER DEVELOPER LLC,BOULEVARD TOGETHER DEVELOPER LLC,BROOKLYN,20 5 STREET,10001,New Building,2026-04-08T04:00:00.000Z,,,B01337345-S3,
093935,BOULEVARD TOGETHER DEVELOPER LLC,BOULEVARD TOGETHER DEVELOPER LLC,BOULEVARD TOGETHER DEVELOPER LLC,BROOKLYN,975 NOSTRAND AVENUE,11552,New Building,2026-03-24T04:00:00.000Z,RODNEY DOWNES,,B00622668-Z2,
107579,BOUTIQ,BOUTIQ,BOUTIQ,MANHATTAN,23 AVENUE B,11373,Alteration,2026-03-24T04:00:00.000Z,,,M01374519-I1,
094767,"Bowery Hotel Top Floor LLC, Lessee","Bowery Hotel Top Floor LLC, Lessee","Bowery Hotel Top Floor LLC, Lessee",MANHATTAN,335 BOWERY,17603,Alteration,2026-03-24T04:00:00.000Z,,,M01026651-P3,
017665,BPC PROPERTY MANAGMENT,BPC PROPERTY MANAGMENT,BPC PROPERTY MANAGMENT,BROOKLYN,142 JORALEMON STREET,11201,Alteration,2026-04-06T04:00:00.000Z,FERNANDO DE JESUS,,B01355823-I1,
087583,BPP PCV OWNER LLC,BPP PCV OWNER LLC,BPP PCV OWNER LLC,MANHATTAN,510 EAST   23 STREET,08840,Alteration,2026-04-14T04:00:00.000Z,,,M01384136-I1,
046455,BPP ST OWNER LLC,BPP ST OWNER LLC,BPP ST OWNER LLC,MANHATTAN,6 STUYVESANT OVAL,11225,Alteration,2026-04-14T04:00:00.000Z,,,M01383464-I1,
089081,BPP ST OWNER LLC,BPP ST OWNER LLC,BPP ST OWNER LLC,MANHATTAN,322 1 AVENUE,11357,Alteration,2026-03-27T04:00:00.000Z,,,M01378660-I1,
099830,BPP ST OWNER LLC,BPP ST OWNER LLC,BPP ST OWNER LLC,MANHATTAN,334 1 AVENUE,11235,Alteration,2026-03-29T04:00:00.000Z,,,M01372230-I1,
014548,BRAUSE REALTY INC.,BRAUSE REALTY INC.,BRAUSE REALTY INC.,MANHATTAN,52 VANDERBILT AVENUE,10001,Alteration,2026-03-27T04:00:00.000Z,THOMAS BAXTER,,M01358347-I1,
085187,Bravon Capital LLC,Bravon Capital LLC,Bravon Capital LLC,BROOKLYN,246 7 STREET,10001,New Building,2026-03-26T04:00:00.000Z,,,B01315432-S5,
038503,BRC,BRC,BRC,BRONX,626 PELHAM PARKWAY SOUTH,11226,New Building,2026-03-27T04:00:00.000Z,,,X01375075-I1,
073158,BRC,BRC,BRC,MANHATTAN,1725 AMSTERDAM AVENUE,10018,Alteration,2026-03-30T04:00:00.000Z,,,M01226563-S2,
078489,BRC,BRC,BRC,BRONX,1097 WALTON AVENUE,10004,Alteration,2026-03-24T04:00:00.000Z,,,X00923849-P8,
082064,BRC,BRC,BRC,BRONX,626 PELHAM PARKWAY SOUTH,11050,New Building,2026-03-27T04:00:00.000Z,,,X01375075-S4,
101425,BRC,BRC,BRC,BRONX,626 PELHAM PARKWAY SOUTH,11742,New Building,2026-03-27T04:00:00.000Z,,,X01375075-S6,
034747,"BREEZY POINT COOPERATIVE, INC.","BREEZY POINT COOPERATIVE, INC.","BREEZY POINT COOPERATIVE, INC.",QUEENS,129 OCEANSIDE AVENUE,10310,New Building,2026-03-28T04:00:00.000Z,,,Q00495845-P6,
067409,"BREEZY POINT COOPERATIVE, INC.","BREEZY POINT COOPERATIVE, INC.","BREEZY POINT COOPERATIVE, INC.",QUEENS,13 ATLANTIC WALK,11238,New Building,2026-03-28T04:00:00.000Z,,,Q01369548-I1,
076707,"BREEZY POINT COOPERATIVE, INC.","BREEZY POINT COOPERATIVE, INC.","BREEZY POINT COOPERATIVE, INC.",QUEENS,993A BAYSIDE AVENUE,19006,Alteration,2026-04-10T04:00:00.000Z,,,Q01199421-P2,
078540,"BREEZY POINT COOPERATIVE, INC.","BREEZY POINT COOPERATIVE, INC.","BREEZY POINT COOPERATIVE, INC.",QUEENS,204-19 MARSHALL AVENUE,12590-3631,Alteration,2026-04-09T04:00:00.000Z,,,Q01385108-I1,
089525,"BREEZY POINT COOPERATIVE, INC.","BREEZY POINT COOPERATIVE, INC.","BREEZY POINT COOPERATIVE, INC.",QUEENS,108 WEST MARKET STREET,11379,Alteration,2026-04-14T04:00:00.000Z,,,Q01297793-P2,
097321,Briarwood Properties,Briarwood Properties,Briarwood Properties,QUEENS,36-35 BELL BOULEVARD,11358,Alteration,2026-03-24T04:00:00.000Z,,,Q01376406-I1,
091710,BRICKSTONE GROUP,BRICKSTONE GROUP,BRICKSTONE GROUP,BROOKLYN,370 HANCOCK STREET,11220,Alteration CO,2026-04-06T04:00:00.000Z,,,B01030961-A3,
097665,BRICKSTONE GROUP,BRICKSTONE GROUP,BRICKSTONE GROUP,BROOKLYN,736 LINCOLN PLACE,10469,Alteration,2026-04-01T04:00:00.000Z,,,B01289021-P2,
064829,BRICKWORK MANAGEMENT INC.,BRICKWORK MANAGEMENT INC.,BRICKWORK MANAGEMENT INC.,MANHATTAN,436 WEST   47 STREET,10018,Alteration,2026-04-14T04:00:00.000Z,,,M01120521-P3,
074933,"BRIDGE DEVELOPMENT PARTNERS, LLC","BRIDGE DEVELOPMENT PARTNERS, LLC","BRIDGE DEVELOPMENT PARTNERS, LLC",BROOKLYN,40 19 STREET,10005,New Building,2026-04-06T04:00:00.000Z,,,B08029013-A1,
090105,"BRIDGE DEVELOPMENT PARTNERS, LLC","BRIDGE DEVELOPMENT PARTNERS, LLC","BRIDGE DEVELOPMENT PARTNERS, LLC",BROOKLYN,40 19 STREET,64108,New Building,2026-04-10T04:00:00.000Z,,,B08029013-A6,
081532,BRIDGE ZALE CONSTRUCTION CORP.,BRIDGE ZALE CONSTRUCTION CORP.,BRIDGE ZALE CONSTRUCTION CORP.,BROOKLYN,632 HUMBOLDT STREET,11222,New Building,2026-03-26T04:00:00.000Z,,,B01293782-S3,
087797,BRIDGE ZALE CONSTRUCTION CORP.,BRIDGE ZALE CONSTRUCTION CORP.,BRIDGE ZALE CONSTRUCTION CORP.,BROOKLYN,632 HUMBOLDT STREET,11101,Full Demolition,2026-04-01T04:00:00.000Z,,,B01280624-P1,
102188,BRIGHTSTONE DEVELOPERS,BRIGHTSTONE DEVELOPERS,BRIGHTSTONE DEVELOPERS,BRONX,2159 MAPES AVENUE,11216,New Building,2026-03-24T04:00:00.000Z,,,X00740821-S2,
100821,BRITTON LAUNDROMAT LLC,BRITTON LAUNDROMAT LLC,BRITTON LAUNDROMAT LLC,QUEENS,41-03 99 STREET,07621,Alteration,2026-04-09T04:00:00.000Z,,,Q01382996-I1,
033288,BROADWALL MANAGEMENT,BROADWALL MANAGEMENT,BROADWALL MANAGEMENT,MANHATTAN,853 BROADWAY,10038,Alteration,2026-04-06T04:00:00.000Z,,,M01366794-I1,
094685,BROADWALL MANAGEMENT,BROADWALL MANAGEMENT,BROADWALL MANAGEMENT,MANHATTAN,853 BROADWAY,10018,Alteration,2026-04-13T04:00:00.000Z,,,M01366794-S2,
097738,BROADWALL MANAGEMENT,BROADWALL MANAGEMENT,BROADWALL MANAGEMENT,MANHATTAN,853 BROADWAY,07013,Alteration,2026-04-08T04:00:00.000Z,,,M01076580-P1,
082508,BROADWAY HOUSING COMMUNITIES,BROADWAY HOUSING COMMUNITIES,BROADWAY HOUSING COMMUNITIES,MANHATTAN,583 RIVERSIDE DRIVE,11772,Alteration,2026-04-14T04:00:00.000Z,,,M01171159-P2,
038321,BROADWAY ORGANIC DELI INC,BROADWAY ORGANIC DELI INC,BROADWAY ORGANIC DELI INC,BROOKLYN,1927 SURF AVENUE,11209,Alteration,2026-04-01T04:00:00.000Z,,,B01365384-I1,
046206,BRONSTEIN PROPERTIES LLC,BRONSTEIN PROPERTIES LLC,BRONSTEIN PROPERTIES LLC,MANHATTAN,359 FORT WASHINGTON AVENUE,11106,Alteration,2026-04-04T04:00:00.000Z,,,M01357034-S1,
072488,BRONX ARTS AND SCIENCE CHARTER SCHO,BRONX ARTS AND SCIENCE CHARTER SCHO,BRONX ARTS AND SCIENCE CHARTER SCHO,BRONX,2800 BRUCKNER BOULEVARD,11550,Alteration,2026-04-13T04:00:00.000Z,,,X01377840-S1,
042648,Bronx Gardens Rehabilitation LLC,Bronx Gardens Rehabilitation LLC,Bronx Gardens Rehabilitation LLC,MANHATTAN,34 WEST  139 STREET,11205,Alteration CO,2026-03-31T04:00:00.000Z,,,M01379346-I1,
073548,Bronx Gardens Rehabilitation LLC,Bronx Gardens Rehabilitation LLC,Bronx Gardens Rehabilitation LLC,BROOKLYN,1490 MCDONALD AVENUE,10018,New Building,2026-03-27T04:00:00.000Z,,,B00998383-S4,
104807,BRONXWORKS,BRONXWORKS,BRONXWORKS,BRONX,1130 GRAND CONCOURSE,07070,Alteration,2026-04-08T04:00:00.000Z,,,X01377142-I1,
058375,BROOKDALE HOSPITAL MEDICAL CENTER,BROOKDALE HOSPITAL MEDICAL CENTER,BROOKDALE HOSPITAL MEDICAL CENTER,BROOKLYN,6 VITAL AVENUE,10018,Alteration,2026-04-02T04:00:00.000Z,,,B01373510-S1,
097208,BROOKDALE HOSPITAL MEDICAL CENTER,BROOKDALE HOSPITAL MEDICAL CENTER,BROOKDALE HOSPITAL MEDICAL CENTER,BROOKLYN,585 SCHENECTADY AVENUE,07920,Alteration,2026-03-22T04:00:00.000Z,,,B01361821-I1,
043509,BROOKFIELD PROPERTIES,BROOKFIELD PROPERTIES,BROOKFIELD PROPERTIES,STATEN ISLAND,2667 RICHMOND AVENUE,11377,Alteration,2026-03-25T04:00:00.000Z,,,S01344456-I1,
107126,BROOKFIELD PROPERTIES,BROOKFIELD PROPERTIES,BROOKFIELD PROPERTIES,STATEN ISLAND,2655 RICHMOND AVENUE,16051,Alteration,2026-03-26T04:00:00.000Z,,,S01358332-I1,
058384,Brookfield Properties Op By CBRE,Brookfield Properties Op By CBRE,Brookfield Properties Op By CBRE,MANHATTAN,300 MADISON AVENUE,10005,Alteration,2026-04-14T04:00:00.000Z,,,M01371673-S4,
092491,Brookfield Properties Op By CBRE,Brookfield Properties Op By CBRE,Brookfield Properties Op By CBRE,MANHATTAN,300 MADISON AVENUE,10119,Alteration,2026-04-10T04:00:00.000Z,,,M01371673-S1,
094452,Brooklive Management,Brooklive Management,Brooklive Management,QUEENS,13-30 BEACH CHANNEL DRIVE,11374,Alteration,2026-03-19T04:00:00.000Z,,,Q01368453-I1,
101149,Brooklive Management,Brooklive Management,Brooklive Management,QUEENS,13-30 BEACH CHANNEL DRIVE,11968,Alteration,2026-04-02T04:00:00.000Z,,,Q01380047-I1,
083458,BROOKLYN BRIDGE PARK,BROOKLYN BRIDGE PARK,BROOKLYN BRIDGE PARK,BROOKLYN,334 FURMAN STREET,10018,Alteration,2026-03-30T04:00:00.000Z,,,B01373370-I1,
096508,BROOKLYN FINEST SOUL FOOD AND CARIB,BROOKLYN FINEST SOUL FOOD AND CARIB,BROOKLYN FINEST SOUL FOOD AND CARIB,BROOKLYN,1476 PITKIN AVENUE,11101,Alteration,2026-03-30T04:00:00.000Z,,,B01059890-P3,
102362,Brooklyn Home Management,Brooklyn Home Management,Brooklyn Home Management,BROOKLYN,161 REMSEN STREET,11747,Alteration,2026-03-22T04:00:00.000Z,,,B01375261-I1,
084072,BROOKLYN IQ PROPERTIES,BROOKLYN IQ PROPERTIES,BROOKLYN IQ PROPERTIES,BROOKLYN,12 KOSSUTH PLACE,11356,ALT-CO - New Building with Existing Elements to Remain,2026-03-30T04:00:00.000Z,,,B01236237-S6,
104711,BROOKLYN MUSEUM,BROOKLYN MUSEUM,BROOKLYN MUSEUM,BROOKLYN,200 EASTERN PARKWAY,11757,Alteration,2026-03-20T04:00:00.000Z,,,B01260696-P2,
074696,BROOKLYN NAVY YARD,BROOKLYN NAVY YARD,BROOKLYN NAVY YARD,BROOKLYN,144 BROOKLYN NAVY YARD,10018,Alteration CO,2026-03-29T04:00:00.000Z,RICHARD SORG,,B01372268-S7,
084333,BROOKLYN NAVY YARD,BROOKLYN NAVY YARD,BROOKLYN NAVY YARD,BROOKLYN,204 BROOKLYN NAVY YARD,11370,Alteration,2026-03-19T04:00:00.000Z,RICHARD SORG,,B01374570-I1,
091028,BROOKLYN NAVY YARD,BROOKLYN NAVY YARD,BROOKLYN NAVY YARD,BROOKLYN,202 BROOKLYN NAVY YARD,11747,Alteration,2026-03-27T04:00:00.000Z,RICHARD SORG,,B01358632-S1,
101389,BROOKLYN NAVY YARD,BROOKLYN NAVY YARD,BROOKLYN NAVY YARD,BROOKLYN,144 BROOKLYN NAVY YARD,10018,Alteration CO,2026-03-29T04:00:00.000Z,RICHARD SORG,,B01372268-S8,
093902,BROOKLYN PUBLIC LIBRARY,BROOKLYN PUBLIC LIBRARY,BROOKLYN PUBLIC LIBRARY,BROOKLYN,7 WOLCOTT STREET,11788,Alteration,2026-04-08T04:00:00.000Z,JAMES DRISCOLL,,B01186139-P1,
090847,Brooklyn Warren LLC,Brooklyn Warren LLC,Brooklyn Warren LLC,BROOKLYN,682 WARREN STREET,10036,Alteration,2026-03-24T04:00:00.000Z,,,B01342610-I1,
039243,BROWN HARRIS STEVENS,BROWN HARRIS STEVENS,BROWN HARRIS STEVENS,MANHATTAN,998 5 AVENUE,10018,Alteration,2026-04-14T04:00:00.000Z,,,M01336757-P1,
043983,BROWN HARRIS STEVENS,BROWN HARRIS STEVENS,BROWN HARRIS STEVENS,MANHATTAN,1050 5 AVENUE,11225,Alteration,2026-03-27T04:00:00.000Z,,,M01371236-I1,
045923,BROWN HARRIS STEVENS,BROWN HARRIS STEVENS,BROWN HARRIS STEVENS,MANHATTAN,112 EAST   74 STREET,11201,Alteration,2026-04-10T04:00:00.000Z,,,M01377130-I1,
072627,BROWN HARRIS STEVENS,BROWN HARRIS STEVENS,BROWN HARRIS STEVENS,MANHATTAN,315 EAST   68 STREET,11791,Alteration,2026-04-06T04:00:00.000Z,,,M01367585-I1,
079743,BROWN HARRIS STEVENS,BROWN HARRIS STEVENS,BROWN HARRIS STEVENS,MANHATTAN,112 EAST   74 STREET,07960,Alteration,2026-04-10T04:00:00.000Z,,,M01377130-S1,
093345,BROWN HARRIS STEVENS,BROWN HARRIS STEVENS,BROWN HARRIS STEVENS,MANHATTAN,630 PARK AVENUE,10018,Alteration,2026-04-09T04:00:00.000Z,,,M00467897-P2,
040300,Brown Harris Stevens Residential Ma,Brown Harris Stevens Residential Ma,Brown Harris Stevens Residential Ma,MANHATTAN,422 EAST   72 STREET,11221,Alteration,2026-04-02T04:00:00.000Z,,,M01274340-P2,
105641,Brown Harris Stevens Residential Ma,Brown Harris Stevens Residential Ma,Brown Harris Stevens Residential Ma,MANHATTAN,25 EAST END AVENUE,10018,Alteration,2026-03-19T04:00:00.000Z,,,M01369983-I1,
017025,BROWN HARRIS STEVENS RESIDENTIAL MA,BROWN HARRIS STEVENS RESIDENTIAL MA,BROWN HARRIS STEVENS RESIDENTIAL MA,MANHATTAN,3 EAST   71 STREET,06878,Alteration,2026-03-27T04:00:00.000Z,,,M01336148-S1,
030672,BROWN HARRIS STEVENS RESIDENTIAL MA,BROWN HARRIS STEVENS RESIDENTIAL MA,BROWN HARRIS STEVENS RESIDENTIAL MA,MANHATTAN,180 EAST END AVENUE,10022,Alteration,2026-04-01T04:00:00.000Z,SAKET MIMIDINOVSKI,,M01378741-S1,
072627,BROWN HARRIS STEVENS RESIDENTIAL MA,BROWN HARRIS STEVENS RESIDENTIAL MA,BROWN HARRIS STEVENS RESIDENTIAL MA,MANHATTAN,137 WOOSTER STREET,11791,Alteration,2026-04-03T04:00:00.000Z,,,M01267565-I1,
045563,BROWNSTONE MANAGEMENT,BROWNSTONE MANAGEMENT,BROWNSTONE MANAGEMENT,BROOKLYN,140 FIFTH AVENUE,11103,Alteration,2026-04-03T04:00:00.000Z,,,B01207808-S3,
065567,BROWNSTONE MANAGEMENT,BROWNSTONE MANAGEMENT,BROWNSTONE MANAGEMENT,BROOKLYN,140 FIFTH AVENUE,11563,Alteration,2026-04-05T04:00:00.000Z,,,B01207808-P1,
108063,BRP COMPANIES,BRP COMPANIES,BRP COMPANIES,BROOKLYN,806 FLATBUSH AVENUE,07060,Alteration,2026-04-09T04:00:00.000Z,,,B01372449-I1,
089081,BRP DEVELOPMENT CORP,BRP DEVELOPMENT CORP,BRP DEVELOPMENT CORP,QUEENS,90-16 168 STREET,11357,Alteration,2026-03-19T04:00:00.000Z,,,Q01226393-P3,
094686,BRP DEVELOPMENT CORP,BRP DEVELOPMENT CORP,BRP DEVELOPMENT CORP,QUEENS,92-25 GUY R BREWER BOULEVARD,11363,Alteration,2026-04-01T04:00:00.000Z,,,Q01367472-S1,
098153,BRP DEVELOPMENT CORP,BRP DEVELOPMENT CORP,BRP DEVELOPMENT CORP,QUEENS,163-25 ARCHER AVENUE,37067,Alteration,2026-04-10T04:00:00.000Z,,,Q01385322-I1,
097111,BRUCKNER BOULEVARD OWNER LLC,BRUCKNER BOULEVARD OWNER LLC,BRUCKNER BOULEVARD OWNER LLC,QUEENS,24-02 49 AVENUE,07450,Alteration,2026-04-14T04:00:00.000Z,,,Q01385298-I1,
041382,BRUSCO REALTY MANAGEMENT LLC,BRUSCO REALTY MANAGEMENT LLC,BRUSCO REALTY MANAGEMENT LLC,MANHATTAN,508 WEST  112 STREET,11375,Alteration,2026-04-13T04:00:00.000Z,,,M01315246-P1,
027722,"BSC HOUSING COMPANY, INC","BSC HOUSING COMPANY, INC","BSC HOUSING COMPANY, INC",BROOKLYN,1540 VAN SICLEN AVENUE,10004,Alteration,2026-03-23T04:00:00.000Z,JORGE JIRON,,B01374504-I1,
086357,"BSC HOUSING COMPANY, INC","BSC HOUSING COMPANY, INC","BSC HOUSING COMPANY, INC",BROOKLYN,1266 CROTON LOOP,10018,Alteration,2026-04-03T04:00:00.000Z,,,B01027713-P2,
075876,BSD 4422 AVENUE M LLC,BSD 4422 AVENUE M LLC,BSD 4422 AVENUE M LLC,BRONX,2667 BRIGGS AVENUE,11576,Alteration,2026-04-14T04:00:00.000Z,,,X01368910-I1,
073403,BSD 530 BROADWAY PROPCO,BSD 530 BROADWAY PROPCO,BSD 530 BROADWAY PROPCO,MANHATTAN,530 BROADWAY,10005,Alteration,2026-04-13T04:00:00.000Z,,,M01196439-P9,
044086,BSD MIDDLETON LLC,BSD MIDDLETON LLC,BSD MIDDLETON LLC,BROOKLYN,125 MIDDLETON STREET,10001,New Building,2026-03-26T04:00:00.000Z,,,B00750243-A5,
043654,BSE GLOBAL,BSE GLOBAL,BSE GLOBAL,BROOKLYN,620 ATLANTIC AVENUE,10001,Alteration,2026-04-02T04:00:00.000Z,,,B01382143-I1,
084472,BSE GLOBAL,BSE GLOBAL,BSE GLOBAL,BROOKLYN,620 ATLANTIC AVENUE,10271,Alteration,2026-04-14T04:00:00.000Z,,,B01373993-P1,
087084,BSE GLOBAL,BSE GLOBAL,BSE GLOBAL,BROOKLYN,620 ATLANTIC AVENUE,10018,Alteration,2026-04-06T04:00:00.000Z,,,B01352065-P1,
091708,BSE GLOBAL,BSE GLOBAL,BSE GLOBAL,BROOKLYN,620 ATLANTIC AVENUE,11801,Alteration,2026-04-01T04:00:00.000Z,,,B01374253-I1,
098532,BSE GLOBAL,BSE GLOBAL,BSE GLOBAL,BROOKLYN,620 ATLANTIC AVENUE,38565,Alteration,2026-03-24T04:00:00.000Z,,,B01374916-I1,
099274,BSE GLOBAL,BSE GLOBAL,BSE GLOBAL,BROOKLYN,620 ATLANTIC AVENUE,10001,Alteration,2026-03-27T04:00:00.000Z,,,B01367780-I1,
089068,BT GENERAL BUILDERS INC,BT GENERAL BUILDERS INC,BT GENERAL BUILDERS INC,BROOKLYN,10 HOWARD AVENUE,11415,New Building,2026-03-31T04:00:00.000Z,,,B01322526-I1,
032042,BTN Food Corp,BTN Food Corp,BTN Food Corp,BROOKLYN,482A KINGS HIGHWAY,11220,Alteration,2026-03-27T04:00:00.000Z,,,B01375479-I1,
089525,BTO VENTURES INC,BTO VENTURES INC,BTO VENTURES INC,STATEN ISLAND,2093 HYLAN BOULEVARD,11379,Alteration,2026-03-27T04:00:00.000Z,,,S01369975-I1,
014327,BUCHBINDER & WARREN LLC,BUCHBINDER & WARREN LLC,BUCHBINDER & WARREN LLC,MANHATTAN,31 EAST   12 STREET,10018,Alteration,2026-04-07T04:00:00.000Z,,,M01276866-P1,
018270,BUCHBINDER & WARREN LLC,BUCHBINDER & WARREN LLC,BUCHBINDER & WARREN LLC,MANHATTAN,164 BANK STREET,11231,Alteration,2026-03-23T04:00:00.000Z,GARY GIDMAN,,M01244743-P1,
041347,BUCHBINDER & WARREN LLC,BUCHBINDER & WARREN LLC,BUCHBINDER & WARREN LLC,MANHATTAN,100 5 AVENUE,10304,Alteration,2026-03-24T04:00:00.000Z,,,M01369758-I1,
062624,BUCHBINDER & WARREN LLC,BUCHBINDER & WARREN LLC,BUCHBINDER & WARREN LLC,MANHATTAN,5 EAST   16 STREET,10605,Alteration,2026-03-26T04:00:00.000Z,,,M01107604-P1,
092346,BUCHBINDER & WARREN LLC,BUCHBINDER & WARREN LLC,BUCHBINDER & WARREN LLC,MANHATTAN,124 MACDOUGAL STREET,10017,Alteration,2026-03-31T04:00:00.000Z,,,M01376132-I1,
015882,BUILDING 163 SC HDFC,BUILDING 163 SC HDFC,BUILDING 163 SC HDFC,QUEENS,88-49 163 STREET,11101,New Building,2026-03-25T04:00:00.000Z,,,Q01043294-P3,
071719,BUILDING 163 SC HDFC,BUILDING 163 SC HDFC,BUILDING 163 SC HDFC,QUEENS,88-49 163 STREET,11377,New Building,2026-03-23T04:00:00.000Z,,,Q01043294-Z1,
072575,BUILDING 163 SC HDFC,BUILDING 163 SC HDFC,BUILDING 163 SC HDFC,QUEENS,88-49 163 STREET,10122,New Building,2026-03-30T04:00:00.000Z,,,Q01043294-P6,
082894,BUILDING 163 SC HDFC,BUILDING 163 SC HDFC,BUILDING 163 SC HDFC,QUEENS,88-49 163 STREET,10016,New Building,2026-03-25T04:00:00.000Z,,,Q01043294-P5,
046932,BUILDING EQUITY MANAGEMENT,BUILDING EQUITY MANAGEMENT,BUILDING EQUITY MANAGEMENT,MANHATTAN,1260 AMSTERDAM AVENUE,10001,Alteration,2026-03-25T04:00:00.000Z,,,M01304715-I1,
037932,Building Equity Management LLC,Building Equity Management LLC,Building Equity Management LLC,MANHATTAN,13 BARROW STREET,11231,Alteration,2026-03-20T04:00:00.000Z,,,M01357923-I1,
071681,Building Equity Management LLC,Building Equity Management LLC,Building Equity Management LLC,MANHATTAN,13 BARROW STREET,10010,Alteration,2026-03-20T04:00:00.000Z,,,M01357923-S1,
095975,BUILDING EQUITY MANAGEMENT LLC,BUILDING EQUITY MANAGEMENT LLC,BUILDING EQUITY MANAGEMENT LLC,MANHATTAN,325 BROOME STREET,10018,Alteration,2026-04-08T04:00:00.000Z,,,M01357942-I1,
068464,BUILDING INSPCETIONS,BUILDING INSPCETIONS,BUILDING INSPCETIONS,MANHATTAN,314 WEST   95 STREET,10010,Alteration,2026-04-14T04:00:00.000Z,,,M01133756-P1,
040256,BUILTRIGHT BUILDERS,BUILTRIGHT BUILDERS,BUILTRIGHT BUILDERS,BROOKLYN,1444 53 STREET,11373,Alteration,2026-04-13T04:00:00.000Z,,,B01380427-I1,
018861,BUSHBURG BUILDERS LLC,BUSHBURG BUILDERS LLC,BUSHBURG BUILDERS LLC,MANHATTAN,110 MAIDEN LANE,10004,Alteration CO,2026-03-27T04:00:00.000Z,KEITH ADAMS,,M01376401-I1,
072792,BZ Development Group Inc,BZ Development Group Inc,BZ Development Group Inc,QUEENS,42-81 HUNTER STREET,11358,Full Demolition,2026-04-06T04:00:00.000Z,,,Q01379201-I1,
089081,C & J LEE LLC,C & J LEE LLC,C & J LEE LLC,BROOKLYN,756 FLATBUSH AVENUE,11357,Alteration,2026-04-01T04:00:00.000Z,,,B01240968-P6,
076501,"C.R.U. MECHANICAL & HEATING, INC.","C.R.U. MECHANICAL & HEATING, INC.","C.R.U. MECHANICAL & HEATING, INC.",BROOKLYN,1742 PITKIN AVENUE,11545,Alteration CO,2026-04-06T04:00:00.000Z,,,B00669603-P2,
065035,C/O RESOLUTION REAL ESTATE,C/O RESOLUTION REAL ESTATE,C/O RESOLUTION REAL ESTATE,MANHATTAN,24 UNION SQUARE EAST,10018,Alteration,2026-03-27T04:00:00.000Z,,,M01372187-I1,
095521,C&C REALTY USA LLC,C&C REALTY USA LLC,C&C REALTY USA LLC,BROOKLYN,1724 WEST   13 STREET,11220,Alteration,2026-04-08T04:00:00.000Z,,,B01339567-P2,
042976,C+C MANAGEMENT,C+C MANAGEMENT,C+C MANAGEMENT,BROOKLYN,1339 LINCOLN PLACE,12817,Alteration,2026-04-10T04:00:00.000Z,,,B01384480-I1,
088969,C+C MANAGEMENT,C+C MANAGEMENT,C+C MANAGEMENT,QUEENS,57-25 ROCKAWAY BEACH BOULEVARD,10001,Alteration,2026-03-20T04:00:00.000Z,,,Q01111437-P1,
074129,C26 DEVELOPMENT LLC,C26 DEVELOPMENT LLC,C26 DEVELOPMENT LLC,BROOKLYN,1335 EAST   65 STREET,11001,New Building,2026-04-06T04:00:00.000Z,DANIEL MEGNA,,B01116136-P6,
093795,C2R MANAGEMENT,C2R MANAGEMENT,C2R MANAGEMENT,BROOKLYN,24 JEWEL STREET,11021,New Building,2026-03-25T04:00:00.000Z,N BECACCIO,,B00816808-P5,
107610,CAFE Y ALGO MAS,CAFE Y ALGO MAS,CAFE Y ALGO MAS,QUEENS,98-11 ASTORIA BOULEVARD,11221,Alteration,2026-04-05T04:00:00.000Z,,,Q01382754-I1,
018861,"CAMBA HOUSING VENTURES, INC.","CAMBA HOUSING VENTURES, INC.","CAMBA HOUSING VENTURES, INC.",BROOKLYN,329 CLARKSON AVENUE,10004,New Building,2026-04-09T04:00:00.000Z,KEITH ADAMS,,B00681143-A9,
095835,CAMMEBY'S MANAGEMENT COMPANY LLC,CAMMEBY'S MANAGEMENT COMPANY LLC,CAMMEBY'S MANAGEMENT COMPANY LLC,MANHATTAN,42 BROADWAY,11220,Alteration,2026-04-10T04:00:00.000Z,,,M01349169-I1,
108030,CAMMEBY'S MANAGEMENT COMPANY LLC,CAMMEBY'S MANAGEMENT COMPANY LLC,CAMMEBY'S MANAGEMENT COMPANY LLC,MANHATTAN,42 BROADWAY,10122,Alteration,2026-04-13T04:00:00.000Z,,,M01367891-I1,
107592,CANDOR CAPITAL ONE LLC,CANDOR CAPITAL ONE LLC,CANDOR CAPITAL ONE LLC,MANHATTAN,500 WEST  218 STREET,10016,Alteration,2026-03-31T04:00:00.000Z,,,M01379001-I1,
108302,Cannon Hill Capiital LLC,Cannon Hill Capiital LLC,Cannon Hill Capiital LLC,MANHATTAN,101 FRANKLIN STREET,37067,Alteration,2026-04-03T04:00:00.000Z,,,M01335996-S1,
047176,CANNON HILL CAPITAL PARTNERS,CANNON HILL CAPITAL PARTNERS,CANNON HILL CAPITAL PARTNERS,MANHATTAN,1180 6 AVENUE,60018,Alteration,2026-03-27T04:00:00.000Z,,,M01377640-I1,
058375,CANNON HILL CAPITAL PARTNERS,CANNON HILL CAPITAL PARTNERS,CANNON HILL CAPITAL PARTNERS,MANHATTAN,1180 6 AVENUE,10018,Alteration,2026-04-02T04:00:00.000Z,,,M01378952-S1,
099274,CANNON HILL CAPITAL PARTNERS,CANNON HILL CAPITAL PARTNERS,CANNON HILL CAPITAL PARTNERS,MANHATTAN,1180 6 AVENUE,10001,Alteration,2026-03-27T04:00:00.000Z,,,M01377640-S1,
035780,Cantina Sociale Bedstuy Inc.,Cantina Sociale Bedstuy Inc.,Cantina Sociale Bedstuy Inc.,BROOKLYN,185 HOWARD AVENUE,11221,Alteration,2026-04-13T04:00:00.000Z,,,B01350113-P1,
034303,CANVAS PROPERTY GROUP,CANVAS PROPERTY GROUP,CANVAS PROPERTY GROUP,BROOKLYN,89 7 AVENUE,10017,Alteration,2026-04-10T04:00:00.000Z,,,B01375188-I1,
018935,CAPITAL PROPERTIES,CAPITAL PROPERTIES,CAPITAL PROPERTIES,MANHATTAN,115 BROADWAY,10018,Alteration,2026-03-26T04:00:00.000Z,CHARLES BUBROWIECKI,,M01368515-I1,
066243,CAPITAL PROPERTIES,CAPITAL PROPERTIES,CAPITAL PROPERTIES,MANHATTAN,115 BROADWAY,10001,Alteration,2026-03-31T04:00:00.000Z,,,M01368521-I1,
040360,CAPITOL DISTRIBUTORS CORP.,CAPITOL DISTRIBUTORS CORP.,CAPITOL DISTRIBUTORS CORP.,QUEENS,30-35 THOMSON AVENUE,11791,Alteration,2026-04-02T04:00:00.000Z,,,Q01344181-S2,
014327,CARLTON HOUSE,CARLTON HOUSE,CARLTON HOUSE,MANHATTAN,29 WEST   35 STREET,10018,Alteration,2026-03-23T04:00:00.000Z,,,M01354368-I1,
036862,CARLTON HOUSE,CARLTON HOUSE,CARLTON HOUSE,MANHATTAN,680 MADISON AVENUE,10013,Alteration,2026-04-10T04:00:00.000Z,,,M01374282-I1,
087797,Carlyle Development Group,Carlyle Development Group,Carlyle Development Group,BRONX,5501 PALISADES AVENUE,11101,Full Demolition,2026-04-14T04:00:00.000Z,,,X01343546-S1,
032041,CARNEGIE HALL CORP,CARNEGIE HALL CORP,CARNEGIE HALL CORP,MANHATTAN,881 SEVENTH AVENUE,10018,Alteration,2026-04-13T04:00:00.000Z,,,M00628823-P1,
016357,CARNEGIE HILL PROPERTIES,CARNEGIE HILL PROPERTIES,CARNEGIE HILL PROPERTIES,MANHATTAN,154 WEST   70 STREET,10030,Alteration,2026-04-02T04:00:00.000Z,FRANCIS LOVE,,M00980014-P2,
070045,CARNEGIE HILL PROPERTIES,CARNEGIE HILL PROPERTIES,CARNEGIE HILL PROPERTIES,MANHATTAN,154 WEST   70 STREET,10001,Alteration,2026-04-10T04:00:00.000Z,,,M01378340-I1,
046877,CARNEGIE PARK CONDOMINIUM,CARNEGIE PARK CONDOMINIUM,CARNEGIE PARK CONDOMINIUM,MANHATTAN,200 EAST   94 STREET,10001,Alteration,2026-03-24T04:00:00.000Z,,,M01366982-I1,
091999,Carx.motors.lnc,Carx.motors.lnc,Carx.motors.lnc,QUEENS,53-21 NORTHERN BOULEVARD,11580,Alteration,2026-04-05T04:00:00.000Z,,,Q01381249-I1,
066182,CASABE II HDFC INC,CASABE II HDFC INC,CASABE II HDFC INC,MANHATTAN,150 EAST  121 STREET,11782,Alteration,2026-03-26T04:00:00.000Z,,,M01378390-I1,
080951,CASAFOOD INC,CASAFOOD INC,CASAFOOD INC,BRONX,3706 3 AVENUE,11514,Alteration,2026-03-30T04:00:00.000Z,,,X01354324-S1,
098386,CASINO MANSIONS INC,CASINO MANSIONS INC,CASINO MANSIONS INC,BROOKLYN,200 HICKS STREET,10017,Alteration,2026-04-09T04:00:00.000Z,,,B01381593-I1,
010291,CASTLE CONTRACTING CORP,CASTLE CONTRACTING CORP,CASTLE CONTRACTING CORP,STATEN ISLAND,4163C AMBOY ROAD,10305,Alteration,2026-04-09T04:00:00.000Z,MARLON ATHERLEY,,S01305489-I1,
104414,Castling Capital Group,Castling Capital Group,Castling Capital Group,BRONX,175 ECHO PLACE,11432,New Building,2026-03-29T04:00:00.000Z,,,X01379161-I1,
089728,Catch&Crunch,Catch&Crunch,Catch&Crunch,QUEENS,87-14B ROCKAWAY BEACH BOULEVARD,08816,Alteration,2026-04-09T04:00:00.000Z,,,Q01373955-I1,
081124,CATHOLIC CHARITIES DIOCESE OF BROOK,CATHOLIC CHARITIES DIOCESE OF BROOK,CATHOLIC CHARITIES DIOCESE OF BROOK,BROOKLYN,29 GREENE AVENUE,10016,Alteration,2026-03-24T04:00:00.000Z,,,B01345814-I1,
071143,CBRE,CBRE,CBRE,MANHATTAN,285 MADISON AVENUE,10036,Alteration,2026-03-27T04:00:00.000Z,,,M01363486-S2,
077830,CBRE,CBRE,CBRE,MANHATTAN,300 VESEY STREET,10281,Alteration,2026-03-24T04:00:00.000Z,,,M01321817-S1,
079022,CBRE,CBRE,CBRE,MANHATTAN,715 FIFTH AVENUE,10002,Alteration,2026-04-06T04:00:00.000Z,ANTHONY DISANZA,,M01356337-I1,
085429,CBRE,CBRE,CBRE,MANHATTAN,285 MADISON AVENUE,10001,Alteration,2026-03-27T04:00:00.000Z,,,M01363486-S4,
093174,CBRE,CBRE,CBRE,MANHATTAN,240 WEST   35 STREET,10541,Alteration,2026-03-25T04:00:00.000Z,,,M01373742-I1,
097817,CBRE,CBRE,CBRE,QUEENS,3202 QUEENS BOULEVARD,11106,Alteration,2026-04-02T04:00:00.000Z,,,Q01242336-P2,
071143,CBRE INC.,CBRE INC.,CBRE INC.,MANHATTAN,641 AVENUE OF THE AMERICAS,10036,Alteration,2026-03-24T04:00:00.000Z,,,M01221603-P1,
108976,CBS BROADCASTING INC.,CBS BROADCASTING INC.,CBS BROADCASTING INC.,MANHATTAN,518 WEST   57 STREET,11423,Alteration,2026-03-27T04:00:00.000Z,,,M01283090-P1,
072792,CCJ Capital LLC,CCJ Capital LLC,CCJ Capital LLC,QUEENS,30-86 CRESCENT STREET,11358,Full Demolition,2026-03-31T04:00:00.000Z,,,Q01376245-I1,
037417,CCM DESIGN & CONSULTING,CCM DESIGN & CONSULTING,CCM DESIGN & CONSULTING,BROOKLYN,66 BAYRIDGE AVENUE,07055,Alteration,2026-03-25T04:00:00.000Z,,,B01374185-S1,
072914,CDP General Contractors LLC,CDP General Contractors LLC,CDP General Contractors LLC,MANHATTAN,1920 AMSTERDAM AVENUE,10038,Alteration,2026-03-30T04:00:00.000Z,,,M01284753-P2,
089728,Ceci's Kitchen,Ceci's Kitchen,Ceci's Kitchen,MANHATTAN,52A SHERMAN AVENUE,08816,Alteration,2026-04-09T04:00:00.000Z,,,M01093716-I1,
090341,CEDARBRIDGE,CEDARBRIDGE,CEDARBRIDGE,MANHATTAN,4300 BROADWAY,10471,Alteration,2026-03-26T04:00:00.000Z,,,M01348699-I1,
104614,CELAJ MANAGEMENT CORP,CELAJ MANAGEMENT CORP,CELAJ MANAGEMENT CORP,BRONX,655 EAST  233 STREET,11354,Alteration,2026-04-07T04:00:00.000Z,,,X01373875-I1,
085879,Center for Constitutional Rights,Center for Constitutional Rights,Center for Constitutional Rights,MANHATTAN,666 BROADWAY,10601,Alteration,2026-03-29T04:00:00.000Z,,,M01364956-S1,
070884,CENTER FOR FAMILY LIFE,CENTER FOR FAMILY LIFE,CENTER FOR FAMILY LIFE,BROOKLYN,443 39 STREET,11747,Alteration,2026-03-31T04:00:00.000Z,,,B01377569-I1,
046100,CENTERPOINT PROPERTIES,CENTERPOINT PROPERTIES,CENTERPOINT PROPERTIES,BROOKLYN,10250 FOSTER AVENUE,10038,Alteration,2026-03-27T04:00:00.000Z,,,B01378743-I1,
079046,CENTERPOINT PROPERTIES,CENTERPOINT PROPERTIES,CENTERPOINT PROPERTIES,BROOKLYN,10250 FOSTER AVENUE,10018,Alteration,2026-04-09T04:00:00.000Z,,,B01378743-S4,
079524,CENTERPOINT PROPERTIES,CENTERPOINT PROPERTIES,CENTERPOINT PROPERTIES,BROOKLYN,10250 FOSTER AVENUE,10018,Alteration,2026-03-29T04:00:00.000Z,,,B01378743-S2,
085877,CENTERS HEALTH CARE,CENTERS HEALTH CARE,CENTERS HEALTH CARE,BROOKLYN,4915 10 AVENUE,10041,Alteration,2026-04-09T04:00:00.000Z,,,B01294872-S1,
078515,CENTRAL QUEENS PROPERTIES,CENTRAL QUEENS PROPERTIES,CENTRAL QUEENS PROPERTIES,QUEENS,86-15 ELMHURST AVENUE,11363,Alteration,2026-04-02T04:00:00.000Z,,,Q01380061-I1,
086583,CENTRAL REALTY LIC LLC,CENTRAL REALTY LIC LLC,CENTRAL REALTY LIC LLC,QUEENS,21-11 31 STREET,11377,New Building,2026-04-09T04:00:00.000Z,,,Q01054670-P7,
109901,CENTRAL UTA,CENTRAL UTA,CENTRAL UTA,BROOKLYN,50 TAAFFE PLACE,07677,Alteration,2026-03-30T04:00:00.000Z,,,B01369586-I1,
074354,CENTURY DEVELOPMENT GROUP,CENTURY DEVELOPMENT GROUP,CENTURY DEVELOPMENT GROUP,QUEENS,11-03 45 AVENUE,07036,Full Demolition,2026-04-14T04:00:00.000Z,,,Q01376988-I1,
083478,CENTURY HOLDING LLC,CENTURY HOLDING LLC,CENTURY HOLDING LLC,BROOKLYN,162 EAST   19 STREET,11004,Alteration,2026-03-19T04:00:00.000Z,,,B01374784-I1,
015046,"Century Management Services, Inc","Century Management Services, Inc","Century Management Services, Inc",MANHATTAN,155 EAST   34 STREET,11563,Alteration,2026-04-07T04:00:00.000Z,,,M01348803-I1,
100790,CERCONE EXTERIOR RESTORATION,CERCONE EXTERIOR RESTORATION,CERCONE EXTERIOR RESTORATION,MANHATTAN,405 WEST  118 STREET,10007,Alteration,2026-03-26T04:00:00.000Z,,,M01271439-P1,
089378,"CERYNEIAN MGT, LLC","CERYNEIAN MGT, LLC","CERYNEIAN MGT, LLC",BROOKLYN,204 LIVINGSTON STREET,08872,Alteration,2026-03-30T04:00:00.000Z,,,B01374558-I1,
037199,CEZAR H LLC,CEZAR H LLC,CEZAR H LLC,BRONX,1780 TOPPING AVENUE,10018,New Building,2026-03-26T04:00:00.000Z,,,X01139238-P2,
051224,CFA MANAGEMENT INC.,CFA MANAGEMENT INC.,CFA MANAGEMENT INC.,MANHATTAN,480 BROOME STREET,07652,Alteration,2026-04-13T04:00:00.000Z,,,M01365629-I1,
091834,CHANDA ENGINEERING CONSULTANT PC,CHANDA ENGINEERING CONSULTANT PC,CHANDA ENGINEERING CONSULTANT PC,QUEENS,197-13GAR 90 AVENUE,11798,New Building,2026-03-29T04:00:00.000Z,,,Q01376168-I1,
100741,Chapin Home for the Aging,Chapin Home for the Aging,Chapin Home for the Aging,QUEENS,165-01 CHAPIN PARKWAY,11779,Alteration,2026-03-26T04:00:00.000Z,,,Q01325007-S3,
040210,CHARTER,CHARTER,CHARTER,MANHATTAN,409 EAST   60 STREET,10128,Alteration,2026-04-06T04:00:00.000Z,,,M01374415-I1,
070452,CHATAM MANAGEMENT CO INC,CHATAM MANAGEMENT CO INC,CHATAM MANAGEMENT CO INC,BRONX,1171 HAVEMEYER AVENUE,10466,Alteration,2026-04-03T04:00:00.000Z,,,X01338789-I1,
094457,Chef C's Enterprise LLC,Chef C's Enterprise LLC,Chef C's Enterprise LLC,BROOKLYN,744 UTICA AVENUE,10457,Alteration,2026-03-21T04:00:00.000Z,,,B01342736-S1,
079601,CHEGET LLC,CHEGET LLC,CHEGET LLC,MANHATTAN,13 BANK STREET,19006,Alteration,2026-04-08T04:00:00.000Z,,,M01301415-P1,
022409,Chelsea Hotel Owners LLC,Chelsea Hotel Owners LLC,Chelsea Hotel Owners LLC,MANHATTAN,103 WAVERLY PLACE,10010,Alteration,2026-04-07T04:00:00.000Z,MICHAEL JAYNE,,M01332670-P2,
018876,Chelsea NY Realty Co LLC,Chelsea NY Realty Co LLC,Chelsea NY Realty Co LLC,MANHATTAN,776 AVENUE OF THE AMERICAS,11021,Alteration,2026-04-03T04:00:00.000Z,KEVIN SCOTT,,M01092839-P2,
075303,Chelsea NY Realty Co LLC,Chelsea NY Realty Co LLC,Chelsea NY Realty Co LLC,MANHATTAN,776 AVENUE OF THE AMERICAS,10010,Alteration,2026-04-04T04:00:00.000Z,,,M01092839-P3,
090583,CHELSEA VILLAGE REALTY,CHELSEA VILLAGE REALTY,CHELSEA VILLAGE REALTY,MANHATTAN,314 WEST   14 STREET,10001,Alteration,2026-04-06T04:00:00.000Z,,,M01361417-I1,
037876,CHEN & ZHANG REALTY INC,CHEN & ZHANG REALTY INC,CHEN & ZHANG REALTY INC,BROOKLYN,5515 7 AVENUE,11354,Alteration CO,2026-03-24T04:00:00.000Z,,,B01371084-I1,
073223,CHESTNUT HOLDINGS,CHESTNUT HOLDINGS,CHESTNUT HOLDINGS,BRONX,1520 SHERIDAN AVENUE,10804,Alteration,2026-04-11T04:00:00.000Z,,,X01379665-I1,
101192,CHETRIT GROUP,CHETRIT GROUP,CHETRIT GROUP,MANHATTAN,401 5 AVENUE,10036,Alteration,2026-04-07T04:00:00.000Z,,,M01381313-I1,
094606,Children's Aid,Children's Aid,Children's Aid,STATEN ISLAND,314 LAFAYETTE AVENUE,07086,Alteration,2026-03-25T04:00:00.000Z,,,S01352272-I1,
075629,CHILDREN'S AID,CHILDREN'S AID,CHILDREN'S AID,MANHATTAN,1724 MADISON AVENUE,11570,Alteration,2026-04-06T04:00:00.000Z,,,M01337739-P1,
043509,CHOI WONG TRADING CORP.,CHOI WONG TRADING CORP.,CHOI WONG TRADING CORP.,BROOKLYN,95 GRAHAM AVENUE,11377,Alteration,2026-03-22T04:00:00.000Z,,,B01352030-I1,
102362,Choice NY,Choice NY,Choice NY,BROOKLYN,45 PINEAPPLE STREET,11747,Alteration,2026-03-30T04:00:00.000Z,,,B01372082-I1,
089648,Cholados y Mangos 2 Corp,Cholados y Mangos 2 Corp,Cholados y Mangos 2 Corp,QUEENS,81-09 NORTHERN BOULEVARD,11590,Alteration,2026-04-06T04:00:00.000Z,,,Q01330552-P1,
052799,CHURCH KEY TAVERN NYC LLC,CHURCH KEY TAVERN NYC LLC,CHURCH KEY TAVERN NYC LLC,MANHATTAN,358 EAST   57 STREET,10001,Alteration,2026-04-09T04:00:00.000Z,,,M01326452-P2,
069868,CHURCH OF THE HOLY APOSTLES,CHURCH OF THE HOLY APOSTLES,CHURCH OF THE HOLY APOSTLES,MANHATTAN,296 9 AVENUE,11050,Alteration CO,2026-03-31T04:00:00.000Z,,,M00982894-P8,
082012,CHURCH OF THE INCARNATION,CHURCH OF THE INCARNATION,CHURCH OF THE INCARNATION,MANHATTAN,1292 SAINT NICHOLAS AVENUE,11103,Alteration,2026-03-27T04:00:00.000Z,DOUGLAS FAUSAK,,M01259106-I1,
070587,CIRCLE GROUP& COMPANY,CIRCLE GROUP& COMPANY,CIRCLE GROUP& COMPANY,QUEENS,187-16 MANGIN AVENUE,11415,Alteration,2026-04-11T04:00:00.000Z,,,Q01279966-S2,
040147,CIRCLE REALTY GROUP LLC,CIRCLE REALTY GROUP LLC,CIRCLE REALTY GROUP LLC,MANHATTAN,225 WEST   34 STREET,07305,Alteration,2026-04-07T04:00:00.000Z,,,M01323347-P1,
091892,CIRCLE REALTY GROUP LLC,CIRCLE REALTY GROUP LLC,CIRCLE REALTY GROUP LLC,MANHATTAN,445 PARK AVENUE,10018,Alteration,2026-03-26T04:00:00.000Z,,,M01363996-S4,
094586,CIRCLE REALTY GROUP LLC,CIRCLE REALTY GROUP LLC,CIRCLE REALTY GROUP LLC,MANHATTAN,225 WEST   34 STREET,10036,Alteration,2026-04-07T04:00:00.000Z,,,M01323347-P4,
111774,CIRCLE REALTY GROUP LLC,CIRCLE REALTY GROUP LLC,CIRCLE REALTY GROUP LLC,MANHATTAN,225 WEST   34 STREET,07070,Alteration,2026-04-03T04:00:00.000Z,,,M01381062-I1,
100593,CISCO,CISCO,CISCO,MANHATTAN,255 EAST   78 STREET,11040,Alteration,2026-03-31T04:00:00.000Z,,,M00939565-S4,
095847,CITADEL PROPERTY MANAGEMENT CORP,CITADEL PROPERTY MANAGEMENT CORP,CITADEL PROPERTY MANAGEMENT CORP,MANHATTAN,211 WEST   18 STREET,11747,Alteration,2026-03-26T04:00:00.000Z,,,M01336150-I1,
040423,CITI,CITI,CITI,MANHATTAN,388 GREENWICH STREET,10016,Alteration,2026-04-02T04:00:00.000Z,,,M01213424-P1,
064004,CITIZENM ASSET MANAGEMENT U.S.A. LL,CITIZENM ASSET MANAGEMENT U.S.A. LL,CITIZENM ASSET MANAGEMENT U.S.A. LL,MANHATTAN,218 WEST   50 STREET,10595,Alteration,2026-03-25T04:00:00.000Z,,,M01292582-P1,
034455,CITY AND COUNTRY SCHOOL,CITY AND COUNTRY SCHOOL,CITY AND COUNTRY SCHOOL,MANHATTAN,152 WEST   13 STREET,10009,Alteration,2026-04-14T04:00:00.000Z,,,M01384503-I1,
035290,City Merchandise,City Merchandise,City Merchandise,BROOKLYN,228 40 STREET,07731,Alteration,2026-04-14T04:00:00.000Z,,,B01231516-P1,
097645,CITY OF NEW YORK (NYCDDC),CITY OF NEW YORK (NYCDDC),CITY OF NEW YORK (NYCDDC),BRONX,560 BROOK AVENUE,07932,Alteration,2026-04-08T04:00:00.000Z,,,X01239484-P1,
038418,CITY UNIVERSITY OF NEW YORK,CITY UNIVERSITY OF NEW YORK,CITY UNIVERSITY OF NEW YORK,MANHATTAN,160 CONVENT AVENUE,11361,Alteration,2026-04-02T04:00:00.000Z,,,M00990578-P5,
053296,CITY UNIVERSITY OF NEW YORK,CITY UNIVERSITY OF NEW YORK,CITY UNIVERSITY OF NEW YORK,MANHATTAN,35 WEST   67 STREET,10017,Alteration CO,2026-04-02T04:00:00.000Z,,,M01235022-P3,
054038,CITY UNIVERSITY OF NEW YORK,CITY UNIVERSITY OF NEW YORK,CITY UNIVERSITY OF NEW YORK,MANHATTAN,160 CONVENT AVENUE,10901,Alteration,2026-04-02T04:00:00.000Z,,,M00990578-P3,
070592,CITY UNIVERSITY OF NEW YORK,CITY UNIVERSITY OF NEW YORK,CITY UNIVERSITY OF NEW YORK,BRONX,2855 PAUL AVENUE,11101,Alteration,2026-04-02T04:00:00.000Z,,,X00996606-S1,
072337,CITY UNIVERSITY OF NEW YORK,CITY UNIVERSITY OF NEW YORK,CITY UNIVERSITY OF NEW YORK,MANHATTAN,35 WEST   67 STREET,10005,Alteration CO,2026-04-03T04:00:00.000Z,,,M01235022-P2,
075323,CITY UNIVERSITY OF NEW YORK,CITY UNIVERSITY OF NEW YORK,CITY UNIVERSITY OF NEW YORK,MANHATTAN,160 CONVENT AVENUE,10010,Alteration,2026-04-01T04:00:00.000Z,,,M01284945-P2,
078364,CITY UNIVERSITY OF NEW YORK,CITY UNIVERSITY OF NEW YORK,CITY UNIVERSITY OF NEW YORK,STATEN ISLAND,2800K VICTORY BOULEVARD,10018,Alteration,2026-03-31T04:00:00.000Z,,,S01060632-P1,
081788,CITY UNIVERSITY OF NEW YORK,CITY UNIVERSITY OF NEW YORK,CITY UNIVERSITY OF NEW YORK,MANHATTAN,160 CONVENT AVENUE,10018,Alteration,2026-04-01T04:00:00.000Z,,,M01284945-P3,
108677,CITY UNIVERSITY OF NEW YORK,CITY UNIVERSITY OF NEW YORK,CITY UNIVERSITY OF NEW YORK,MANHATTAN,35 WEST   67 STREET,07012,Alteration,2026-04-07T04:00:00.000Z,,,M01244182-P1,
033236,CITY URBAN REALTY,CITY URBAN REALTY,CITY URBAN REALTY,MANHATTAN,144 SPRING STREET,10018,New Building,2026-03-25T04:00:00.000Z,,,M01376074-I1,
034500,CITY URBAN REALTY,CITY URBAN REALTY,CITY URBAN REALTY,MANHATTAN,182 SPRING STREET,11222,Alteration,2026-04-02T04:00:00.000Z,,,M01358338-P1,
096363,CITY URBAN REALTY,CITY URBAN REALTY,CITY URBAN REALTY,MANHATTAN,144 SPRING STREET,10038,New Building,2026-03-25T04:00:00.000Z,,,M01376074-S1,
079395,Civic BX LLC,Civic BX LLC,Civic BX LLC,BRONX,1535 WILLIAMSBRIDGE ROAD,10016,Alteration CO,2026-04-14T04:00:00.000Z,,,X01258231-S9,
073158,Claremont Homeownership LLC,Claremont Homeownership LLC,Claremont Homeownership LLC,BRONX,1640 ANTHONY AVENUE,10018,New Building,2026-03-27T04:00:00.000Z,,,X01353589-S1,
083125,CLEAR CHANNEL OUTDOOR,CLEAR CHANNEL OUTDOOR,CLEAR CHANNEL OUTDOOR,BROOKLYN,139 FLATBUSH AVENUE,10704,Alteration,2026-04-01T04:00:00.000Z,STEPHEN RYCHLICKI,,B01352623-P1,
038369,CLINTON HOUSING DEVELOPMENT COMPANY,CLINTON HOUSING DEVELOPMENT COMPANY,CLINTON HOUSING DEVELOPMENT COMPANY,MANHATTAN,500 WEST   42 STREET,10001,Alteration,2026-04-03T04:00:00.000Z,,,M01323806-I1,
095837,CLINTON ST BARBERSHOP,CLINTON ST BARBERSHOP,CLINTON ST BARBERSHOP,BROOKLYN,21 BROOME STREET,11235,Alteration CO,2026-04-14T04:00:00.000Z,,,B01052582-S2,
033422,CLINY,CLINY,CLINY,MANHATTAN,287 PARK AVENUE SOUTH,11225,Alteration,2026-03-23T04:00:00.000Z,,,M01369717-I1,
069888,CLINY,CLINY,CLINY,MANHATTAN,287 PARK AVENUE SOUTH,10005,Alteration,2026-03-25T04:00:00.000Z,,,M01370933-I1,
090439,CLINY,CLINY,CLINY,MANHATTAN,287 PARK AVENUE SOUTH,10016,Alteration,2026-03-24T04:00:00.000Z,,,M01370409-I1,
089728,CNP Deli Grocery Bakery Corp,CNP Deli Grocery Bakery Corp,CNP Deli Grocery Bakery Corp,QUEENS,87-10 WOODHAVEN BOULEVARD,08816,Alteration,2026-04-14T04:00:00.000Z,,,Q01230331-P1,
080471,"CO GEORGE COMFORT & SONS, INC","CO GEORGE COMFORT & SONS, INC","CO GEORGE COMFORT & SONS, INC",MANHATTAN,168 CANAL STREET,10001,Alteration,2026-04-14T04:00:00.000Z,,,M01314241-I1,
078127,COFINANCE INC.,COFINANCE INC.,COFINANCE INC.,MANHATTAN,392 WEST BROADWAY,110300019,Alteration CO,2026-03-24T04:00:00.000Z,,,M01255580-S2,
037560,COLLIERS,COLLIERS,COLLIERS,MANHATTAN,470 PARK AVENUE SOUTH,11552,Alteration,2026-04-14T04:00:00.000Z,,,M01384667-I1,
069184,COLLIERS,COLLIERS,COLLIERS,MANHATTAN,120 EAST   23 STREET,10016,Alteration,2026-03-27T04:00:00.000Z,,,M01351744-S4,
072030,COLLIERS,COLLIERS,COLLIERS,MANHATTAN,1356 3 AVENUE,100180000,Alteration,2026-03-27T04:00:00.000Z,,,M01371976-S4,
074933,COLLIERS,COLLIERS,COLLIERS,MANHATTAN,120 EAST   23 STREET,10005,Alteration,2026-04-02T04:00:00.000Z,,,M01351744-S1,
076082,COLLIERS,COLLIERS,COLLIERS,MANHATTAN,28 WEST   23 STREET,10019,Alteration,2026-03-20T04:00:00.000Z,,,M01356436-S3,
082390,COLLIERS,COLLIERS,COLLIERS,MANHATTAN,110 EAST   25 STREET,10002,Alteration,2026-04-13T04:00:00.000Z,,,M01368886-S3,
088257,COLLIERS,COLLIERS,COLLIERS,MANHATTAN,110 EAST   25 STREET,10001,Alteration,2026-04-06T04:00:00.000Z,,,M01331601-S1,
110237,COLLIERS,COLLIERS,COLLIERS,MANHATTAN,1356 3 AVENUE,44115,Alteration,2026-03-27T04:00:00.000Z,,,M01371976-S3,
063885,COLLIERS INTERNATIONAL,COLLIERS INTERNATIONAL,COLLIERS INTERNATIONAL,MANHATTAN,31 PRINCE STREET,10018,Alteration,2026-04-13T04:00:00.000Z,,,M01211715-P1,
090439,COLUMBIA GRAMMAR SCHOOL,COLUMBIA GRAMMAR SCHOOL,COLUMBIA GRAMMAR SCHOOL,MANHATTAN,5 WEST   93 STREET,10016,Alteration CO,2026-03-27T04:00:00.000Z,,,M01373076-S2,
063851,COLUMBIA RESIDENTIAL,COLUMBIA RESIDENTIAL,COLUMBIA RESIDENTIAL,MANHATTAN,2895 BROADWAY,10001,Alteration,2026-03-20T04:00:00.000Z,,,M00779351-P3,
087391,COLUMBIA UNIVERSITY - MANHATTANVILL,COLUMBIA UNIVERSITY - MANHATTANVILL,COLUMBIA UNIVERSITY - MANHATTANVILL,MANHATTAN,1120 AMSTERDAM AVENUE,10281,Alteration CO,2026-03-27T04:00:00.000Z,,,M01264739-S4,
060728,Commodore Owner LLC,Commodore Owner LLC,Commodore Owner LLC,MANHATTAN,175 PARK AVENUE,10119,New Building,2026-03-25T04:00:00.000Z,,,M01347992-S1,
090310,Commodore Owner LLC,Commodore Owner LLC,Commodore Owner LLC,MANHATTAN,175 PARK AVENUE,10041,New Building,2026-03-25T04:00:00.000Z,,,M01347992-S6,
091093,Commodore Owner LLC,Commodore Owner LLC,Commodore Owner LLC,MANHATTAN,175 PARK AVENUE,10041,New Building,2026-03-25T04:00:00.000Z,,,M01347992-S7,
104807,COMMUNITY ACCESS INC,COMMUNITY ACCESS INC,COMMUNITY ACCESS INC,BRONX,1363 FRANKLIN AVENUE,07070,Alteration,2026-03-27T04:00:00.000Z,,,X01113999-P4,
079612,COMMUNITY BAPTIST CHURCH,COMMUNITY BAPTIST CHURCH,COMMUNITY BAPTIST CHURCH,QUEENS,46-15 206 STREET,07719,Alteration,2026-04-06T04:00:00.000Z,,,Q01347042-I1,
036233,COMMUNITY LEAGUE OF THE HEIGHTS. IN,COMMUNITY LEAGUE OF THE HEIGHTS. IN,COMMUNITY LEAGUE OF THE HEIGHTS. IN,MANHATTAN,4790 BROADWAY,07974,Alteration,2026-03-20T04:00:00.000Z,,,M01014173-P1,
106078,COMPTEX 4160 MAIN LLC,COMPTEX 4160 MAIN LLC,COMPTEX 4160 MAIN LLC,QUEENS,41-60 MAIN STREET,11106,Alteration,2026-03-20T04:00:00.000Z,,,Q01373569-I1,
035659,"COMUNILIFE, INC.","COMUNILIFE, INC.","COMUNILIFE, INC.",BRONX,2444 TIEBOUT AVENUE,10004,New Building,2026-03-24T04:00:00.000Z,,,X00917708-B1,
038511,"COMUNILIFE, INC.","COMUNILIFE, INC.","COMUNILIFE, INC.",BROOKLYN,750 ROCKAWAY AVENUE,11226,Alteration,2026-03-24T04:00:00.000Z,,,B01331591-I1,
082997,"COMUNILIFE, INC.","COMUNILIFE, INC.","COMUNILIFE, INC.",BROOKLYN,750 ROCKAWAY AVENUE,10038,Alteration,2026-03-24T04:00:00.000Z,,,B01331591-S1,
072030,CON EDISON CO OF NY,CON EDISON CO OF NY,CON EDISON CO OF NY,MANHATTAN,4 IRVING PLACE,100180000,Alteration,2026-03-27T04:00:00.000Z,PATRICIA ERICKSON,,M01374280-S1,
087798,CON EDISON CO OF NY,CON EDISON CO OF NY,CON EDISON CO OF NY,MANHATTAN,4 IRVING PLACE,11791,Alteration,2026-03-27T04:00:00.000Z,PATRICIA ERICKSON,,M01374280-S3,
017489,CONCORD MANAGEMENT OF NY,CONCORD MANAGEMENT OF NY,CONCORD MANAGEMENT OF NY,MANHATTAN,121 SAINT NICHOLAS AVENUE,10044,Alteration,2026-04-10T04:00:00.000Z,FRED BARNES,,M01228094-P1,
075700,CONEY REALTY,CONEY REALTY,CONEY REALTY,BROOKLYN,909 EAST   29 STREET,08628,Alteration,2026-03-31T04:00:00.000Z,,,B00993725-P1,
101262,CONG HAYASHER VHATOV,CONG HAYASHER VHATOV,CONG HAYASHER VHATOV,STATEN ISLAND,98 RUPERT AVENUE,11228,Alteration CO,2026-03-30T04:00:00.000Z,,,S00920955-P4,
090248,CONGREGATION ATERES TZVI,CONGREGATION ATERES TZVI,CONGREGATION ATERES TZVI,BROOKLYN,1449 50 STREET,10281,New Building,2026-03-27T04:00:00.000Z,,,B01358352-S4,
090439,CONGREGATION EMANU-EL,CONGREGATION EMANU-EL,CONGREGATION EMANU-EL,MANHATTAN,1 EAST   65 STREET,10016,Alteration,2026-03-27T04:00:00.000Z,,,M01378137-I1,
071083,CONKLIN HMES LLC,CONKLIN HMES LLC,CONKLIN HMES LLC,QUEENS,224-55 77 AVENUE,10017,Alteration,2026-03-25T04:00:00.000Z,,,Q01172295-P2,
103302,CONSOLIDATED EDISON COMPANY OF NY,CONSOLIDATED EDISON COMPANY OF NY,CONSOLIDATED EDISON COMPANY OF NY,BROOKLYN,161 MARSHALL STREET,83669,New Building,2026-04-06T04:00:00.000Z,,,B01002234-Z3,
074950,Consolidated Edison of New York,Consolidated Edison of New York,Consolidated Edison of New York,QUEENS,31-01 20 AVENUE,11364,Alteration,2026-03-27T04:00:00.000Z,,,Q01357798-I1,
090372,Consolidated Edison of New York,Consolidated Edison of New York,Consolidated Edison of New York,BROOKLYN,283 3 STREET,10038,Alteration,2026-03-26T04:00:00.000Z,,,B01331346-P1,
093614,CONSOLIDATED SCAFFOLDING INC.,CONSOLIDATED SCAFFOLDING INC.,CONSOLIDATED SCAFFOLDING INC.,MANHATTAN,285 HUDSON STREET,33950,Alteration,2026-04-14T04:00:00.000Z,D MARGARITONDA,,M01386519-I1,
999981,CONSTRUCTION SUPERS,CONSTRUCTION SUPERS,CONSTRUCTION SUPERS,BROOKLYN,4500 1 AVENUE,10007,Alteration CO,2026-03-27T04:00:00.000Z,,,B01379635-I1,
108976,CONTELLO TOWERS NO# 2,CONTELLO TOWERS NO# 2,CONTELLO TOWERS NO# 2,MANHATTAN,344 WEST   12 STREET,11423,Alteration,2026-03-20T04:00:00.000Z,,,M01372763-I1,
085056,CONVENT AVE BAPTIST CHURCH,CONVENT AVE BAPTIST CHURCH,CONVENT AVE BAPTIST CHURCH,MANHATTAN,351 CONVENT AVENUE,29582,Alteration,2026-03-26T04:00:00.000Z,,,M01264407-P4,
093629,CONVERGENT ENERGY AND POWER,CONVERGENT ENERGY AND POWER,CONVERGENT ENERGY AND POWER,BROOKLYN,60 CENTRAL AVENUE,10953,Alteration,2026-04-13T04:00:00.000Z,JOHN LOIACONO,,B01241317-P1,
099343,CONVERGENT ENERGY AND POWER,CONVERGENT ENERGY AND POWER,CONVERGENT ENERGY AND POWER,BROOKLYN,60 CENTRAL AVENUE,11530,Alteration,2026-03-30T04:00:00.000Z,,,B01340833-I1,
103736,CONVERGENT ENERGY AND POWER,CONVERGENT ENERGY AND POWER,CONVERGENT ENERGY AND POWER,BRONX,1271 EAST BAY AVENUE,10953,Alteration,2026-03-30T04:00:00.000Z,,,X01366352-I1,
092183,CORD MEYER/MCO/CITIZENS DEV.,CORD MEYER/MCO/CITIZENS DEV.,CORD MEYER/MCO/CITIZENS DEV.,QUEENS,108-18 QUEENS BOULEVARD,10001,Alteration,2026-04-01T04:00:00.000Z,,,Q01371111-I1,
109243,CORD MEYER/MCO/CITIZENS DEV.,CORD MEYER/MCO/CITIZENS DEV.,CORD MEYER/MCO/CITIZENS DEV.,QUEENS,212-55 26 AVENUE,92618,Alteration,2026-03-24T04:00:00.000Z,,,Q01303803-P1,
031640,CORE,CORE,CORE,BROOKLYN,17 BRISTOL STREET,10018,Alteration,2026-03-27T04:00:00.000Z,,,B01363696-I1,
058090,CORLATON REALTY INC.,CORLATON REALTY INC.,CORLATON REALTY INC.,MANHATTAN,924 3 AVENUE,10013,Alteration,2026-03-23T04:00:00.000Z,,,M01370738-I1,
027722,CORNELL TECH,CORNELL TECH,CORNELL TECH,MANHATTAN,2 WEST LOOP ROAD,10004,Alteration,2026-04-13T04:00:00.000Z,JORGE JIRON,,M01383442-I1,
087678,CORNER STONE ARCHITECT,CORNER STONE ARCHITECT,CORNER STONE ARCHITECT,MANHATTAN,35 WEST   31 STREET,11003,Alteration,2026-03-24T04:00:00.000Z,,,M01291781-P1,
077896,Corner to Corner LLC,Corner to Corner LLC,Corner to Corner LLC,BROOKLYN,545 TROY AVENUE,11375,New Building,2026-04-03T04:00:00.000Z,,,B01352508-S9,
061354,COSAN CONSTRUCTION,COSAN CONSTRUCTION,COSAN CONSTRUCTION,BROOKLYN,161 EMERSON PLACE,10532,Alteration,2026-04-13T04:00:00.000Z,,,B01385670-I1,
097833,Cristina Michaels Construction Mana,Cristina Michaels Construction Mana,Cristina Michaels Construction Mana,BROOKLYN,2952 WEST   28 STREET,11419,Alteration,2026-04-01T04:00:00.000Z,,,B01220709-S1,
081165,CRITERION DEVELOPMENT GROUP LLC,CRITERION DEVELOPMENT GROUP LLC,CRITERION DEVELOPMENT GROUP LLC,STATEN ISLAND,82 DAVIDSON STREET,10001,Alteration CO,2026-04-06T04:00:00.000Z,,,S01288993-S2,
029545,Cronk Realty LLC,Cronk Realty LLC,Cronk Realty LLC,BRONX,2056 CROSS BRONX EXPRESSWAY,07024,Alteration,2026-03-25T04:00:00.000Z,TAOFEEQ AJIBADE,,X01167315-P2,
097404,Crosby Deli,Crosby Deli,Crosby Deli,BRONX,1450 CROSBY AVENUE,07010,Alteration,2026-03-24T04:00:00.000Z,,,X01367695-I1,
017011,CROWN ACQUISITIONS,CROWN ACQUISITIONS,CROWN ACQUISITIONS,MANHATTAN,139 SPRING STREET,10013,Alteration,2026-03-26T04:00:00.000Z,ROBERT DREYER,,M01347011-I1,
078029,CROWN BUILDER & CONSTRUCTION CORP.,CROWN BUILDER & CONSTRUCTION CORP.,CROWN BUILDER & CONSTRUCTION CORP.,BROOKLYN,5523 AVENUE N,11422,Alteration,2026-04-05T04:00:00.000Z,,,B01286835-P3,
091710,CROWN NEWEL,CROWN NEWEL,CROWN NEWEL,BROOKLYN,210 22 STREET,11220,Alteration CO,2026-04-13T04:00:00.000Z,,,B01091624-P3,
095887,CROWN NEWEL,CROWN NEWEL,CROWN NEWEL,BROOKLYN,347 6 AVENUE,10550,Alteration,2026-04-10T04:00:00.000Z,,,B01045305-P2,
019534,CSA PRESERVATION PARTNERS LLC,CSA PRESERVATION PARTNERS LLC,CSA PRESERVATION PARTNERS LLC,BRONX,1130 229 DRIVE SOUTH,10004,Alteration,2026-03-30T04:00:00.000Z,FRANCIS TALTY,,X00895156-P6,
036233,CSA PRESERVATION PARTNERS LLC,CSA PRESERVATION PARTNERS LLC,CSA PRESERVATION PARTNERS LLC,BRONX,1115 EAST  225 STREET,07974,Alteration,2026-03-23T04:00:00.000Z,,,X01124038-P1,
067088,CSA PRESERVATION PARTNERS LLC,CSA PRESERVATION PARTNERS LLC,CSA PRESERVATION PARTNERS LLC,BRONX,1145 EAST  229 STREET,07009,Alteration,2026-04-06T04:00:00.000Z,,,X08053901-P5,
035748,Cube Reno,Cube Reno,Cube Reno,MANHATTAN,301 WEST   57 STREET,11354,Alteration,2026-04-13T04:00:00.000Z,,,M01344272-P2,
106005,CUNY,CUNY,CUNY,MANHATTAN,160 CONVENT AVENUE,10006,Alteration,2026-03-25T04:00:00.000Z,FRANK JAROSCH,,M01352978-I1,
040423,Cushman & Wakefield,Cushman & Wakefield,Cushman & Wakefield,MANHATTAN,368 9 AVENUE,10016,Alteration,2026-04-08T04:00:00.000Z,,,M01369623-I1,
071143,Cushman & Wakefield,Cushman & Wakefield,Cushman & Wakefield,MANHATTAN,837 WASHINGTON STREET,10036,Alteration,2026-03-31T04:00:00.000Z,,,M01351419-I1,
085429,Cushman & Wakefield,Cushman & Wakefield,Cushman & Wakefield,MANHATTAN,120 EAST   87 STREET,10001,Alteration,2026-03-25T04:00:00.000Z,,,M01371273-I1,
089068,Cushman & Wakefield,Cushman & Wakefield,Cushman & Wakefield,MANHATTAN,809 BROADWAY,11415,Alteration,2026-04-13T04:00:00.000Z,,,M01200006-P1,
101915,Cushman & Wakefield,Cushman & Wakefield,Cushman & Wakefield,MANHATTAN,368 9 AVENUE,10005,Alteration,2026-04-08T04:00:00.000Z,,,M01369675-I1,
035621,CUSHMAN & WAKEFIELD,CUSHMAN & WAKEFIELD,CUSHMAN & WAKEFIELD,MANHATTAN,50 BROAD STREET,11211,Alteration,2026-04-09T04:00:00.000Z,,,M01358856-P1,
040943,CUSHMAN & WAKEFIELD,CUSHMAN & WAKEFIELD,CUSHMAN & WAKEFIELD,MANHATTAN,650 FIFTH AVENUE,10016,Alteration,2026-04-13T04:00:00.000Z,,,M01212354-P3,
066709,CUSHMAN & WAKEFIELD,CUSHMAN & WAKEFIELD,CUSHMAN & WAKEFIELD,MANHATTAN,1177 AVENUE OF THE AMERICAS,10001,Alteration,2026-04-09T04:00:00.000Z,,,M01220727-P2,
071681,CUSHMAN & WAKEFIELD,CUSHMAN & WAKEFIELD,CUSHMAN & WAKEFIELD,MANHATTAN,50 BROAD STREET,10010,Alteration,2026-04-09T04:00:00.000Z,,,M01358856-S2,
085671,CUSHMAN & WAKEFIELD,CUSHMAN & WAKEFIELD,CUSHMAN & WAKEFIELD,BROOKLYN,139 FLATBUSH AVENUE,43081,Alteration,2026-04-13T04:00:00.000Z,,,B01161805-P2,
089862,CUSHMAN & WAKEFIELD,CUSHMAN & WAKEFIELD,CUSHMAN & WAKEFIELD,BROOKLYN,625 ATLANTIC AVENUE,07731,Alteration,2026-03-24T04:00:00.000Z,,,B01364509-I1,
092491,CUSHMAN & WAKEFIELD,CUSHMAN & WAKEFIELD,CUSHMAN & WAKEFIELD,MANHATTAN,110 EAST   42 STREET,10119,Alteration,2026-03-24T04:00:00.000Z,,,M01307515-P1,
094771,CUSHMAN & WAKEFIELD,CUSHMAN & WAKEFIELD,CUSHMAN & WAKEFIELD,MANHATTAN,125 BROAD STREET,10018,Alteration,2026-04-10T04:00:00.000Z,,,M01378490-I1,
101793,CUSHMAN & WAKEFIELD,CUSHMAN & WAKEFIELD,CUSHMAN & WAKEFIELD,MANHATTAN,105 WEST  125 STREET,19006,Alteration,2026-04-13T04:00:00.000Z,,,M01374837-I1,
075303,Cushman and Wakefield,Cushman and Wakefield,Cushman and Wakefield,MANHATTAN,225 PARK AVENUE SOUTH,10010,Alteration,2026-04-08T04:00:00.000Z,,,M01347927-P1,
072803,cvl partners  llc,cvl partners  llc,cvl partners  llc,QUEENS,53-17 ROOSEVELT AVENUE,11354,Alteration,2026-03-31T04:00:00.000Z,,,Q01362722-P1,
076030,CW REALTY,CW REALTY,CW REALTY,BROOKLYN,187 KENT AVENUE,10016,Alteration,2026-04-01T04:00:00.000Z,,,B01284526-P2,
022409,CYA MANAGEMENT,CYA MANAGEMENT,CYA MANAGEMENT,BRONX,1930 WEBSTER AVENUE,10010,Alteration CO,2026-04-14T04:00:00.000Z,MICHAEL JAYNE,,X00638129-P4,
035210,D&Z GROUP,D&Z GROUP,D&Z GROUP,BROOKLYN,1350 EAST    7 STREET,11204,ALT-CO - New Building with Existing Elements to Remain,2026-04-01T04:00:00.000Z,,,B01255909-S5,
040256,D&Z GROUP,D&Z GROUP,D&Z GROUP,BROOKLYN,1350 EAST    7 STREET,11373,ALT-CO - New Building with Existing Elements to Remain,2026-03-20T04:00:00.000Z,,,B01255909-S6,
097248,D&Z GROUP,D&Z GROUP,D&Z GROUP,BROOKLYN,1350 EAST    7 STREET,11559,ALT-CO - New Building with Existing Elements to Remain,2026-03-30T04:00:00.000Z,,,B01255909-S7,
089728,DAFFODIL GENERAL CONTRACTING INC,DAFFODIL GENERAL CONTRACTING INC,DAFFODIL GENERAL CONTRACTING INC,MANHATTAN,57 WEST   68 STREET,08816,Alteration,2026-04-10T04:00:00.000Z,,,M01384912-I1,
038472,Daisy Management,Daisy Management,Daisy Management,BROOKLYN,781 EAST    9 STREET,10018,Alteration,2026-03-26T04:00:00.000Z,,,B01072511-P1,
090312,Daisy Management,Daisy Management,Daisy Management,MANHATTAN,132 EAST   19 STREET,10001,Alteration,2026-03-20T04:00:00.000Z,,,M00910395-P1,
095847,DAISY MANAGEMENT LLC,DAISY MANAGEMENT LLC,DAISY MANAGEMENT LLC,MANHATTAN,117 WEST   82 STREET,11747,Alteration,2026-04-07T04:00:00.000Z,,,M01357934-I1,
104370,DAJIA US,DAJIA US,DAJIA US,MANHATTAN,301 PARK AVENUE,10017,Alteration,2026-04-06T04:00:00.000Z,,,M00745760-P8,
042839,"DALAN REAL ESTATE, LLC","DALAN REAL ESTATE, LLC","DALAN REAL ESTATE, LLC",BROOKLYN,395 EVERGREEN AVENUE,11214,Alteration CO,2026-03-26T04:00:00.000Z,,,B01051703-P2,
097872,DANIEL KOGAN,DANIEL KOGAN,DANIEL KOGAN,BROOKLYN,2403 EAST   13 STREET,11232,Alteration,2026-04-14T04:00:00.000Z,,,B01383550-I1,
088368,DANIEL SABILLON MANAGEMEN,DANIEL SABILLON MANAGEMEN,DANIEL SABILLON MANAGEMEN,BROOKLYN,3111 OCEAN PARKWAY,10038,Alteration,2026-03-23T04:00:00.000Z,,,B01368365-I1,
088969,DANIEL SABILLON MANAGEMEN,DANIEL SABILLON MANAGEMEN,DANIEL SABILLON MANAGEMEN,BROOKLYN,3111 OCEAN PARKWAY,10001,Alteration,2026-04-14T04:00:00.000Z,,,B01264572-P1,
094174,DARKEI CHAIM,DARKEI CHAIM,DARKEI CHAIM,BROOKLYN,1017 45 STREET,11230,Alteration,2026-04-14T04:00:00.000Z,,,B01357494-I1,
083458,DASNY,DASNY,DASNY,BRONX,161 WEST  180 STREET,10018,Alteration,2026-03-24T04:00:00.000Z,,,X07998404-A6,
097321,DASNY,DASNY,DASNY,BRONX,2920 GOULDEN AVENUE,11358,Alteration,2026-03-19T04:00:00.000Z,,,X00661847-P5,
101149,DAVID ASSOCIATES,DAVID ASSOCIATES,DAVID ASSOCIATES,QUEENS,73-05 AUSTIN STREET,11968,Alteration,2026-04-10T04:00:00.000Z,,,Q01106988-P5,
016162,"DAVID TURNER ARCHITECT, P.C","DAVID TURNER ARCHITECT, P.C","DAVID TURNER ARCHITECT, P.C",MANHATTAN,452 EAST  117 STREET,10001,Alteration,2026-03-27T04:00:00.000Z,,,M01288314-P2,
065346,DAVID ZWIRNER,DAVID ZWIRNER,DAVID ZWIRNER,MANHATTAN,525 WEST   19 STREET,10001,Alteration,2026-03-26T04:00:00.000Z,,,M01221429-P1,
077062,Davis Brody Bond / Stantec,Davis Brody Bond / Stantec,Davis Brody Bond / Stantec,BROOKLYN,52 PROSPECT PLACE,10304,Alteration,2026-04-09T04:00:00.000Z,,,B01353713-S3,
087080,DAX REAL ESTATE,DAX REAL ESTATE,DAX REAL ESTATE,BROOKLYN,237 KENT AVENUE,11355,Alteration,2026-04-03T04:00:00.000Z,,,B01365140-I1,
093795,DAX REAL ESTATE,DAX REAL ESTATE,DAX REAL ESTATE,MANHATTAN,186 FRANKLIN STREET,11021,Alteration,2026-03-24T04:00:00.000Z,N BECACCIO,,M01324856-P1,
098407,DEAN ST. REALTY LLC,DEAN ST. REALTY LLC,DEAN ST. REALTY LLC,BRONX,2293 BATHGATE AVENUE,11743,New Building,2026-03-31T04:00:00.000Z,,,X01209024-P1,
034069,DEBORA ASSOCIATES LP,DEBORA ASSOCIATES LP,DEBORA ASSOCIATES LP,QUEENS,77-34 AUSTIN STREET,10001,Alteration,2026-03-30T04:00:00.000Z,,,Q01372528-I1,
065574,DECATUR PARTNERS LLC,DECATUR PARTNERS LLC,DECATUR PARTNERS LLC,BROOKLYN,70 FREEMAN STREET,11361,ALT-CO - New Building with Existing Elements to Remain,2026-03-27T04:00:00.000Z,,,B01205858-S5,
085500,DECATUR PARTNERS LLC,DECATUR PARTNERS LLC,DECATUR PARTNERS LLC,BROOKLYN,654 WASHINGTON AVENUE,07730,New Building,2026-03-26T04:00:00.000Z,,,B01358059-S6,
019437,DEDAJ CONSTRUCTION CORP.,DEDAJ CONSTRUCTION CORP.,DEDAJ CONSTRUCTION CORP.,BRONX,2873 VALENTINE AVENUE,10550,New Building,2026-04-06T04:00:00.000Z,GREGORY COLEY,,X01129499-P3,
016393,DEDE K CONTRACTING GROUP LLC,DEDE K CONTRACTING GROUP LLC,DEDE K CONTRACTING GROUP LLC,BRONX,853 EAST 220 STREET,10803,New Building,2026-04-11T04:00:00.000Z,,,X00845042-P3,
062895,DEGEKA REALTY CORP.,DEGEKA REALTY CORP.,DEGEKA REALTY CORP.,BRONX,439 EAST  143 STREET,11225,Alteration CO,2026-04-07T04:00:00.000Z,,,X08001771-P9,
010869,DEK Construction LLC,DEK Construction LLC,DEK Construction LLC,BROOKLYN,901 EAST   18 STREET,10018,Alteration,2026-03-25T04:00:00.000Z,C CARROLL,,B01363757-I1,
073751,Delfin Property Managment,Delfin Property Managment,Delfin Property Managment,QUEENS,66-16 60 STREET,11001,Alteration,2026-03-27T04:00:00.000Z,,,Q01373830-S2,
084781,Delphi Plumbing  Heating Inc,Delphi Plumbing  Heating Inc,Delphi Plumbing  Heating Inc,BROOKLYN,2591 KNAPP STREET,08840,Alteration,2026-03-31T04:00:00.000Z,,,B01379332-I1,
048695,DEPARTMENT OF DESIGN & CONSTRUCTION,DEPARTMENT OF DESIGN & CONSTRUCTION,DEPARTMENT OF DESIGN & CONSTRUCTION,BRONX,1 ORCHARD BEACH,10158,Alteration,2026-04-03T04:00:00.000Z,,,X01358645-I1,
110324,DEPARTMENT OF DESIGN & CONSTRUCTION,DEPARTMENT OF DESIGN & CONSTRUCTION,DEPARTMENT OF DESIGN & CONSTRUCTION,MANHATTAN,25 PITT STREET,10119,Alteration,2026-04-07T04:00:00.000Z,,,M01317352-P1,
085042,DEPT. OF HEALTH & MENTAL HYGIENE,DEPT. OF HEALTH & MENTAL HYGIENE,DEPT. OF HEALTH & MENTAL HYGIENE,MANHATTAN,40 WEST  137 STREET,10119,Alteration,2026-04-08T04:00:00.000Z,,,M01380275-I1,
087490,DEPT. OF HEALTH & MENTAL HYGIENE,DEPT. OF HEALTH & MENTAL HYGIENE,DEPT. OF HEALTH & MENTAL HYGIENE,BRONX,2060 BARTOW AVENUE,10119,New Building,2026-03-24T04:00:00.000Z,,,X00616474-P8,
090884,DEPT. OF HEALTH & MENTAL HYGIENE,DEPT. OF HEALTH & MENTAL HYGIENE,DEPT. OF HEALTH & MENTAL HYGIENE,BRONX,2060 BARTOW AVENUE,07080,New Building,2026-03-23T04:00:00.000Z,,,X00616474-A1,
043690,"DERMOT REALTY MANAGEMENT CO., LP","DERMOT REALTY MANAGEMENT CO., LP","DERMOT REALTY MANAGEMENT CO., LP",MANHATTAN,770 3 AVENUE,00730,Alteration,2026-04-09T04:00:00.000Z,,,M01280613-S1,
040964,Desperation HDFC,Desperation HDFC,Desperation HDFC,MANHATTAN,676 ST NICHOLAS AVENUE,11729,Alteration,2026-04-07T04:00:00.000Z,,,M00559943-P3,
089728,DETOX DELI & GRILL CORP,DETOX DELI & GRILL CORP,DETOX DELI & GRILL CORP,BROOKLYN,656 NOSTRAND AVENUE,08816,Alteration,2026-04-08T04:00:00.000Z,,,B01300835-S2,
043228,DEVELOPING NY STATE,DEVELOPING NY STATE,DEVELOPING NY STATE,BROOKLYN,570 FULTON STREET,12205,New Building,2026-04-13T04:00:00.000Z,,,B00564411-A4,
083057,DEVELOPING NY STATE,DEVELOPING NY STATE,DEVELOPING NY STATE,BROOKLYN,264 BUTLER STREET,11235,New Building,2026-03-27T04:00:00.000Z,ANDREW WOLKE  II,,B01350174-S2,
086447,DEVELOPING NY STATE,DEVELOPING NY STATE,DEVELOPING NY STATE,BROOKLYN,265 WYCKOFF STREET,10018,New Building,2026-03-24T04:00:00.000Z,,,B01186327-P3,
101015,DEVELOPING NY STATE,DEVELOPING NY STATE,DEVELOPING NY STATE,BROOKLYN,290 BERGEN STREET,07512,New Building,2026-03-30T04:00:00.000Z,,,B01178945-P1,
103696,DEVELOPING NY STATE,DEVELOPING NY STATE,DEVELOPING NY STATE,BROOKLYN,441 PROSPECT AVENUE,10005,Full Demolition,2026-04-13T04:00:00.000Z,,,B01361495-I1,
087848,DG GROCERY CORP,DG GROCERY CORP,DG GROCERY CORP,BRONX,528 MORRIS AVENUE,10457,Alteration,2026-04-09T04:00:00.000Z,,,X01372660-P1,
037560,DGL,DGL,DGL,MANHATTAN,500 BROOME STREET,11552,Alteration,2026-04-14T04:00:00.000Z,,,M01382170-I1,
089068,DGL,DGL,DGL,BROOKLYN,212 MONTROSE AVENUE,11415,ALT-CO - New Building with Existing Elements to Remain,2026-04-08T04:00:00.000Z,,,B00856475-A1,
102420,DH 474 LLC,DH 474 LLC,DH 474 LLC,BROOKLYN,474 HANCOCK STREET,11354,Alteration,2026-04-08T04:00:00.000Z,,,B01242030-I1,
016577,DI MAIO ENTERPRISES INC.,DI MAIO ENTERPRISES INC.,DI MAIO ENTERPRISES INC.,BROOKLYN,127 12 STREET,10012,ALT-CO - New Building with Existing Elements to Remain,2026-03-27T04:00:00.000Z,JERRY BARNETT,,B01257138-I1,
102434,DIAMOND DEV GROUP LLC,DIAMOND DEV GROUP LLC,DIAMOND DEV GROUP LLC,QUEENS,184-28 MIDLAND PARKWAY,11435,Alteration,2026-03-31T04:00:00.000Z,,,Q01275648-S6,
089068,DIDO PROPERTIES LLC,DIDO PROPERTIES LLC,DIDO PROPERTIES LLC,BROOKLYN,170 PATCHEN AVENUE,11415,New Building,2026-03-29T04:00:00.000Z,,,B01365225-S3,
081090,DIDYMA REALTY,DIDYMA REALTY,DIDYMA REALTY,BRONX,3063 GODWIN TERRACE,10016,Alteration,2026-04-02T04:00:00.000Z,,,X01377883-I1,
032981,DIFIORE AND SONS,DIFIORE AND SONS,DIFIORE AND SONS,QUEENS,83-35 LEFFERTS BOULEVARD,11358,Alteration CO,2026-04-01T04:00:00.000Z,,,Q00727863-P5,
070154,DIG NYC CONSTRUCTION,DIG NYC CONSTRUCTION,DIG NYC CONSTRUCTION,BROOKLYN,1342 EAST   57 STREET,11415,New Building,2026-03-20T04:00:00.000Z,,,B01201632-S3,
088730,"Digby Management Company, LLC","Digby Management Company, LLC","Digby Management Company, LLC",MANHATTAN,200 EAST   63 STREET,10018,Alteration,2026-03-31T04:00:00.000Z,,,M01173334-P1,
102116,DIMO ENGINEERING PC,DIMO ENGINEERING PC,DIMO ENGINEERING PC,BROOKLYN,2115 KENMORE COURT,06511,Alteration,2026-04-10T04:00:00.000Z,,,B01157632-P1,
078396,DIOCESE OF BROOKLYN,DIOCESE OF BROOKLYN,DIOCESE OF BROOKLYN,QUEENS,72-00 DOUGLASTON PARKWAY,07646,Alteration,2026-04-03T04:00:00.000Z,,,Q01380051-I1,
087678,DIOCESE OF BROOKLYN,DIOCESE OF BROOKLYN,DIOCESE OF BROOKLYN,BROOKLYN,225 SEIGEL STREET,11003,Alteration,2026-04-06T04:00:00.000Z,,,B01348354-I1,
092692,DIOCESE OF THE ARMENIAN CHURCH OF A,DIOCESE OF THE ARMENIAN CHURCH OF A,DIOCESE OF THE ARMENIAN CHURCH OF A,MANHATTAN,630 2 AVENUE,10005,Alteration,2026-03-23T04:00:00.000Z,,,M01374293-I1,
094685,DIOCESE OF THE ARMENIAN CHURCH OF A,DIOCESE OF THE ARMENIAN CHURCH OF A,DIOCESE OF THE ARMENIAN CHURCH OF A,MANHATTAN,630 2 AVENUE,10018,Alteration,2026-03-26T04:00:00.000Z,,,M01374293-S3,
034625,"DIRECT PROPERTY MANAGEMENT, LLC","DIRECT PROPERTY MANAGEMENT, LLC","DIRECT PROPERTY MANAGEMENT, LLC",MANHATTAN,245 EAST   39 STREET,11101,Alteration,2026-04-01T04:00:00.000Z,,,M01379147-I1,
045111,Dis Fruta,Dis Fruta,Dis Fruta,MANHATTAN,3772 BROADWAY,07047,Alteration,2026-04-02T04:00:00.000Z,,,M01379584-I1,
041382,DITMAS OP LLC,DITMAS OP LLC,DITMAS OP LLC,BROOKLYN,1826 OCEAN PARKWAY,11375,New Building,2026-04-07T04:00:00.000Z,,,B01245122-S7,
096214,"DIV GRAND MASPETH, LLC","DIV GRAND MASPETH, LLC","DIV GRAND MASPETH, LLC",QUEENS,58-30 GRAND AVENUE,10018,Alteration,2026-04-01T04:00:00.000Z,,,Q01366704-I1,
108976,"DIV GRAND MASPETH, LLC","DIV GRAND MASPETH, LLC","DIV GRAND MASPETH, LLC",QUEENS,58-30 GRAND AVENUE,11423,Alteration,2026-04-08T04:00:00.000Z,,,Q01382008-I1,
036862,DIVCO WEST REAL ESTATE SERVICES,DIVCO WEST REAL ESTATE SERVICES,DIVCO WEST REAL ESTATE SERVICES,MANHATTAN,540 MADISON AVENUE,10013,Alteration,2026-04-01T04:00:00.000Z,,,M00846749-P2,
066709,DIVCOWEST,DIVCOWEST,DIVCOWEST,MANHATTAN,540 MADISON AVENUE,10001,Alteration,2026-03-26T04:00:00.000Z,,,M01374450-S3,
090879,DIVISION PROPERTY MGMT,DIVISION PROPERTY MGMT,DIVISION PROPERTY MGMT,BROOKLYN,101 WARREN STREET,10271,Alteration,2026-03-19T04:00:00.000Z,,,B01345071-I1,
081742,DKCK,DKCK,DKCK,BRONX,1215 GRAND CONCOURSE,11220,Alteration,2026-04-10T04:00:00.000Z,,,X01362865-I1,
079601,DLA Piper LLP (US),DLA Piper LLP (US),DLA Piper LLP (US),MANHATTAN,41 EAST   70 STREET,19006,Alteration,2026-04-06T04:00:00.000Z,,,M01210372-S4,
085603,DLE REALTY  INC,DLE REALTY  INC,DLE REALTY  INC,BROOKLYN,937 BEDFORD AVENUE,11215,ALT-CO - New Building with Existing Elements to Remain,2026-03-24T04:00:00.000Z,,,B01174645-P6,
099501,DLE REALTY  INC,DLE REALTY  INC,DLE REALTY  INC,BROOKLYN,939 BEDFORD AVENUE,11793,ALT-CO - New Building with Existing Elements to Remain,2026-04-01T04:00:00.000Z,,,B00989145-S4,
105292,DMNA-MNFE,DMNA-MNFE,DMNA-MNFE,MANHATTAN,68 LEXINGTON AVENUE,11103,Alteration,2026-04-02T04:00:00.000Z,,,M01187951-P4,
104211,DNA,DNA,DNA,BROOKLYN,164 7 AVENUE,11377,Alteration,2026-03-27T04:00:00.000Z,,,B01350895-S1,
098295,DNG LAUNDROMAT,DNG LAUNDROMAT,DNG LAUNDROMAT,BROOKLYN,3168 CONEY ISLAND AVENUE,11354,Alteration,2026-03-31T04:00:00.000Z,,,B01378891-I1,
081019,DOM BEN REALTY CORP.,DOM BEN REALTY CORP.,DOM BEN REALTY CORP.,BROOKLYN,20 JOHN STREET,11219,Alteration,2026-03-30T04:00:00.000Z,,,B01237719-P3,
082265,DOMAIN 41ST STREET SITE A LLC,DOMAIN 41ST STREET SITE A LLC,DOMAIN 41ST STREET SITE A LLC,QUEENS,41-09 NORTHERN BOULEVARD,10016,Alteration,2026-03-20T04:00:00.000Z,,,Q01283012-P1,
098386,DONALBANE HOUSE LLC,DONALBANE HOUSE LLC,DONALBANE HOUSE LLC,MANHATTAN,14 EAST   81 STREET,10017,Alteration,2026-04-03T04:00:00.000Z,,,M01134951-P3,
076805,DONATO REALTY LLC,DONATO REALTY LLC,DONATO REALTY LLC,MANHATTAN,726 AMSTERDAM AVENUE,11370,Alteration,2026-03-31T04:00:00.000Z,,,M00845351-P1,
093795,Donohoe Commercial Real Estate,Donohoe Commercial Real Estate,Donohoe Commercial Real Estate,MANHATTAN,218 WEST   18 STREET,11021,Alteration,2026-03-27T04:00:00.000Z,N BECACCIO,,M01370363-I1,
044129,DoubleTree Chelsea Hotel,DoubleTree Chelsea Hotel,DoubleTree Chelsea Hotel,MANHATTAN,128 WEST   29 STREET,10018,Alteration,2026-03-26T04:00:00.000Z,,,M01372068-I1,
084082,Douglas Elliman Property Management,Douglas Elliman Property Management,Douglas Elliman Property Management,MANHATTAN,12 EAST   97 STREET,10803,Alteration,2026-03-25T04:00:00.000Z,,,M01369332-I1,
096997,Douglas Elliman Property Management,Douglas Elliman Property Management,Douglas Elliman Property Management,MANHATTAN,135 EAST   71 STREET,10017,Alteration,2026-03-25T04:00:00.000Z,,,M01359316-S1,
102293,Douglas Elliman Property Management,Douglas Elliman Property Management,Douglas Elliman Property Management,MANHATTAN,151 WEST   17 STREET,10983,Alteration,2026-03-31T04:00:00.000Z,,,M01377811-I1,
105191,Douglas Elliman Property Management,Douglas Elliman Property Management,Douglas Elliman Property Management,MANHATTAN,188 EAST   64 STREET,07030,Alteration,2026-04-01T04:00:00.000Z,,,M01283742-S1,
036984,DOUGLAS ELLIMAN PROPERTY MANAGEMENT,DOUGLAS ELLIMAN PROPERTY MANAGEMENT,DOUGLAS ELLIMAN PROPERTY MANAGEMENT,MANHATTAN,825 FIFTH AVENUE,10017,Alteration,2026-03-24T04:00:00.000Z,,,M01365438-I1,
088445,DOUGLAS ELLIMAN PROPERTY MANAGEMENT,DOUGLAS ELLIMAN PROPERTY MANAGEMENT,DOUGLAS ELLIMAN PROPERTY MANAGEMENT,MANHATTAN,825 FIFTH AVENUE,10016,Alteration,2026-03-24T04:00:00.000Z,,,M01365438-S2,
098764,DOUGLAS ELLIMAN PROPERTY MANAGEMENT,DOUGLAS ELLIMAN PROPERTY MANAGEMENT,DOUGLAS ELLIMAN PROPERTY MANAGEMENT,MANHATTAN,1785 1 AVENUE,19341,Alteration,2026-03-20T04:00:00.000Z,,,M01373737-S1,
102362,DOUGLAS ELLIMAN PROPERTY MANAGEMENT,DOUGLAS ELLIMAN PROPERTY MANAGEMENT,DOUGLAS ELLIMAN PROPERTY MANAGEMENT,MANHATTAN,150 CHARLES STREET,11747,Alteration,2026-04-14T04:00:00.000Z,,,M01383518-I1,
082466,DOUGLASTON DEVELOPMENT,DOUGLASTON DEVELOPMENT,DOUGLASTON DEVELOPMENT,BROOKLYN,25 SPARROW WAY,10001,New Building,2026-04-08T04:00:00.000Z,,,B00848002-P2,
092527,DOUGLASTON DEVELOPMENT,DOUGLASTON DEVELOPMENT,DOUGLASTON DEVELOPMENT,BROOKLYN,680 WINTHROP STREET,11374,Alteration,2026-03-31T04:00:00.000Z,,,B01314959-P1,
032516,DOUGLASTON REALTY,DOUGLASTON REALTY,DOUGLASTON REALTY,BROOKLYN,9323 SHORE ROAD,11249,Alteration,2026-03-30T04:00:00.000Z,,,B01376257-S1,
041347,DOUGLASTON REALTY,DOUGLASTON REALTY,DOUGLASTON REALTY,QUEENS,82-11 37 AVENUE,10304,Alteration,2026-04-08T04:00:00.000Z,,,Q01372562-I1,
106880,DOUGLASTON REALTY,DOUGLASTON REALTY,DOUGLASTON REALTY,QUEENS,155-17 SANFORD AVENUE,11102,Alteration,2026-03-26T04:00:00.000Z,,,Q01369282-I1,
033343,DRILON PLUMBING & HEATING INC.,DRILON PLUMBING & HEATING INC.,DRILON PLUMBING & HEATING INC.,STATEN ISLAND,101 MONTGOMERY AVENUE,10309,New Building,2026-03-26T04:00:00.000Z,,,S01332997-I1,
070592,DSENY BUILDING SERVICES,DSENY BUILDING SERVICES,DSENY BUILDING SERVICES,QUEENS,39-69 45 STREET,11101,Alteration,2026-03-27T04:00:00.000Z,,,Q00738206-A2,
018133,DSNY,DSNY,DSNY,MANHATTAN,786 12 AVENUE,10018,Alteration,2026-04-13T04:00:00.000Z,ARTHUR FROMANN,,M01333925-I1,
086757,DSNY,DSNY,DSNY,BRONX,1635 EAST  233 STREET,11237,Alteration,2026-04-07T04:00:00.000Z,,,X08026795-S1,
102260,DSNY,DSNY,DSNY,BROOKLYN,803 FORBELL STREET,10004,Alteration,2026-04-14T04:00:00.000Z,,,B01374906-I1,
106383,DSNY,DSNY,DSNY,MANHATTAN,786 12 AVENUE,11757,Alteration,2026-04-14T04:00:00.000Z,,,M01333925-S1,
062815,Dujamu LLC,Dujamu LLC,Dujamu LLC,BROOKLYN,324 STAGG STREET,11364,Alteration CO,2026-03-26T04:00:00.000Z,,,B01354692-S4,
107610,Dujamu LLC,Dujamu LLC,Dujamu LLC,BROOKLYN,324 STAGG STREET,11221,Alteration CO,2026-04-06T04:00:00.000Z,,,B01354692-S1,
110398,DUKE PROPERTIES,DUKE PROPERTIES,DUKE PROPERTIES,QUEENS,1725 PUTNAM AVENUE,10036,Alteration,2026-04-08T04:00:00.000Z,,,Q01368031-I1,
101644,DVH REALTY CORP,DVH REALTY CORP,DVH REALTY CORP,BROOKLYN,847 PARK PLACE,10019,Alteration CO,2026-03-26T04:00:00.000Z,,,B01346969-S1,
066073,DWORMANCO,DWORMANCO,DWORMANCO,MANHATTAN,136 WEST    3 STREET,10018,Alteration,2026-03-31T04:00:00.000Z,,,M00981006-P1,
082359,DWORMANCO,DWORMANCO,DWORMANCO,MANHATTAN,136 WEST    3 STREET,11801,Alteration,2026-03-21T04:00:00.000Z,,,M00974408-P1,
084333,Dynamic Construction Company,Dynamic Construction Company,Dynamic Construction Company,BROOKLYN,2022 EAST   53 PLACE,11370,Alteration,2026-04-10T04:00:00.000Z,,,B01379896-I1,
101192,DYNAMIC HOISTING SCAFFOLDING,DYNAMIC HOISTING SCAFFOLDING,DYNAMIC HOISTING SCAFFOLDING,BRONX,3862 SEDGWICK AVENUE,10036,Alteration,2026-04-02T04:00:00.000Z,,,X01300332-I1,
032805,DYNAMIC STAR LLC,DYNAMIC STAR LLC,DYNAMIC STAR LLC,BRONX,360 WEST FORDHAM ROAD,10018,New Building,2026-03-25T04:00:00.000Z,,,X00932163-I1,
072050,DYNAMIC STAR LLC,DYNAMIC STAR LLC,DYNAMIC STAR LLC,BRONX,330 WEST FORDHAM ROAD,10001,New Building,2026-03-26T04:00:00.000Z,,,X00602987-S8,
080894,DYNAMIC STAR LLC,DYNAMIC STAR LLC,DYNAMIC STAR LLC,BRONX,360 WEST FORDHAM ROAD,10271,New Building,2026-03-26T04:00:00.000Z,,,X00932163-S1,
081064,DYNAMIC STAR LLC,DYNAMIC STAR LLC,DYNAMIC STAR LLC,BRONX,330 WEST FORDHAM ROAD,10005,New Building,2026-04-09T04:00:00.000Z,,,X00602987-S7,
083057,E 53 STREET LLC,E 53 STREET LLC,E 53 STREET LLC,QUEENS,34-16 38 STREET,11235,New Building,2026-04-01T04:00:00.000Z,ANDREW WOLKE  II,,Q01150703-P3,
110083,E T MGMT,E T MGMT,E T MGMT,BRONX,870 EAST 180 STREET,11545,Alteration,2026-03-25T04:00:00.000Z,,,X01339265-P1,
034045,E&C Management,E&C Management,E&C Management,MANHATTAN,40 WEST  127 STREET,10001,Alteration,2026-04-06T04:00:00.000Z,,,M01371115-I1,
103626,EAGLE POINT PROPERTIES LLC,EAGLE POINT PROPERTIES LLC,EAGLE POINT PROPERTIES LLC,MANHATTAN,529 WEST   20 STREET,11501,Alteration,2026-03-25T04:00:00.000Z,,,M01374136-I1,
099501,EAST 181 GARDENS LLC,EAST 181 GARDENS LLC,EAST 181 GARDENS LLC,BRONX,1848 BILLINGSLEY TERRACE,11793,New Building,2026-03-25T04:00:00.000Z,,,X01213760-P5,
102188,EAST 181 GARDENS LLC,EAST 181 GARDENS LLC,EAST 181 GARDENS LLC,QUEENS,53-06 ROCKAWAY BEACH BOULEVARD,11216,New Building,2026-04-09T04:00:00.000Z,,,Q01297947-S7,
086620,East 43RD NYC LLC,East 43RD NYC LLC,East 43RD NYC LLC,MANHATTAN,6 EAST   43 STREET,11714,Alteration,2026-03-26T04:00:00.000Z,,,M01374494-S4,
096363,East 43RD NYC LLC,East 43RD NYC LLC,East 43RD NYC LLC,MANHATTAN,6 EAST   43 STREET,10038,Alteration,2026-03-26T04:00:00.000Z,,,M01374494-S2,
058375,EAST 88 OWNER LLC,EAST 88 OWNER LLC,EAST 88 OWNER LLC,MANHATTAN,288 EAST   88 STREET,10018,New Building,2026-04-02T04:00:00.000Z,,,M00637209-A6,
105372,EAST VILLAG,EAST VILLAG,EAST VILLAG,MANHATTAN,413 EAST   12 STREET,11021,Alteration,2026-04-08T04:00:00.000Z,,,M01382748-I1,
084781,"EAST82OWNER, LLC","EAST82OWNER, LLC","EAST82OWNER, LLC",MANHATTAN,175 EAST   82 STREET,08840,Alteration,2026-04-14T04:00:00.000Z,,,M01189728-P3,
090287,"EAST82OWNER, LLC","EAST82OWNER, LLC","EAST82OWNER, LLC",MANHATTAN,1448 3 AVENUE,11101,New Building,2026-04-06T04:00:00.000Z,,,M00995463-S6,
043901,EASTSHORE MANAGEMENT LLC,EASTSHORE MANAGEMENT LLC,EASTSHORE MANAGEMENT LLC,BRONX,1023 COLLEGE AVENUE,11702,Alteration,2026-04-02T04:00:00.000Z,,,X01361556-S1,
105362,EASTSHORE MANAGEMENT LLC,EASTSHORE MANAGEMENT LLC,EASTSHORE MANAGEMENT LLC,BRONX,943 EAST  229 STREET,11235,Alteration,2026-04-11T04:00:00.000Z,,,X01385675-I1,
040797,EBMG LLC,EBMG LLC,EBMG LLC,BROOKLYN,114 CLINTON STREET,11222,Alteration,2026-03-20T04:00:00.000Z,,,B01371653-I1,
019488,ECKSTROM NYC LLC,ECKSTROM NYC LLC,ECKSTROM NYC LLC,MANHATTAN,59 MORTON STREET,11754,Alteration,2026-04-07T04:00:00.000Z,THOMAS MCFARLAND,,M01383187-I1,
083189,ECKSTROM NYC LLC,ECKSTROM NYC LLC,ECKSTROM NYC LLC,MANHATTAN,59 MORTON STREET,11354,Alteration CO,2026-04-13T04:00:00.000Z,,,M01285183-P1,
092860,ECKSTROM NYC LLC,ECKSTROM NYC LLC,ECKSTROM NYC LLC,BROOKLYN,285 PACIFIC STREET,08817,Alteration,2026-04-14T04:00:00.000Z,,,B01297740-P1,
104143,ECKSTROM NYC LLC,ECKSTROM NYC LLC,ECKSTROM NYC LLC,MANHATTAN,248 WEST   12 STREET,07039,Alteration,2026-04-06T04:00:00.000Z,,,M01383407-I1,
092468,EDEN II SCHOOL FOR AUTIS,EDEN II SCHOOL FOR AUTIS,EDEN II SCHOOL FOR AUTIS,STATEN ISLAND,21 DIXON AVENUE,10583,Alteration,2026-04-07T04:00:00.000Z,,,S01246375-P1,
060234,"Edery Global, Inc.","Edery Global, Inc.","Edery Global, Inc.",BROOKLYN,50 SOUTH    2 STREET,11101,New Building,2026-03-31T04:00:00.000Z,,,B00968657-P4,
095159,"Edery Global, Inc.","Edery Global, Inc.","Edery Global, Inc.",BROOKLYN,371 SACKETT STREET,11208,Alteration,2026-03-26T04:00:00.000Z,,,B01054643-P1,
101192,"Edery Global, Inc.","Edery Global, Inc.","Edery Global, Inc.",BROOKLYN,50 SOUTH    2 STREET,10036,Alteration,2026-03-23T04:00:00.000Z,,,B01352334-P1,
103242,EDUCATIONAL HOUSING SERVICES,EDUCATIONAL HOUSING SERVICES,EDUCATIONAL HOUSING SERVICES,MANHATTAN,419 WEST   34 STREET,06840,Alteration,2026-04-07T04:00:00.000Z,,,M01382585-I1,
062597,"EDWARD J. MINSKOFF EQUITIES, INC.","EDWARD J. MINSKOFF EQUITIES, INC.","EDWARD J. MINSKOFF EQUITIES, INC.",MANHATTAN,51 ASTOR PLACE,10119,Alteration,2026-03-25T04:00:00.000Z,,,M01322271-P1,
078127,"EDWARD J. MINSKOFF EQUITIES, INC.","EDWARD J. MINSKOFF EQUITIES, INC.","EDWARD J. MINSKOFF EQUITIES, INC.",MANHATTAN,1166 AVENUE OF THE AMERICAS,110300019,Alteration,2026-03-26T04:00:00.000Z,,,M01318761-P1,
080632,"EDWARD J. MINSKOFF EQUITIES, INC.","EDWARD J. MINSKOFF EQUITIES, INC.","EDWARD J. MINSKOFF EQUITIES, INC.",QUEENS,159-30 ROCKAWAY BOULEVARD,10271,Alteration,2026-04-01T04:00:00.000Z,,,Q01307528-I1,
047622,"EGA HOLDINGS, LLC","EGA HOLDINGS, LLC","EGA HOLDINGS, LLC",MANHATTAN,278 MOTT STREET,11358,Alteration,2026-03-20T04:00:00.000Z,,,M01370958-I1,
032789,EGC LLC,EGC LLC,EGC LLC,BRONX,1219 ADEE AVENUE,10901,Alteration,2026-04-03T04:00:00.000Z,,,X01106306-P2,
086301,EHL DEVELOPMENT LLC,EHL DEVELOPMENT LLC,EHL DEVELOPMENT LLC,QUEENS,43-15 164 STREET,11354,ALT-CO - New Building with Existing Elements to Remain,2026-03-26T04:00:00.000Z,,,Q01378452-I1,
076782,EJS GROUP,EJS GROUP,EJS GROUP,MANHATTAN,250 EAST   56 STREET,10122,New Building,2026-04-14T04:00:00.000Z,,,M01370073-S3,
087988,EJS GROUP,EJS GROUP,EJS GROUP,MANHATTAN,250 EAST   56 STREET,10036,New Building,2026-04-07T04:00:00.000Z,,,M01370073-S1,
096363,EJS GROUP,EJS GROUP,EJS GROUP,MANHATTAN,250 EAST   56 STREET,10038,New Building,2026-03-26T04:00:00.000Z,,,M01370073-S5,
041191,EKDOTHEEN LLC,EKDOTHEEN LLC,EKDOTHEEN LLC,BROOKLYN,123 JORALEMON STREET,10007,Alteration CO,2026-03-24T04:00:00.000Z,,,B00588008-P9,
089728,"EKT EQUITIES, LLC","EKT EQUITIES, LLC","EKT EQUITIES, LLC",MANHATTAN,1134 1 AVENUE,08816,Alteration,2026-03-25T04:00:00.000Z,,,M01374319-I1,
058324,Eleven Waverly Associates LLC,Eleven Waverly Associates LLC,Eleven Waverly Associates LLC,MANHATTAN,11 WAVERLY PLACE,11596,Alteration,2026-04-14T04:00:00.000Z,,,M01382129-S1,
015926,ELIDEX REALTY,ELIDEX REALTY,ELIDEX REALTY,BRONX,2825 THIRD AVENUE,10029,Alteration,2026-04-08T04:00:00.000Z,,,X01220085-P2,
073820,ELINORE STERN TRUST,ELINORE STERN TRUST,ELINORE STERN TRUST,BROOKLYN,314 LIVINGSTON STREET,11368,Alteration,2026-04-13T04:00:00.000Z,,,B01280418-P3,
102028,ELITE SIMRAN CONSTRUCTION CROP,ELITE SIMRAN CONSTRUCTION CROP,ELITE SIMRAN CONSTRUCTION CROP,BROOKLYN,280 DEAN STREET,11218,Alteration,2026-03-27T04:00:00.000Z,,,B01372119-I1,
087291,ELIZABETH ROBERTS ARCHITECTURE & DE,ELIZABETH ROBERTS ARCHITECTURE & DE,ELIZABETH ROBERTS ARCHITECTURE & DE,MANHATTAN,36 LEROY STREET,10014,Alteration,2026-03-28T04:00:00.000Z,,,M01378031-S2,
098386,ELIZABETH ROBERTS ARCHITECTURE & DE,ELIZABETH ROBERTS ARCHITECTURE & DE,ELIZABETH ROBERTS ARCHITECTURE & DE,MANHATTAN,36 LEROY STREET,10017,Alteration,2026-03-27T04:00:00.000Z,,,M01378031-S3,
105292,ELLIMAN PROPERTY MANAGEMENT,ELLIMAN PROPERTY MANAGEMENT,ELLIMAN PROPERTY MANAGEMENT,QUEENS,2 BAY CLUB DRIVE,11103,Alteration,2026-04-07T04:00:00.000Z,,,Q01051850-P1,
036233,"ELMCOR YOUTH & ADULT ACTIVITIES, IN","ELMCOR YOUTH & ADULT ACTIVITIES, IN","ELMCOR YOUTH & ADULT ACTIVITIES, IN",QUEENS,43-12 50 STREET,07974,Alteration,2026-04-10T04:00:00.000Z,,,Q01380033-I1,
043269,ELMS REALTY INC,ELMS REALTY INC,ELMS REALTY INC,QUEENS,40-09 21 STREET,11204,Alteration,2026-04-14T04:00:00.000Z,,,Q01374518-I1,
097321,ELO EQUITY LLC,ELO EQUITY LLC,ELO EQUITY LLC,BROOKLYN,1697 PITKIN AVENUE,11358,Alteration,2026-04-13T04:00:00.000Z,,,B01378753-I1,
033118,ELYAHU COHEN 2009 FAMILY TRUST,ELYAHU COHEN 2009 FAMILY TRUST,ELYAHU COHEN 2009 FAMILY TRUST,BROOKLYN,2182 EAST    4 STREET,11230,Alteration CO,2026-04-01T04:00:00.000Z,,,B01370002-I1,
107346,Elysee,Elysee,Elysee,MANHATTAN,161 EAST   81 STREET,10016,Alteration CO,2026-04-07T04:00:00.000Z,,,M01266575-S2,
072827,EMAC 18 LLC,EMAC 18 LLC,EMAC 18 LLC,BROOKLYN,4505 18 AVENUE,12533,New Building,2026-03-30T04:00:00.000Z,,,B01325748-S6,
083057,EMERALD DEVELOPERS,EMERALD DEVELOPERS,EMERALD DEVELOPERS,MANHATTAN,247 EAST  117 STREET,11235,Alteration,2026-03-31T04:00:00.000Z,ANDREW WOLKE  II,,M01349034-S2,
111169,EMERALD DEVELOPERS,EMERALD DEVELOPERS,EMERALD DEVELOPERS,MANHATTAN,247 EAST  117 STREET,10001,Alteration,2026-04-14T04:00:00.000Z,,,M01385607-I1,
046375,EMET,EMET,EMET,BROOKLYN,100 2 STREET,10901,ALT-CO - New Building with Existing Elements to Remain,2026-03-31T04:00:00.000Z,,,B01378354-I1,
014258,EMMAR LLC,EMMAR LLC,EMMAR LLC,STATEN ISLAND,108 LENZIE STREET,10306,New Building,2026-03-24T04:00:00.000Z,,,S08020259-S6,
022409,EMMUT PROPERTIES CORP,EMMUT PROPERTIES CORP,EMMUT PROPERTIES CORP,MANHATTAN,45 WEST   81 STREET,10010,Alteration,2026-04-09T04:00:00.000Z,MICHAEL JAYNE,,M01365869-I1,
069888,empire state realty trust,empire state realty trust,empire state realty trust,MANHATTAN,557 BROADWAY,10005,Alteration,2026-04-10T04:00:00.000Z,,,M01383234-I1,
084183,empire state realty trust,empire state realty trust,empire state realty trust,MANHATTAN,501 7 AVENUE,10001,Alteration,2026-03-31T04:00:00.000Z,,,M01376706-I1,
087714,empire state realty trust,empire state realty trust,empire state realty trust,MANHATTAN,555 BROADWAY,10562,Alteration,2026-03-26T04:00:00.000Z,,,M01368096-I1,
089984,EMPIRE STATE REALTY TRUST,EMPIRE STATE REALTY TRUST,EMPIRE STATE REALTY TRUST,MANHATTAN,250 WEST   57 STREET,10005,Alteration,2026-03-27T04:00:00.000Z,,,M01378041-I1,
083941,Empty Lunchbox LLC,Empty Lunchbox LLC,Empty Lunchbox LLC,MANHATTAN,215 EAST    4 STREET,11040,Alteration,2026-04-06T04:00:00.000Z,,,M01330743-P2,
094457,EONKEY LLC,EONKEY LLC,EONKEY LLC,QUEENS,60-22 68 ROAD,10457,Alteration,2026-04-06T04:00:00.000Z,,,Q01286197-P1,
037876,EPIC TOWER LLC,EPIC TOWER LLC,EPIC TOWER LLC,QUEENS,41-62 BOWNE STREET,11354,Alteration CO,2026-04-08T04:00:00.000Z,,,Q00803267-P2,
065639,EPSILON ENTERPRISES REALTY LLC,EPSILON ENTERPRISES REALTY LLC,EPSILON ENTERPRISES REALTY LLC,STATEN ISLAND,30 SANDS STREET,10038,New Building,2026-04-02T04:00:00.000Z,,,S01286566-S1,
095837,EPSILON ENTERPRISES REALTY LLC,EPSILON ENTERPRISES REALTY LLC,EPSILON ENTERPRISES REALTY LLC,STATEN ISLAND,541 BAY STREET,11235,New Building,2026-03-23T04:00:00.000Z,,,S01222096-S7,
074129,EQUITY 555 INC.,EQUITY 555 INC.,EQUITY 555 INC.,BROOKLYN,468 HERZL STREET,11001,Alteration,2026-04-08T04:00:00.000Z,DANIEL MEGNA,,B01325679-P2,
046877,EQUITY RESIDENTIAL,EQUITY RESIDENTIAL,EQUITY RESIDENTIAL,MANHATTAN,228 WEST   71 STREET,10001,Alteration,2026-03-25T04:00:00.000Z,,,M01360927-I1,
019160,ERY TENANT LLC C/O THE RELATED,ERY TENANT LLC C/O THE RELATED,ERY TENANT LLC C/O THE RELATED,MANHATTAN,30 HUDSON YARDS,11372,Alteration,2026-04-03T04:00:00.000Z,NICHOLAS DI GERONIMO,,M01369547-S1,
086561,ERY TENANT LLC C/O THE RELATED,ERY TENANT LLC C/O THE RELATED,ERY TENANT LLC C/O THE RELATED,MANHATTAN,20 HUDSON YARDS,10041,Alteration,2026-03-23T04:00:00.000Z,,,M00403303-P6,
035290,ESL Properties LLC,ESL Properties LLC,ESL Properties LLC,STATEN ISLAND,1221 FOREST HILL ROAD,07731,Alteration,2026-04-08T04:00:00.000Z,,,S01377393-I1,
016965,ESRT,ESRT,ESRT,BROOKLYN,89 NORTH    6 STREET,10005,Alteration,2026-03-27T04:00:00.000Z,,,B01367993-I1,
086620,ESRT,ESRT,ESRT,MANHATTAN,60 EAST   42 STREET,11714,Alteration,2026-03-24T04:00:00.000Z,,,M01303970-I1,
087714,ESRT,ESRT,ESRT,MANHATTAN,60 EAST   42 STREET,10562,Alteration,2026-03-26T04:00:00.000Z,,,M00946793-P1,
092256,ESRT,ESRT,ESRT,BROOKLYN,89 NORTH    6 STREET,10018,Alteration,2026-03-30T04:00:00.000Z,,,B01367993-S3,
102794,ESRT,ESRT,ESRT,BROOKLYN,89 NORTH    6 STREET,92612,Alteration,2026-04-09T04:00:00.000Z,,,B01367993-S4,
072539,ESSEN HEALTHCARE,ESSEN HEALTHCARE,ESSEN HEALTHCARE,BRONX,2472 BUTLER PLACE,11377,Alteration CO,2026-04-01T04:00:00.000Z,,,X01261938-S4,
035366,ESSEX CAPITAL PARTNERS,ESSEX CAPITAL PARTNERS,ESSEX CAPITAL PARTNERS,MANHATTAN,501 10 AVENUE,11238,Alteration,2026-03-20T04:00:00.000Z,,,M01367580-I1,
095847,Estate Realty,Estate Realty,Estate Realty,MANHATTAN,609 WEST  151 STREET,11747,Alteration,2026-04-01T04:00:00.000Z,,,M01377139-I1,
111400,ETNEAL REALTY NY LLC,ETNEAL REALTY NY LLC,ETNEAL REALTY NY LLC,QUEENS,149-11 19 AVENUE,11354,ALT-CO - New Building with Existing Elements to Remain,2026-04-04T04:00:00.000Z,,,Q01379840-I1,
019437,Euro Tech Developers LLC,Euro Tech Developers LLC,Euro Tech Developers LLC,BRONX,2279 UNIVERSITY AVENUE,10550,New Building,2026-04-08T04:00:00.000Z,GREGORY COLEY,,X01374245-S3,
079193,Evenhar Development Corp,Evenhar Development Corp,Evenhar Development Corp,MANHATTAN,1578 LEXINGTON AVENUE,10018,New Building,2026-03-23T04:00:00.000Z,,,M00755303-A6,
060234,EVEREST BUILDING CONSULTING LLC,EVEREST BUILDING CONSULTING LLC,EVEREST BUILDING CONSULTING LLC,BROOKLYN,76 LEE AVENUE,11101,Alteration,2026-03-25T04:00:00.000Z,,,B08045268-P2,
037876,excel development group,excel development group,excel development group,BROOKLYN,191 13 STREET,11354,New Building,2026-03-26T04:00:00.000Z,,,B01349043-I1,
101015,EXCELLEMT INTERIOR INC,EXCELLEMT INTERIOR INC,EXCELLEMT INTERIOR INC,BROOKLYN,1872 FULTON STREET,07512,New Building,2026-03-19T04:00:00.000Z,,,B01290362-S7,
103102,EXCELLENT HOPE INC,EXCELLENT HOPE INC,EXCELLENT HOPE INC,BRONX,1339 CROES AVENUE,11417,Alteration CO,2026-04-07T04:00:00.000Z,,,X01157390-P4,
042806,EXCELLENT METROPOLITAN CONSTRUCTION,EXCELLENT METROPOLITAN CONSTRUCTION,EXCELLENT METROPOLITAN CONSTRUCTION,QUEENS,151-77 20 AVENUE,11357,ALT-CO - New Building with Existing Elements to Remain,2026-03-24T04:00:00.000Z,,,Q01373441-I1,
096200,EXCELLENT METROPOLITAN CONSTRUCTION,EXCELLENT METROPOLITAN CONSTRUCTION,EXCELLENT METROPOLITAN CONSTRUCTION,QUEENS,151-77 GAR 20 AVENUE,11357,Full Demolition,2026-04-03T04:00:00.000Z,,,Q01351423-I1,
083057,EXPRESS BUILDERS JB INC,EXPRESS BUILDERS JB INC,EXPRESS BUILDERS JB INC,BROOKLYN,498 COLUMBIA STREET,11235,New Building,2026-03-24T04:00:00.000Z,ANDREW WOLKE  II,,B00830930-B4,
060728,EXTELL DEVELOPMENT,EXTELL DEVELOPMENT,EXTELL DEVELOPMENT,MANHATTAN,37 WEST   66 STREET,10119,New Building,2026-04-09T04:00:00.000Z,,,M01316302-S4,
072540,EXTELL DEVELOPMENT,EXTELL DEVELOPMENT,EXTELL DEVELOPMENT,MANHATTAN,1522 1 AVENUE,11218,Alteration,2026-03-27T04:00:00.000Z,,,M01364183-S3,
076782,EXTELL DEVELOPMENT,EXTELL DEVELOPMENT,EXTELL DEVELOPMENT,MANHATTAN,37 WEST   66 STREET,10122,New Building,2026-04-06T04:00:00.000Z,,,M01316302-P2,
090310,EXTELL DEVELOPMENT,EXTELL DEVELOPMENT,EXTELL DEVELOPMENT,MANHATTAN,1522 1 AVENUE,10041,Alteration,2026-03-27T04:00:00.000Z,,,M01364197-S2,
090372,EXTELL DEVELOPMENT,EXTELL DEVELOPMENT,EXTELL DEVELOPMENT,MANHATTAN,147 WEST   55 STREET,10038,Alteration,2026-04-08T04:00:00.000Z,,,M01292646-P1,
092183,EXTELL DEVELOPMENT,EXTELL DEVELOPMENT,EXTELL DEVELOPMENT,MANHATTAN,147 WEST   55 STREET,10001,Full Demolition,2026-04-02T04:00:00.000Z,,,M01177081-P3,
098918,EXTELL DEVELOPMENT,EXTELL DEVELOPMENT,EXTELL DEVELOPMENT,MANHATTAN,1522 1 AVENUE,10038,Alteration,2026-03-27T04:00:00.000Z,,,M01364183-S1,
100647,EXTELL DEVELOPMENT,EXTELL DEVELOPMENT,EXTELL DEVELOPMENT,MANHATTAN,570 5 AVENUE,10528,Alteration,2026-03-20T04:00:00.000Z,,,M01201902-P3,
081697,EXTELL DEVELOPMENT COMPANY,EXTELL DEVELOPMENT COMPANY,EXTELL DEVELOPMENT COMPANY,MANHATTAN,655 MADISON AVENUE,10920,New Building,2026-03-30T04:00:00.000Z,,,M01139026-S9,
083125,EXTELL DEVELOPMENT COMPANY,EXTELL DEVELOPMENT COMPANY,EXTELL DEVELOPMENT COMPANY,MANHATTAN,740 8 AVENUE,10704,Alteration,2026-04-06T04:00:00.000Z,STEPHEN RYCHLICKI,,M01230083-P7,
090287,EXTELL DEVELOPMENT COMPANY,EXTELL DEVELOPMENT COMPANY,EXTELL DEVELOPMENT COMPANY,MANHATTAN,740 8 AVENUE,11101,Alteration,2026-04-08T04:00:00.000Z,,,M01344049-P3,
105641,EXTRA SPACE STORAGE,EXTRA SPACE STORAGE,EXTRA SPACE STORAGE,MANHATTAN,465 WEST  150 STREET,10018,Alteration,2026-04-02T04:00:00.000Z,,,M01373276-I1,
099501,EZ BUILDERS CORP,EZ BUILDERS CORP,EZ BUILDERS CORP,BRONX,4350 VAN CORTLANDT PARK EAST,11793,New Building,2026-03-24T04:00:00.000Z,,,X01205996-P3,
096214,Ez home buy inc,Ez home buy inc,Ez home buy inc,BROOKLYN,242 ALBANY AVENUE,10018,Alteration,2026-03-23T04:00:00.000Z,,,B01166472-P6,
107592,Ez home buy inc,Ez home buy inc,Ez home buy inc,BROOKLYN,177 LEFFERTS PLACE,10016,ALT-CO - New Building with Existing Elements to Remain,2026-03-29T04:00:00.000Z,,,B01313771-S6,
065567,"F.M. RING ASSOCIATES, INC.","F.M. RING ASSOCIATES, INC.","F.M. RING ASSOCIATES, INC.",BROOKLYN,336 10 STREET,11563,Alteration CO,2026-04-14T04:00:00.000Z,,,B08031271-P1,
111400,F1500 LLC,F1500 LLC,F1500 LLC,QUEENS,42-21 REAR 159 STREET,11354,Full Demolition,2026-04-12T04:00:00.000Z,,,Q01386030-I1,
091999,FAIRDEALS PROPERTIES LLC,FAIRDEALS PROPERTIES LLC,FAIRDEALS PROPERTIES LLC,BROOKLYN,1363GAR SUTTER AVENUE,11580,Alteration,2026-04-07T04:00:00.000Z,,,B01383248-I1,
041772,Fairmont Tenants Corp.,Fairmont Tenants Corp.,Fairmont Tenants Corp.,MANHATTAN,401 EAST   86 STREET,10451,Alteration,2026-03-26T04:00:00.000Z,,,M01366136-S1,
034900,FAIRVIEW OWNERS CORP.,FAIRVIEW OWNERS CORP.,FAIRVIEW OWNERS CORP.,QUEENS,61-20 GRAND CENTRAL PARKWAY,10001,Alteration,2026-04-11T04:00:00.000Z,,,Q01166293-P1,
087878,FAMTAN LLC,FAMTAN LLC,FAMTAN LLC,QUEENS,43-20 BELL BOULEVARD,10002,Alteration CO,2026-04-01T04:00:00.000Z,,,Q01373038-I1,
013469,FAR ROC,FAR ROC,FAR ROC,QUEENS,162-20 NORTHERN BOULEVARD,11103,Alteration,2026-04-02T04:00:00.000Z,JASON LA GREGA,,Q08045140-I1,
043509,FAR ROC,FAR ROC,FAR ROC,QUEENS,162-20 NORTHERN BOULEVARD,11377,Alteration,2026-03-29T04:00:00.000Z,,,Q01368506-I1,
104414,FATHER REALTY CORP,FATHER REALTY CORP,FATHER REALTY CORP,MANHATTAN,155 8 AVENUE,11432,Alteration,2026-03-25T04:00:00.000Z,,,M01373932-I1,
103800,FBHC,FBHC,FBHC,BRONX,2382 WEBSTER AVENUE,10475,Alteration,2026-03-26T04:00:00.000Z,,,X01366397-I1,
017178,Federal Realty,Federal Realty,Federal Realty,QUEENS,61-17 190 STREET,10016,Alteration,2026-03-25T04:00:00.000Z,,,Q01299525-I1,
037560,Federal Realty,Federal Realty,Federal Realty,QUEENS,61-23 190 STREET,11552,Alteration,2026-04-08T04:00:00.000Z,,,Q01375760-I1,
065346,Federal Realty,Federal Realty,Federal Realty,QUEENS,61-17 190 STREET,10001,Alteration,2026-03-26T04:00:00.000Z,,,Q01299525-S1,
038942,FEDERAL REALTY,FEDERAL REALTY,FEDERAL REALTY,QUEENS,61-24 188 STREET,10001,Alteration,2026-04-01T04:00:00.000Z,,,Q01375749-I1,
043509,FEDERAL REALTY,FEDERAL REALTY,FEDERAL REALTY,QUEENS,61-42 188 STREET,11377,Alteration,2026-04-11T04:00:00.000Z,,,Q01374620-I1,
090097,FEDERAL REALTY,FEDERAL REALTY,FEDERAL REALTY,QUEENS,61-24 188 STREET,10803,Alteration,2026-04-03T04:00:00.000Z,,,Q01375749-S1,
099301,FEDERAL REALTY,FEDERAL REALTY,FEDERAL REALTY,QUEENS,61-45 188 STREET,63026,Alteration,2026-04-14T04:00:00.000Z,,,Q01075386-P7,
040210,FEDERAL REALTY INVESTMENT TRUST,FEDERAL REALTY INVESTMENT TRUST,FEDERAL REALTY INVESTMENT TRUST,QUEENS,61-38 190 STREET,10128,Alteration,2026-04-09T04:00:00.000Z,,,Q01374838-I1,
038942,FEIL ORGANIZATION,FEIL ORGANIZATION,FEIL ORGANIZATION,MANHATTAN,261 5 AVENUE,10001,Alteration,2026-04-13T04:00:00.000Z,,,M01323163-I1,
094685,FEIL ORGANIZATION,FEIL ORGANIZATION,FEIL ORGANIZATION,MANHATTAN,261 5 AVENUE,10018,Alteration,2026-04-14T04:00:00.000Z,,,M01323163-S3,
093450,FELIX ROASTING CO,FELIX ROASTING CO,FELIX ROASTING CO,MANHATTAN,11 EAST   76 STREET,11375,Alteration CO,2026-04-08T04:00:00.000Z,,,M01095241-S1,
095046,FERBAL CAPITAL,FERBAL CAPITAL,FERBAL CAPITAL,BROOKLYN,701 WASHINGTON AVENUE,10528,New Building,2026-04-13T04:00:00.000Z,,,B01292860-S7,
104414,FERNANDO ALFONSO,FERNANDO ALFONSO,FERNANDO ALFONSO,BROOKLYN,205 SUMPTER STREET,11432,Alteration,2026-03-24T04:00:00.000Z,,,B01341386-I1,
076082,"FERRADO HOTELS, LLC","FERRADO HOTELS, LLC","FERRADO HOTELS, LLC",MANHATTAN,125 WEST   45 STREET,10019,Alteration,2026-04-01T04:00:00.000Z,,,M01349082-I1,
037074,FETNER PROPERTIES,FETNER PROPERTIES,FETNER PROPERTIES,MANHATTAN,85 EAST END AVENUE,11249,Alteration,2026-04-14T04:00:00.000Z,,,M01383698-I1,
090372,FETNER PROPERTIES,FETNER PROPERTIES,FETNER PROPERTIES,MANHATTAN,501 EAST   74 STREET,10038,Alteration,2026-03-31T04:00:00.000Z,,,M01372787-I1,
101192,FETNER PROPERTIES,FETNER PROPERTIES,FETNER PROPERTIES,MANHATTAN,501 EAST   74 STREET,10036,Alteration,2026-03-23T04:00:00.000Z,,,M01376169-I1,
045592,FG NEWYORK INC,FG NEWYORK INC,FG NEWYORK INC,BRONX,1135 CLAY AVENUE,11238,New Building,2026-03-29T04:00:00.000Z,,,X01363016-I1,
096200,FH 2BRO BUILDER CORP.,FH 2BRO BUILDER CORP.,FH 2BRO BUILDER CORP.,QUEENS,35-10 43 STREET,11357,Full Demolition,2026-04-14T04:00:00.000Z,,,Q01384757-I1,
084288,Fieldston Power LLC,Fieldston Power LLC,Fieldston Power LLC,MANHATTAN,66 WEST   88 STREET,08318,Alteration,2026-04-10T04:00:00.000Z,,,M01374274-I1,
096890,FIFTH AVE COMMITTEE INC,FIFTH AVE COMMITTEE INC,FIFTH AVE COMMITTEE INC,BROOKLYN,217 50 STREET,10004,Alteration,2026-03-19T04:00:00.000Z,,,B01043787-P1,
047153,FINDLAND GROUP LLC,FINDLAND GROUP LLC,FINDLAND GROUP LLC,QUEENS,13209 41 ROAD,11354,Alteration,2026-03-23T04:00:00.000Z,,,Q01330975-P1,
090417,FINDLAND GROUP LLC,FINDLAND GROUP LLC,FINDLAND GROUP LLC,QUEENS,141-10 32 AVENUE,11361,New Building,2026-04-14T04:00:00.000Z,,,Q00769923-S4,
038472,FINGER MANAGEMENT CORP,FINGER MANAGEMENT CORP,FINGER MANAGEMENT CORP,MANHATTAN,1809 ADAM CLAYTON POWELL JR BOULEVARD,10018,Alteration,2026-03-23T04:00:00.000Z,,,M01025874-P1,
041347,FINGER MANAGEMENT CORP,FINGER MANAGEMENT CORP,FINGER MANAGEMENT CORP,MANHATTAN,105 EAST  116 STREET,10304,Alteration,2026-04-09T04:00:00.000Z,,,M01367291-I1,
101793,First & 73 LLC,First & 73 LLC,First & 73 LLC,MANHATTAN,1219 3 AVENUE,19006,Alteration,2026-04-02T04:00:00.000Z,,,M01367792-I1,
085429,"FIRST PIONEER PROPERTIES, INC.","FIRST PIONEER PROPERTIES, INC.","FIRST PIONEER PROPERTIES, INC.",MANHATTAN,1013 6 AVENUE,10001,Alteration,2026-04-13T04:00:00.000Z,,,M01379599-I1,
101149,"FIRST PIONEER PROPERTIES, INC.","FIRST PIONEER PROPERTIES, INC.","FIRST PIONEER PROPERTIES, INC.",MANHATTAN,1013 6 AVENUE,11968,Alteration,2026-04-08T04:00:00.000Z,,,M01355776-P2,
065403,FIRST SERVICE RESIDENTIAL,FIRST SERVICE RESIDENTIAL,FIRST SERVICE RESIDENTIAL,MANHATTAN,328 WEST   56 STREET,10553,Alteration,2026-04-14T04:00:00.000Z,,,M01373338-S2,
081054,FIRST SERVICE RESIDENTIAL,FIRST SERVICE RESIDENTIAL,FIRST SERVICE RESIDENTIAL,MANHATTAN,225 5 AVENUE,10018,Alteration,2026-04-10T04:00:00.000Z,,,M00953485-P4,
084422,FIRST SERVICE RESIDENTIAL,FIRST SERVICE RESIDENTIAL,FIRST SERVICE RESIDENTIAL,MANHATTAN,330 WEST   56 STREET,10506,Alteration,2026-03-20T04:00:00.000Z,,,M01371381-I1,
100790,FIRST SERVICE RESIDENTIAL,FIRST SERVICE RESIDENTIAL,FIRST SERVICE RESIDENTIAL,MANHATTAN,330 WEST   56 STREET,10007,Alteration,2026-04-03T04:00:00.000Z,,,M01362668-I1,
034898,FirstService Residential,FirstService Residential,FirstService Residential,MANHATTAN,310 WEST   86 STREET,10025,Alteration,2026-03-26T04:00:00.000Z,,,M01329894-I1,
064313,FirstService Residential,FirstService Residential,FirstService Residential,MANHATTAN,78 IRVING PLACE,10001,Alteration,2026-04-03T04:00:00.000Z,,,M01321632-I1,
085879,FirstService Residential,FirstService Residential,FirstService Residential,MANHATTAN,32 WEST   82 STREET,10601,Alteration,2026-04-13T04:00:00.000Z,,,M01186221-P3,
090133,FirstService Residential,FirstService Residential,FirstService Residential,QUEENS,117-01B PARK LANE SOUTH,12470,Alteration,2026-03-27T04:00:00.000Z,,,Q01176257-P1,
090372,FirstService Residential,FirstService Residential,FirstService Residential,MANHATTAN,301 EAST   75 STREET,10038,Alteration,2026-04-01T04:00:00.000Z,,,M01378871-I1,
097662,FirstService Residential,FirstService Residential,FirstService Residential,MANHATTAN,200 EAST   90 STREET,11106,Alteration,2026-03-31T04:00:00.000Z,,,M01265940-S1,
100890,FirstService Residential,FirstService Residential,FirstService Residential,MANHATTAN,14 EAST    4 STREET,08816,Alteration,2026-04-02T04:00:00.000Z,,,M01354795-I1,
102166,FirstService Residential,FirstService Residential,FirstService Residential,MANHATTAN,310 WEST   86 STREET,10012,Alteration,2026-03-26T04:00:00.000Z,,,M01329894-S1,
104671,FirstService Residential,FirstService Residential,FirstService Residential,MANHATTAN,111 WEST   67 STREET,11568,Alteration,2026-03-25T04:00:00.000Z,,,M01359296-I1,
105115,FirstService Residential,FirstService Residential,FirstService Residential,QUEENS,196-42 69 AVENUE,07011,Alteration,2026-03-26T04:00:00.000Z,,,Q01369161-I1,
108976,FirstService Residential,FirstService Residential,FirstService Residential,MANHATTAN,121 NASSAU STREET,11423,Alteration,2026-04-06T04:00:00.000Z,,,M01375046-I1,
034484,FIRSTSERVICE RESIDENTIAL,FIRSTSERVICE RESIDENTIAL,FIRSTSERVICE RESIDENTIAL,MANHATTAN,768 5 AVENUE,10803,Alteration,2026-04-02T04:00:00.000Z,,,M00858480-P4,
081054,FIRSTSERVICE RESIDENTIAL,FIRSTSERVICE RESIDENTIAL,FIRSTSERVICE RESIDENTIAL,MANHATTAN,165 WEST   66 STREET,10018,Alteration,2026-04-03T04:00:00.000Z,,,M00674188-P4,
094174,FIRSTSERVICE RESIDENTIAL,FIRSTSERVICE RESIDENTIAL,FIRSTSERVICE RESIDENTIAL,MANHATTAN,414 EAST   65 STREET,11230,Alteration,2026-03-23T04:00:00.000Z,,,M01081041-P3,
096363,FIRSTSERVICE RESIDENTIAL,FIRSTSERVICE RESIDENTIAL,FIRSTSERVICE RESIDENTIAL,MANHATTAN,555 PARK AVENUE,10038,Alteration,2026-03-26T04:00:00.000Z,,,M01236337-P1,
075303,FISHER-PARK LANE OWNER,FISHER-PARK LANE OWNER,FISHER-PARK LANE OWNER,MANHATTAN,299 PARK AVENUE,10010,Alteration,2026-04-06T04:00:00.000Z,,,M01290355-P1,
090287,FIVE POINTS 262 PROJECT LLC,FIVE POINTS 262 PROJECT LLC,FIVE POINTS 262 PROJECT LLC,MANHATTAN,262 5 AVENUE,11101,Alteration,2026-03-23T04:00:00.000Z,,,M00961939-P5,
108976,FIVE POINTS 262 PROJECT LLC,FIVE POINTS 262 PROJECT LLC,FIVE POINTS 262 PROJECT LLC,MANHATTAN,262 5 AVENUE,11423,Alteration,2026-04-02T04:00:00.000Z,,,M01030524-A4,
070976,FIVE STAR AUTO REPAIR SERVICES INC,FIVE STAR AUTO REPAIR SERVICES INC,FIVE STAR AUTO REPAIR SERVICES INC,QUEENS,39-35 22 STREET,11725,Alteration CO,2026-03-19T04:00:00.000Z,,,Q00835144-P6,
100741,FIVEGUYS,FIVEGUYS,FIVEGUYS,MANHATTAN,275 CANAL STREET,11779,Alteration,2026-03-30T04:00:00.000Z,,,M01034970-P6,
043162,"FLORIDA MAN DEVELOPMENT, LLC","FLORIDA MAN DEVELOPMENT, LLC","FLORIDA MAN DEVELOPMENT, LLC",MANHATTAN,313 EAST    6 STREET,10009,Alteration CO,2026-04-14T04:00:00.000Z,,,M00940069-A8,
062895,FLOW & BERRY ENTERPRISE LLC,FLOW & BERRY ENTERPRISE LLC,FLOW & BERRY ENTERPRISE LLC,BROOKLYN,481 ROGERS AVENUE,11225,Alteration,2026-03-22T04:00:00.000Z,,,B01373857-I1,
035852,FLUSHINGPER LLC,FLUSHINGPER LLC,FLUSHINGPER LLC,BROOKLYN,1 SAINT NICHOLAS AVENUE,11106,Alteration,2026-04-13T04:00:00.000Z,,,B01088385-P1,
107579,Forest Eden LLC,Forest Eden LLC,Forest Eden LLC,MANHATTAN,47 BROADWAY,11373,Alteration,2026-03-25T04:00:00.000Z,,,M01377145-I1,
018270,FOREST HILL PROPERTY GROUP,FOREST HILL PROPERTY GROUP,FOREST HILL PROPERTY GROUP,BROOKLYN,59 2 STREET,11231,Alteration CO,2026-04-02T04:00:00.000Z,GARY GIDMAN,,B01188389-P2,
098713,FORTINIMAKRISLLC,FORTINIMAKRISLLC,FORTINIMAKRISLLC,QUEENS,31-06 42 STREET,07054,Alteration,2026-03-26T04:00:00.000Z,,,Q01265816-S1,
072792,FORTUNE 23 REALTY LLC,FORTUNE 23 REALTY LLC,FORTUNE 23 REALTY LLC,QUEENS,134-19 NORTHERN BOULEVARD,11358,Alteration,2026-03-20T04:00:00.000Z,,,Q01145824-P1,
039306,FORTY SEVENTH FIFTH COMPANY LLC,FORTY SEVENTH FIFTH COMPANY LLC,FORTY SEVENTH FIFTH COMPANY LLC,MANHATTAN,580 5 AVENUE,10001,Alteration,2026-03-30T04:00:00.000Z,,,M01371490-I1,
092527,FOUNDATIONS,FOUNDATIONS,FOUNDATIONS,MANHATTAN,468 11 AVENUE,11374,Alteration,2026-04-01T04:00:00.000Z,,,M01381032-I1,
017560,FOUR BRIDGES CONSTRUCTION & RENOVAT,FOUR BRIDGES CONSTRUCTION & RENOVAT,FOUR BRIDGES CONSTRUCTION & RENOVAT,STATEN ISLAND,133 MAIN STREET,10314,Alteration,2026-03-27T04:00:00.000Z,,,S01372756-I1,
068464,Foxy Management,Foxy Management,Foxy Management,QUEENS,1020 BEACH   19 STREET,10010,New Building,2026-04-02T04:00:00.000Z,,,Q01014357-Z1,
072184,Foxy Management,Foxy Management,Foxy Management,QUEENS,70-35 113 STREET,11757,Alteration,2026-03-27T04:00:00.000Z,,,Q01022249-P3,
086757,Foxy Management,Foxy Management,Foxy Management,QUEENS,70-35 113 STREET,11237,Alteration,2026-03-30T04:00:00.000Z,,,Q01186145-S5,
035645,FRANCESCA PALMERI IRREVOCABLE  LIVI,FRANCESCA PALMERI IRREVOCABLE  LIVI,FRANCESCA PALMERI IRREVOCABLE  LIVI,BROOKLYN,170 AVENUE O,10017,Alteration,2026-03-28T04:00:00.000Z,,,B01110985-P1,
104072,"FREEBORN STREET CO., LLC","FREEBORN STREET CO., LLC","FREEBORN STREET CO., LLC",STATEN ISLAND,260 BRIGHTON AVENUE,10309,Alteration,2026-04-07T04:00:00.000Z,,,S01062390-P3,
043901,FRS CONSTRUCTION LLC,FRS CONSTRUCTION LLC,FRS CONSTRUCTION LLC,QUEENS,63-68 AUSTIN STREET,11702,Alteration,2026-03-27T04:00:00.000Z,,,Q01278238-P1,
076707,FSI,FSI,FSI,MANHATTAN,862 2 AVENUE,19006,Alteration,2026-03-26T04:00:00.000Z,,,M01338957-I1,
041989,Fultonex Management,Fultonex Management,Fultonex Management,QUEENS,133-27 39 AVENUE,11354,Alteration,2026-04-14T04:00:00.000Z,,,Q01382292-I1,
094655,Fultonex Management,Fultonex Management,Fultonex Management,QUEENS,136-17 39 AVENUE,10601,Alteration,2026-03-23T04:00:00.000Z,,,Q01375010-I1,
097665,Fultonex Management,Fultonex Management,Fultonex Management,QUEENS,133-27 39 AVENUE,10469,Alteration,2026-04-14T04:00:00.000Z,,,Q01382292-S2,
091310,Furnival LLC,Furnival LLC,Furnival LLC,MANHATTAN,125 WEST   15 STREET,10001,Alteration CO,2026-04-01T04:00:00.000Z,,,M01363913-S4,
096997,Furnival LLC,Furnival LLC,Furnival LLC,MANHATTAN,125 WEST   15 STREET,10017,Alteration CO,2026-04-07T04:00:00.000Z,,,M01363913-S3,
082390,FY & SONS TIC LLC.,FY & SONS TIC LLC.,FY & SONS TIC LLC.,MANHATTAN,28 WEST   37 STREET,10002,New Building,2026-03-27T04:00:00.000Z,,,M01372322-S1,
090372,FY & SONS TIC LLC.,FY & SONS TIC LLC.,FY & SONS TIC LLC.,MANHATTAN,363 7 AVENUE,10038,Alteration,2026-03-27T04:00:00.000Z,,,M01379309-I1,
045210,"FYI RENOVATIONS, LLC","FYI RENOVATIONS, LLC","FYI RENOVATIONS, LLC",BRONX,3038 HARDING AVENUE,11435,Alteration CO,2026-03-27T04:00:00.000Z,,,X01378011-I1,
067590,"GABRIELLI TRUCK SALES, LTD.","GABRIELLI TRUCK SALES, LTD.","GABRIELLI TRUCK SALES, LTD.",BRONX,2360 HOLLERS AVENUE,11520,New Building,2026-04-01T04:00:00.000Z,,,X01043171-S6,
081861,"GABRIELLI TRUCK SALES, LTD.","GABRIELLI TRUCK SALES, LTD.","GABRIELLI TRUCK SALES, LTD.",BRONX,3333 CONNER STREET,06810,Alteration,2026-03-24T04:00:00.000Z,,,X01100735-A2,
108001,"GABRIELLI TRUCK SALES, LTD.","GABRIELLI TRUCK SALES, LTD.","GABRIELLI TRUCK SALES, LTD.",BRONX,2360 HOLLERS AVENUE,01772,New Building,2026-03-19T04:00:00.000Z,,,X01043171-S5,
035834,GABY TCHILINGUIRIAN R.A.,GABY TCHILINGUIRIAN R.A.,GABY TCHILINGUIRIAN R.A.,QUEENS,160-03 102 STREET,11362,Alteration CO,2026-04-09T04:00:00.000Z,,,Q00553489-P4,
110695,GARAGE MANAGEMENT COMPANY,GARAGE MANAGEMENT COMPANY,GARAGE MANAGEMENT COMPANY,MANHATTAN,310 LENOX AVENUE,10018,Alteration,2026-04-01T04:00:00.000Z,,,M01379063-I1,
107579,"GARN NY093, INC.","GARN NY093, INC.","GARN NY093, INC.",BROOKLYN,932 FLATBUSH AVENUE,11373,Alteration,2026-03-27T04:00:00.000Z,,,B01377684-I1,
043373,Garthchester Realty Associates,Garthchester Realty Associates,Garthchester Realty Associates,BRONX,2727 PALISADE AVENUE,11377,Alteration,2026-03-27T04:00:00.000Z,,,X01360083-I1,
092097,Garthchester Realty Associates,Garthchester Realty Associates,Garthchester Realty Associates,BRONX,2287 JOHNSON AVENUE,11220,Alteration,2026-04-02T04:00:00.000Z,,,X01362128-I1,
090955,GAZIVODA REALTY LLC,GAZIVODA REALTY LLC,GAZIVODA REALTY LLC,BRONX,4026 CARPENTER AVENUE,10701,Alteration,2026-03-20T04:00:00.000Z,,,X01334901-I1,
082390,GBD Group Inc,GBD Group Inc,GBD Group Inc,BROOKLYN,2141 NOSTRAND AVENUE,10002,Alteration,2026-03-19T04:00:00.000Z,,,B01263837-P3,
107579,GCAM LLC,GCAM LLC,GCAM LLC,MANHATTAN,1029 6 AVENUE,11373,Alteration,2026-03-20T04:00:00.000Z,,,M01359727-P1,
058375,GDSNY c/o Parkview Financial,GDSNY c/o Parkview Financial,GDSNY c/o Parkview Financial,MANHATTAN,142 WEST   57 STREET,10018,Alteration,2026-03-25T04:00:00.000Z,,,M01349035-S3,
072169,GDSNY c/o Parkview Financial,GDSNY c/o Parkview Financial,GDSNY c/o Parkview Financial,MANHATTAN,3 ST MARKS PLACE,08830,Alteration,2026-04-08T04:00:00.000Z,,,M01377756-I1,
016537,GEEL WEBSTER AVE HOU DEV FUND CO,GEEL WEBSTER AVE HOU DEV FUND CO,GEEL WEBSTER AVE HOU DEV FUND CO,BRONX,3095 WEBSTER AVENUE,10003,Alteration,2026-03-24T04:00:00.000Z,,,X00356567-P1,
018684,GENERAL COFFEE GROUP LLC,GENERAL COFFEE GROUP LLC,GENERAL COFFEE GROUP LLC,MANHATTAN,142 WEST   23 STREET,10468,Alteration,2026-04-09T04:00:00.000Z,CORNEL SILVERA,,M01371585-I1,
041513,GENERAL LEASING & MANAGEMENT CORP.,GENERAL LEASING & MANAGEMENT CORP.,GENERAL LEASING & MANAGEMENT CORP.,MANHATTAN,313 5 AVENUE,11228,Alteration,2026-04-02T04:00:00.000Z,,,M01379921-I1,
042900,GENERAL LEASING & MANAGEMENT CORP.,GENERAL LEASING & MANAGEMENT CORP.,GENERAL LEASING & MANAGEMENT CORP.,MANHATTAN,520 WEST   20 STREET,11385,Alteration,2026-04-10T04:00:00.000Z,,,M01377401-I1,
110381,"GENOVESE FAMILY ENTERPRISES, LLC","GENOVESE FAMILY ENTERPRISES, LLC","GENOVESE FAMILY ENTERPRISES, LLC",QUEENS,30-97 STEINWAY STREET,08057,Alteration,2026-03-25T04:00:00.000Z,,,Q01361736-S1,
099603,"GEORGE COMFORT & SONS, INC.","GEORGE COMFORT & SONS, INC.","GEORGE COMFORT & SONS, INC.",MANHATTAN,28 EAST   28 STREET,11232,Alteration,2026-04-09T04:00:00.000Z,,,M01340240-S4,
066503,GEORGE LAU,GEORGE LAU,GEORGE LAU,BROOKLYN,350 15 STREET,06114,Alteration CO,2026-03-27T04:00:00.000Z,,,B00564275-P2,
069861,GeorgeanfoodlineLLC,GeorgeanfoodlineLLC,GeorgeanfoodlineLLC,BROOKLYN,286 AVENUE U,11206,Alteration,2026-04-04T04:00:00.000Z,,,B01292736-S1,
018181,GFP REAL ESTATE LLC,GFP REAL ESTATE LLC,GFP REAL ESTATE LLC,MANHATTAN,5 UNION SQUARE WEST,10003,Alteration,2026-03-30T04:00:00.000Z,ROGER GRANT,,M01378666-I1,
040423,GFP REAL ESTATE LLC,GFP REAL ESTATE LLC,GFP REAL ESTATE LLC,MANHATTAN,675 6 AVENUE,10016,Alteration,2026-04-06T04:00:00.000Z,,,M01375595-I1,
046839,GFP REAL ESTATE LLC,GFP REAL ESTATE LLC,GFP REAL ESTATE LLC,MANHATTAN,322 8 AVENUE,10018,Alteration,2026-04-06T04:00:00.000Z,,,M01381358-I1,
071719,GFP REAL ESTATE LLC,GFP REAL ESTATE LLC,GFP REAL ESTATE LLC,MANHATTAN,505 8 AVENUE,11377,Alteration,2026-04-08T04:00:00.000Z,,,M01352994-I1,
074869,GFP REAL ESTATE LLC,GFP REAL ESTATE LLC,GFP REAL ESTATE LLC,MANHATTAN,209 WEST   38 STREET,11432,Alteration,2026-04-10T04:00:00.000Z,,,M01378189-S2,
076313,GFP REAL ESTATE LLC,GFP REAL ESTATE LLC,GFP REAL ESTATE LLC,MANHATTAN,5 UNION SQUARE WEST,07076,Alteration,2026-04-08T04:00:00.000Z,,,M01375057-I1,
086614,GFP REAL ESTATE LLC,GFP REAL ESTATE LLC,GFP REAL ESTATE LLC,MANHATTAN,322 8 AVENUE,10036,Alteration,2026-03-27T04:00:00.000Z,,,M01370289-I1,
094586,GFP REAL ESTATE LLC,GFP REAL ESTATE LLC,GFP REAL ESTATE LLC,MANHATTAN,5 UNION SQUARE WEST,10036,Alteration,2026-04-09T04:00:00.000Z,,,M01378779-S1,
095119,GFP REAL ESTATE LLC,GFP REAL ESTATE LLC,GFP REAL ESTATE LLC,MANHATTAN,200 VARICK STREET,07904,Alteration CO,2026-04-09T04:00:00.000Z,,,M01295904-P1,
101118,GFP REAL ESTATE LLC,GFP REAL ESTATE LLC,GFP REAL ESTATE LLC,MANHATTAN,520 8 AVENUE,10001,Alteration,2026-03-20T04:00:00.000Z,,,M01042630-P1,
101192,GFP REAL ESTATE LLC,GFP REAL ESTATE LLC,GFP REAL ESTATE LLC,MANHATTAN,520 8 AVENUE,10036,Alteration,2026-04-13T04:00:00.000Z,,,M01291758-P2,
105810,GFP REAL ESTATE LLC,GFP REAL ESTATE LLC,GFP REAL ESTATE LLC,MANHATTAN,261 WEST   36 STREET,11355,Alteration,2026-04-09T04:00:00.000Z,,,M01363892-P1,
111774,GH123 Greenwich LLC,GH123 Greenwich LLC,GH123 Greenwich LLC,MANHATTAN,123 GREENWICH STREET,07070,Alteration,2026-04-03T04:00:00.000Z,,,M01357238-P1,
068299,GILBANE DEVELOPMENT CO.,GILBANE DEVELOPMENT CO.,GILBANE DEVELOPMENT CO.,BRONX,310 EAST  161 STREET,10005,New Building,2026-04-08T04:00:00.000Z,,,X00945951-S2,
092960,GILBANE DEVELOPMENT CO.,GILBANE DEVELOPMENT CO.,GILBANE DEVELOPMENT CO.,BRONX,280 EAST  161 STREET,08831,Alteration,2026-04-07T04:00:00.000Z,,,X01341692-S1,
083057,GIRON CONTRACTING INC,GIRON CONTRACTING INC,GIRON CONTRACTING INC,BROOKLYN,423 DEAN STREET,11235,New Building,2026-04-09T04:00:00.000Z,ANDREW WOLKE  II,,B01110047-P4,
017030,GK WEST 47TH LLC,GK WEST 47TH LLC,GK WEST 47TH LLC,MANHATTAN,224 WEST   47 STREET,10003,Alteration,2026-04-09T04:00:00.000Z,,,M00350105-P2,
105810,GL SOLUTIONS NY INC,GL SOLUTIONS NY INC,GL SOLUTIONS NY INC,MANHATTAN,202 CENTRE STREET,11355,Alteration,2026-03-31T04:00:00.000Z,,,M01342764-P2,
097857,Glenmore 485 LLC,Glenmore 485 LLC,Glenmore 485 LLC,BROOKLYN,221 BRADFORD STREET,11374,New Building,2026-04-10T04:00:00.000Z,,,B01225438-S9,
089307,Global Holdings Management Inc.,Global Holdings Management Inc.,Global Holdings Management Inc.,MANHATTAN,120 PARK AVENUE,02451,Alteration,2026-03-31T04:00:00.000Z,,,M01332486-S4,
043509,Glowstone Group,Glowstone Group,Glowstone Group,QUEENS,172-02 HILLSIDE AVENUE,11377,Alteration,2026-04-11T04:00:00.000Z,,,Q01384010-I1,
103302,Glowstone Group,Glowstone Group,Glowstone Group,BROOKLYN,2102 UNION STREET,83669,Alteration,2026-04-13T04:00:00.000Z,,,B01347632-P2,
069849,GOLANI DEVELOPMENT GROUP,GOLANI DEVELOPMENT GROUP,GOLANI DEVELOPMENT GROUP,QUEENS,27-42 GAR GILLMORE STREET,11576,New Building,2026-04-14T04:00:00.000Z,,,Q01375971-I1,
090312,Golden Steer,Golden Steer,Golden Steer,MANHATTAN,1 FIFTH AVENUE,10001,Alteration,2026-04-14T04:00:00.000Z,,,M01259594-P3,
096200,GOLDINGTON88 LLC,GOLDINGTON88 LLC,GOLDINGTON88 LLC,QUEENS,84-59 GOLDINGTON COURT,11357,Alteration,2026-04-13T04:00:00.000Z,,,Q01293726-P3,
063593,Goldmere Property LLC,Goldmere Property LLC,Goldmere Property LLC,QUEENS,55 EXETER STREET,11220,Alteration CO,2026-04-06T04:00:00.000Z,,,Q01382709-I1,
035914,GOOD WIN REALTY,GOOD WIN REALTY,GOOD WIN REALTY,BROOKLYN,4317 8 AVENUE,07010,Alteration,2026-03-24T04:00:00.000Z,,,B01371306-I1,
107961,GOOD WIN REALTY,GOOD WIN REALTY,GOOD WIN REALTY,BROOKLYN,825 57 STREET,11355,Alteration,2026-03-23T04:00:00.000Z,,,B01376879-I1,
103643,GOODMAN,GOODMAN,GOODMAN,QUEENS,40-40 NORTHERN BOULEVARD,10122,Full Demolition,2026-04-09T04:00:00.000Z,,,Q00892820-P1,
080471,Google,Google,Google,MANHATTAN,550 WASHINGTON STREET,10001,Alteration,2026-04-10T04:00:00.000Z,,,M01351684-S1,
032037,GOOGLE,GOOGLE,GOOGLE,MANHATTAN,111 8 AVENUE,10019,Alteration,2026-03-26T04:00:00.000Z,,,M01370091-I1,
038927,GOOGLE,GOOGLE,GOOGLE,MANHATTAN,111 8 AVENUE,10279,Alteration,2026-03-28T04:00:00.000Z,,,M01374852-I1,
040065,GOOGLE,GOOGLE,GOOGLE,MANHATTAN,111 8 AVENUE,11225,Alteration,2026-03-24T04:00:00.000Z,,,M01369965-I1,
071143,GOOGLE,GOOGLE,GOOGLE,MANHATTAN,111 8 AVENUE,10036,Alteration,2026-03-28T04:00:00.000Z,,,M01374852-S1,
085042,GOOGLE,GOOGLE,GOOGLE,MANHATTAN,111 8 AVENUE,10119,Alteration,2026-03-27T04:00:00.000Z,,,M01370091-S1,
033904,GOTHAM,GOTHAM,GOTHAM,BROOKLYN,145 STUYVESANT AVENUE,10965,Alteration CO,2026-04-08T04:00:00.000Z,,,B01033993-P5,
097665,GOTHAM CITY CONTRACTORS LLC,GOTHAM CITY CONTRACTORS LLC,GOTHAM CITY CONTRACTORS LLC,BROOKLYN,2204 FULTON STREET,10469,Alteration CO,2026-03-19T04:00:00.000Z,,,B01305630-S1,
035867,"GOTHAM REAL ESTATE MANAGERS, LLC","GOTHAM REAL ESTATE MANAGERS, LLC","GOTHAM REAL ESTATE MANAGERS, LLC",MANHATTAN,55 SUFFOLK STREET,11217,Alteration,2026-04-09T04:00:00.000Z,,,M01382218-I1,
074866,Gourmet Revolution INC,Gourmet Revolution INC,Gourmet Revolution INC,BRONX,271 EAST  166 STREET,08816,Alteration,2026-04-13T04:00:00.000Z,,,X08010930-P3,
078396,GOWANUS87 LLC,GOWANUS87 LLC,GOWANUS87 LLC,BROOKLYN,87 LUQUER STREET,07646,Alteration,2026-04-01T04:00:00.000Z,,,B01379235-I1,
029545,GPF CONTRACTOR LLC,GPF CONTRACTOR LLC,GPF CONTRACTOR LLC,QUEENS,78-13 58 AVENUE,07024,Alteration,2026-03-31T04:00:00.000Z,TAOFEEQ AJIBADE,,Q01034769-P1,
023320,GPG Management,GPG Management,GPG Management,BROOKLYN,75 PIERREPONT STREET,10010,Alteration,2026-04-09T04:00:00.000Z,,,B01355403-P1,
089728,GPG Management,GPG Management,GPG Management,MANHATTAN,300 1/2 EAST   65 STREET,08816,Alteration,2026-04-10T04:00:00.000Z,,,M01371190-I1,
045075,GPY Five Realthy LLC,GPY Five Realthy LLC,GPY Five Realthy LLC,QUEENS,136-31 41 AVENUE,11218,Alteration,2026-04-08T04:00:00.000Z,,,Q01328750-I1,
105092,Grace Church In New York,Grace Church In New York,Grace Church In New York,MANHATTAN,804 BROADWAY,19103,Alteration,2026-04-06T04:00:00.000Z,,,M01370717-S1,
073272,GRAHAM WINDHAM,GRAHAM WINDHAM,GRAHAM WINDHAM,MANHATTAN,274 WEST  145 STREET,10018,Alteration,2026-04-07T04:00:00.000Z,,,M01103193-P2,
034003,GRAIN COLLECTIVE,GRAIN COLLECTIVE,GRAIN COLLECTIVE,BROOKLYN,167 SEELEY STREET,10001,Alteration,2026-03-19T04:00:00.000Z,FRANK LOZUPONE,,B01192360-P2,
102420,Grand Avenue Daceca LLC,Grand Avenue Daceca LLC,Grand Avenue Daceca LLC,QUEENS,71-20 GRAND AVENUE,11354,Alteration CO,2026-04-01T04:00:00.000Z,,,Q01292741-I1,
079188,Grand Elizabeth,Grand Elizabeth,Grand Elizabeth,MANHATTAN,41 ELIZABETH STREET,08857,Alteration CO,2026-03-25T04:00:00.000Z,,,M01372017-S1,
088704,GRANITE RIDGE LLC,GRANITE RIDGE LLC,GRANITE RIDGE LLC,MANHATTAN,49 WEST   90 STREET,11235,Alteration,2026-04-02T04:00:00.000Z,,,M00807078-P4,
094457,GREATER NEW YORK CORPORATION OF SEV,GREATER NEW YORK CORPORATION OF SEV,GREATER NEW YORK CORPORATION OF SEV,BROOKLYN,1234 EAST NEW YORK AVENUE,10457,Alteration,2026-03-31T04:00:00.000Z,,,B01365806-I1,
085187,GREEN STREET GROUP USA LLC,GREEN STREET GROUP USA LLC,GREEN STREET GROUP USA LLC,BROOKLYN,554 METROPOLITAN AVENUE,10001,New Building,2026-04-13T04:00:00.000Z,,,B01339874-S6,
032328,GREENBROOK PARTNERS,GREENBROOK PARTNERS,GREENBROOK PARTNERS,BROOKLYN,291 7 AVENUE,11361,Alteration,2026-03-24T04:00:00.000Z,,,B01260011-P4,
043629,GREENBROOK PARTNERS,GREENBROOK PARTNERS,GREENBROOK PARTNERS,BROOKLYN,338 WILSON AVENUE,10001,Alteration,2026-04-02T04:00:00.000Z,,,B01325217-P3,
044120,GREENBROOK PARTNERS,GREENBROOK PARTNERS,GREENBROOK PARTNERS,BROOKLYN,159 WEST    9 STREET,10001,Alteration CO,2026-03-25T04:00:00.000Z,,,B00965065-P4,
080394,GREENBROOK PARTNERS,GREENBROOK PARTNERS,GREENBROOK PARTNERS,BROOKLYN,390 COURT STREET,02210,Alteration,2026-04-09T04:00:00.000Z,,,B01345444-P2,
094686,GREENE ORGANIC DELI CORP,GREENE ORGANIC DELI CORP,GREENE ORGANIC DELI CORP,BROOKLYN,2689 PITKIN AVENUE,11363,Alteration,2026-03-25T04:00:00.000Z,,,B00889019-P2,
097665,GREENLAND EQUITIES LLC,GREENLAND EQUITIES LLC,GREENLAND EQUITIES LLC,BROOKLYN,436 GRAND AVENUE,10469,Alteration CO,2026-03-30T04:00:00.000Z,,,B01248764-P4,
025940,GREENROCK REALTY HOLDINGS LLC,GREENROCK REALTY HOLDINGS LLC,GREENROCK REALTY HOLDINGS LLC,BROOKLYN,602 PACIFIC STREET,11520,Alteration CO,2026-04-09T04:00:00.000Z,JAROD EDWARDS,,B00477920-A9,
063851,GREENWICH ASSOCIATES,GREENWICH ASSOCIATES,GREENWICH ASSOCIATES,MANHATTAN,790 GREENWICH STREET,10001,Alteration,2026-03-26T04:00:00.000Z,,,M01290600-P1,
099501,Grun Group LLC,Grun Group LLC,Grun Group LLC,BRONX,1718 CROTONA PARK EAST,11793,New Building,2026-03-27T04:00:00.000Z,,,X01225221-P8,
102188,Grun Group LLC,Grun Group LLC,Grun Group LLC,BRONX,623 EAST 178 STREET,11216,New Building,2026-04-13T04:00:00.000Z,,,X01273665-P3,
103696,Grun Group LLC,Grun Group LLC,Grun Group LLC,BRONX,2800 WEBSTER AVENUE,10005,Alteration,2026-03-31T04:00:00.000Z,,,X01356561-S1,
087714,GS 505 PARK LLC,GS 505 PARK LLC,GS 505 PARK LLC,MANHATTAN,505 PARK AVENUE,10562,Alteration,2026-04-01T04:00:00.000Z,,,M01317043-P1,
033384,GSD LLC,GSD LLC,GSD LLC,BROOKLYN,22 SCHERMERHORN STREET,11201,Alteration CO,2026-03-25T04:00:00.000Z,,,B01364611-I1,
046087,GUARD GENERAL MERCHANDISE CO. INC.,GUARD GENERAL MERCHANDISE CO. INC.,GUARD GENERAL MERCHANDISE CO. INC.,BROOKLYN,60 FREEMAN STREET,11432,Alteration,2026-03-19T04:00:00.000Z,,,B01256100-P2,
077896,GUARD GENERAL MERCHANDISE CO. INC.,GUARD GENERAL MERCHANDISE CO. INC.,GUARD GENERAL MERCHANDISE CO. INC.,BROOKLYN,113 FRANKLIN STREET,11375,Alteration,2026-03-19T04:00:00.000Z,,,B01249136-P3,
101752,GUARD GENERAL MERCHANDISE CO. INC.,GUARD GENERAL MERCHANDISE CO. INC.,GUARD GENERAL MERCHANDISE CO. INC.,BROOKLYN,113 FRANKLIN STREET,07424,Alteration,2026-03-19T04:00:00.000Z,,,B01249136-P4,
097789,GUARDIAN REALTY MANAGMENT,GUARDIAN REALTY MANAGMENT,GUARDIAN REALTY MANAGMENT,BROOKLYN,15 PARKVILLE AVENUE,11706,Alteration,2026-03-19T04:00:00.000Z,,,B01328425-S2,
038199,GUMLEY HAFT,GUMLEY HAFT,GUMLEY HAFT,MANHATTAN,3 EAST   69 STREET,11211,Alteration,2026-04-08T04:00:00.000Z,,,M01357244-I1,
041819,GUMLEY HAFT,GUMLEY HAFT,GUMLEY HAFT,MANHATTAN,923 FIFTH AVENUE,02118,Alteration,2026-03-25T04:00:00.000Z,,,M00980963-P2,
095911,GUMLEY HAFT,GUMLEY HAFT,GUMLEY HAFT,MANHATTAN,10 EAST   70 STREET,11356,Alteration,2026-03-27T04:00:00.000Z,,,M01358641-I1,
109492,Gumley Haft LLC,Gumley Haft LLC,Gumley Haft LLC,MANHATTAN,205 EAST   63 STREET,10018,Alteration,2026-03-31T04:00:00.000Z,,,M01341133-I1,
076940,"GUMLEY HAFT, LLC","GUMLEY HAFT, LLC","GUMLEY HAFT, LLC",MANHATTAN,2211 BROADWAY,10001,Alteration,2026-04-10T04:00:00.000Z,,,M01234182-P1,
103696,GW INFINITY LLC,GW INFINITY LLC,GW INFINITY LLC,BROOKLYN,225 SEIGEL STREET,10005,Alteration,2026-04-14T04:00:00.000Z,,,B01377647-I1,
083432,GW Russell LLC,GW Russell LLC,GW Russell LLC,BROOKLYN,558 ST JOHNS PLACE,11375,New Building,2026-03-24T04:00:00.000Z,,,B01190376-P3,
091045,GW Russell LLC,GW Russell LLC,GW Russell LLC,BROOKLYN,512 GRAND STREET,11101,ALT-CO - New Building with Existing Elements to Remain,2026-03-26T04:00:00.000Z,,,B01325512-S4,
099501,GW Russell LLC,GW Russell LLC,GW Russell LLC,BROOKLYN,3014 FARRAGUT ROAD,11793,New Building,2026-03-30T04:00:00.000Z,,,B01176410-P8,
101262,Habayit Home Away From Home,Habayit Home Away From Home,Habayit Home Away From Home,BROOKLYN,1490 OCEAN PARKWAY,11228,ALT-CO - New Building with Existing Elements to Remain,2026-03-25T04:00:00.000Z,,,B01377300-I1,
104143,HABITAT ON DEGRAW LLC,HABITAT ON DEGRAW LLC,HABITAT ON DEGRAW LLC,BROOKLYN,34 GARFIELD PLACE,07039,ALT-CO - New Building with Existing Elements to Remain,2026-03-31T04:00:00.000Z,,,B01001057-P6,
047040,HADDAD APPAREL GROUP,HADDAD APPAREL GROUP,HADDAD APPAREL GROUP,MANHATTAN,2 PARK AVENUE,84121,Alteration,2026-04-14T04:00:00.000Z,,,M01359692-I1,
091112,HADDAD APPAREL GROUP,HADDAD APPAREL GROUP,HADDAD APPAREL GROUP,MANHATTAN,2 PARK AVENUE,10018,Alteration,2026-03-31T04:00:00.000Z,,,M01248679-P3,
092361,Halal Champs,Halal Champs,Halal Champs,QUEENS,87-81 SUTPHIN BOULEVARD,11801,Alteration,2026-03-30T04:00:00.000Z,,,Q01258083-S5,
085541,HALCYON MANAGEMENT GROUP,HALCYON MANAGEMENT GROUP,HALCYON MANAGEMENT GROUP,BROOKLYN,29 WEST STREET,10962,Alteration,2026-04-13T04:00:00.000Z,,,B01371270-S1,
019443,HALSTEAD MANAGEMENT,HALSTEAD MANAGEMENT,HALSTEAD MANAGEMENT,MANHATTAN,345 EAST   52 STREET,10001,Alteration,2026-03-26T04:00:00.000Z,GERARDO VILLEGAS,,M01373531-I1,
042650,HALSTEAD MANAGEMENT,HALSTEAD MANAGEMENT,HALSTEAD MANAGEMENT,MANHATTAN,11 WEST   69 STREET,11222,Alteration,2026-03-24T04:00:00.000Z,,,M01347913-I1,
102541,HALSTEAD MANAGEMENT,HALSTEAD MANAGEMENT,HALSTEAD MANAGEMENT,MANHATTAN,308 WEST  103 STREET,10018,Alteration,2026-04-06T04:00:00.000Z,,,M01330675-I1,
108976,HALSTEAD MANAGEMENT COMPANY LLC,HALSTEAD MANAGEMENT COMPANY LLC,HALSTEAD MANAGEMENT COMPANY LLC,MANHATTAN,475 PARK AVENUE,11423,Alteration,2026-03-25T04:00:00.000Z,,,M01289379-P1,
086757,HAMPSHIRE HOUSE,HAMPSHIRE HOUSE,HAMPSHIRE HOUSE,MANHATTAN,150 CENTRAL PARK SOUTH,11237,Alteration,2026-03-20T04:00:00.000Z,,,M00219806-A3,
101280,HAMPSHIRE HOUSE,HAMPSHIRE HOUSE,HAMPSHIRE HOUSE,MANHATTAN,150 CENTRAL PARK SOUTH,11101,Alteration,2026-03-20T04:00:00.000Z,,,M01163655-P1,
043690,"HAMPTON MANAGEMENT, LLC","HAMPTON MANAGEMENT, LLC","HAMPTON MANAGEMENT, LLC",MANHATTAN,401 3 AVENUE,00730,Alteration,2026-04-07T04:00:00.000Z,,,M01340733-P2,
079934,"HANCOCK ASSOCIATES, LLC","HANCOCK ASSOCIATES, LLC","HANCOCK ASSOCIATES, LLC",BROOKLYN,90 GRAHAM AVENUE,11743,Alteration,2026-04-06T04:00:00.000Z,,,B01258243-P1,
032034,Hand Hospitality,Hand Hospitality,Hand Hospitality,MANHATTAN,117 EAST   15 STREET,10011,New Building,2026-03-27T04:00:00.000Z,,,M01352171-I1,
097789,Hand Hospitality,Hand Hospitality,Hand Hospitality,MANHATTAN,117 EAST   15 STREET,11706,New Building,2026-03-27T04:00:00.000Z,,,M01352171-S4,
109243,HAND Hospitality LLC,HAND Hospitality LLC,HAND Hospitality LLC,MANHATTAN,17 EAST   31 STREET,92618,Alteration,2026-03-26T04:00:00.000Z,,,M01372686-I1,
018525,HANG SENG TOWER,HANG SENG TOWER,HANG SENG TOWER,BROOKLYN,5805 7 AVENUE,11219,Alteration CO,2026-04-06T04:00:00.000Z,JOHN WALSH,,B01294005-P1,
034359,HAPPIER,HAPPIER,HAPPIER,BROOKLYN,357 DEGRAW STREET,11222,Alteration,2026-03-20T04:00:00.000Z,,,B01366942-I1,
083941,HAPPIER,HAPPIER,HAPPIER,BROOKLYN,357 DEGRAW STREET,11040,Alteration,2026-04-14T04:00:00.000Z,,,B01384744-I1,
063833,HARBOR GROUP MANAGEMENT,HARBOR GROUP MANAGEMENT,HARBOR GROUP MANAGEMENT,MANHATTAN,55 BROADWAY,07005,Alteration,2026-04-02T04:00:00.000Z,,,M01303685-I1,
076882,HARBOR GROUP MANAGEMENT,HARBOR GROUP MANAGEMENT,HARBOR GROUP MANAGEMENT,MANHATTAN,55 BROADWAY,10004,Alteration,2026-03-30T04:00:00.000Z,,,M01363700-S1,
076082,HARBOR GROUP MANAGEMENT COMPANY,HARBOR GROUP MANAGEMENT COMPANY,HARBOR GROUP MANAGEMENT COMPANY,MANHATTAN,51 WEST   52 STREET,10019,Alteration,2026-04-02T04:00:00.000Z,,,M01317159-P1,
087878,HARDOT LLC,HARDOT LLC,HARDOT LLC,MANHATTAN,76 WALKER STREET,10002,Alteration,2026-03-30T04:00:00.000Z,,,M01359328-I1,
086805,HARRISTEVE REALTY CORP,HARRISTEVE REALTY CORP,HARRISTEVE REALTY CORP,BROOKLYN,147 MONTAGUE STREET,10004,Alteration,2026-03-25T04:00:00.000Z,,,B01342357-S2,
099501,Hart group Usa LLC,Hart group Usa LLC,Hart group Usa LLC,BRONX,2167 ARTHUR AVENUE,11793,Alteration,2026-03-30T04:00:00.000Z,,,X01359142-S2,
079406,HARTMANN DOHERTY,HARTMANN DOHERTY,HARTMANN DOHERTY,MANHATTAN,48 CLINTON STREET,08742,Alteration,2026-03-25T04:00:00.000Z,,,M00386323-P2,
064424,"HARTZ MOUNTAIN INDUSTRIES, INC.","HARTZ MOUNTAIN INDUSTRIES, INC.","HARTZ MOUNTAIN INDUSTRIES, INC.",MANHATTAN,667 MADISON AVENUE,07746,Alteration,2026-03-20T04:00:00.000Z,,,M01365845-S1,
042821,"HARVEST REAL ESTATE SERVICES, INC.","HARVEST REAL ESTATE SERVICES, INC.","HARVEST REAL ESTATE SERVICES, INC.",STATEN ISLAND,6390 AMBOY ROAD,07110,Alteration,2026-04-06T04:00:00.000Z,,,S01331985-I1,
052799,HASHEM ECHOD,HASHEM ECHOD,HASHEM ECHOD,BROOKLYN,1326 55 STREET,10001,Alteration,2026-03-26T04:00:00.000Z,,,B01002437-P1,
065106,Hatzlacha LLC,Hatzlacha LLC,Hatzlacha LLC,BROOKLYN,145 SOUTH    9 STREET,11101,Alteration CO,2026-04-14T04:00:00.000Z,,,B01324746-S6,
065574,HAUSSMANN DEVELOPMENT LLC,HAUSSMANN DEVELOPMENT LLC,HAUSSMANN DEVELOPMENT LLC,MANHATTAN,1975 MADISON AVENUE,11361,Alteration,2026-04-08T04:00:00.000Z,,,M01367765-S2,
106126,Hawk Properties 118 LLC,Hawk Properties 118 LLC,Hawk Properties 118 LLC,QUEENS,118-19 235 STREET,07657,New Building,2026-03-20T04:00:00.000Z,,,Q01369543-I1,
012094,Hazan Management LLC,Hazan Management LLC,Hazan Management LLC,BRONX,2886 3 AVENUE,07470,Alteration,2026-04-03T04:00:00.000Z,JEFFERSON NECKLES,,X01329029-P1,
088257,Hazan Management LLC,Hazan Management LLC,Hazan Management LLC,BRONX,2886 3 AVENUE,10001,Alteration,2026-04-06T04:00:00.000Z,,,X01329029-P3,
089814,Hazan Management LLC,Hazan Management LLC,Hazan Management LLC,BRONX,2886 3 AVENUE,76201,Alteration,2026-04-06T04:00:00.000Z,,,X01329029-P2,
104807,HDH 3.1 LLC,HDH 3.1 LLC,HDH 3.1 LLC,BROOKLYN,100 SOUTH    4 STREET,07070,Alteration,2026-04-14T04:00:00.000Z,,,B01139549-P1,
086805,HDRG,HDRG,HDRG,BROOKLYN,959 ERSKINE STREET,10004,Alteration,2026-03-25T04:00:00.000Z,,,B01363699-S3,
110251,HDRG,HDRG,HDRG,BROOKLYN,959 ERSKINE STREET,10309,Alteration,2026-03-20T04:00:00.000Z,,,B01363699-S2,
101149,HEALTHY CHOICE GOURMET VI INC.,HEALTHY CHOICE GOURMET VI INC.,HEALTHY CHOICE GOURMET VI INC.,BROOKLYN,760 BROADWAY,11968,Alteration,2026-04-02T04:00:00.000Z,,,B01377227-I1,
107579,Heavenly market & deli,Heavenly market & deli,Heavenly market & deli,MANHATTAN,254 8 AVENUE,11373,Alteration,2026-03-25T04:00:00.000Z,,,M01364111-I1,
091145,HENRY MANAGEMENT,HENRY MANAGEMENT,HENRY MANAGEMENT,BROOKLYN,180 NOLL STREET,11201,ALT-CO - New Building with Existing Elements to Remain,2026-03-30T04:00:00.000Z,,,B01258892-S2,
099501,HENRY MANAGEMENT,HENRY MANAGEMENT,HENRY MANAGEMENT,BROOKLYN,180 NOLL STREET,11793,ALT-CO - New Building with Existing Elements to Remain,2026-04-14T04:00:00.000Z,,,B01258892-S4,
041087,"HERALD TOWERS, INC.","HERALD TOWERS, INC.","HERALD TOWERS, INC.",MANHATTAN,50 WEST   34 STREET,10013,Alteration,2026-04-13T04:00:00.000Z,,,M01331554-P1,
101129,"HERALD TOWERS, INC.","HERALD TOWERS, INC.","HERALD TOWERS, INC.",MANHATTAN,50 WEST   34 STREET,08844,Alteration,2026-04-13T04:00:00.000Z,,,M01221504-P4,
089081,HERMIS REALTY ASSOC,HERMIS REALTY ASSOC,HERMIS REALTY ASSOC,QUEENS,192-02 NORTHERN BOULEVARD,11357,Alteration,2026-03-24T04:00:00.000Z,,,Q01373344-P1,
078396,HERTLER NADILE PLBG & HTG,HERTLER NADILE PLBG & HTG,HERTLER NADILE PLBG & HTG,QUEENS,71-28 MYRTLE AVENUE,07646,Alteration,2026-04-02T04:00:00.000Z,,,Q01373150-I1,
093860,HHC/ GOTHAM HEALTH,HHC/ GOTHAM HEALTH,HHC/ GOTHAM HEALTH,BROOKLYN,2094 PITKIN AVENUE,10001,Alteration,2026-04-13T04:00:00.000Z,CHRISTOPHER FILOMIO,,B01367069-P1,
103528,HICKS MGT CORP,HICKS MGT CORP,HICKS MGT CORP,BROOKLYN,51 BERGEN STREET,11021,Alteration,2026-03-27T04:00:00.000Z,,,B01367524-S4,
106078,HICKS MGT CORP,HICKS MGT CORP,HICKS MGT CORP,BROOKLYN,51 BERGEN STREET,11106,Alteration,2026-03-23T04:00:00.000Z,,,B01367524-S2,
072488,HIGH LINE CONSTRUCTION GROUP,HIGH LINE CONSTRUCTION GROUP,HIGH LINE CONSTRUCTION GROUP,MANHATTAN,15 EAST   77 STREET,11550,Alteration,2026-03-19T04:00:00.000Z,,,M01243382-P3,
092527,HIGH LINE CONSTRUCTION GROUP,HIGH LINE CONSTRUCTION GROUP,HIGH LINE CONSTRUCTION GROUP,MANHATTAN,15 EAST   77 STREET,11374,Alteration,2026-04-08T04:00:00.000Z,,,M01382419-I1,
016890,Highbridge Community Dev. Corp,Highbridge Community Dev. Corp,Highbridge Community Dev. Corp,BRONX,1445 NELSON AVENUE,10002,Alteration,2026-04-14T04:00:00.000Z,,,X01207728-P9,
086757,Highbridge Community Dev. Corp,Highbridge Community Dev. Corp,Highbridge Community Dev. Corp,BRONX,1360 MERRIAM AVENUE,11237,Alteration,2026-04-03T04:00:00.000Z,,,X01360018-S1,
089587,Highbridge Community Dev. Corp,Highbridge Community Dev. Corp,Highbridge Community Dev. Corp,BRONX,1592 JESUP AVENUE,11207,Alteration,2026-04-03T04:00:00.000Z,,,X01360046-I1,
041382,HIGHPOINT DEVELOPERS LLC,HIGHPOINT DEVELOPERS LLC,HIGHPOINT DEVELOPERS LLC,QUEENS,116-34 166 STREET,11375,Alteration,2026-04-07T04:00:00.000Z,,,Q01349277-I1,
084457,HIGHRISE PROPERTY MANAGEMENT,HIGHRISE PROPERTY MANAGEMENT,HIGHRISE PROPERTY MANAGEMENT,QUEENS,33-26 92 STREET,11772,Alteration,2026-03-25T04:00:00.000Z,,,Q01378144-I1,
065574,HIIC BUILDERS LLC,HIIC BUILDERS LLC,HIIC BUILDERS LLC,QUEENS,143-22 84 ROAD,11361,New Building,2026-04-13T04:00:00.000Z,,,Q01234060-P1,
091112,Hilltop East 94th Street LLC,Hilltop East 94th Street LLC,Hilltop East 94th Street LLC,MANHATTAN,1 EAST   94 STREET,10018,Alteration,2026-03-31T04:00:00.000Z,,,M01361760-I1,
044129,Hilton Garden Inn,Hilton Garden Inn,Hilton Garden Inn,MANHATTAN,237 WEST   54 STREET,10018,Alteration,2026-03-26T04:00:00.000Z,,,M01371995-I1,
018424,HINES,HINES,HINES,MANHATTAN,375 HUDSON STREET,10010,Alteration,2026-03-25T04:00:00.000Z,EDWARD GARRETT,,M00761806-P2,
071143,HINES,HINES,HINES,MANHATTAN,555 GREENWICH STREET,10036,Alteration,2026-04-13T04:00:00.000Z,,,M01344111-P1,
074729,HINES,HINES,HINES,MANHATTAN,555 GREENWICH STREET,11249,Alteration,2026-03-26T04:00:00.000Z,,,M01376310-S2,
076707,HINES,HINES,HINES,MANHATTAN,1620 BROADWAY,19006,Alteration,2026-03-30T04:00:00.000Z,,,M01373617-I1,
090310,HINES,HINES,HINES,MANHATTAN,555 GREENWICH STREET,10041,Alteration,2026-04-02T04:00:00.000Z,,,M01210945-P1,
043754,HINES INTEREST LP,HINES INTEREST LP,HINES INTEREST LP,MANHATTAN,75 VARICK STREET,10541,Alteration,2026-04-07T04:00:00.000Z,,,M01100948-P2,
071143,HINES INTEREST LP,HINES INTEREST LP,HINES INTEREST LP,MANHATTAN,75 VARICK STREET,10036,Alteration,2026-03-28T04:00:00.000Z,,,M01373333-I1,
085930,HINES INTEREST LP,HINES INTEREST LP,HINES INTEREST LP,MANHATTAN,200 HUDSON STREET,11361,Alteration,2026-04-13T04:00:00.000Z,,,M01365090-I1,
100790,HINES INTEREST LP,HINES INTEREST LP,HINES INTEREST LP,MANHATTAN,100 6 AVENUE,10007,Alteration,2026-03-31T04:00:00.000Z,,,M01381052-I1,
045236,Hipo Holdings LLC,Hipo Holdings LLC,Hipo Holdings LLC,QUEENS,14-22 COLLEGE POINT BOULEVARD,11354,New Building,2026-03-28T04:00:00.000Z,,,Q01096299-S2,
037934,"HKFIRM3, LLC","HKFIRM3, LLC","HKFIRM3, LLC",QUEENS,108-20 62 DRIVE,11432,Alteration,2026-03-24T04:00:00.000Z,,,Q01374426-I1,
097789,HOLLISWOOD DEVELOPMENT,HOLLISWOOD DEVELOPMENT,HOLLISWOOD DEVELOPMENT,MANHATTAN,15 WEST   74 STREET,11706,Alteration CO,2026-03-29T04:00:00.000Z,,,M01371792-S1,
085879,Holtz House,Holtz House,Holtz House,MANHATTAN,7 EAST   20 STREET,10601,Alteration,2026-04-01T04:00:00.000Z,,,M01272171-P2,
072488,Holy Cross-St. John the Baptist,Holy Cross-St. John the Baptist,Holy Cross-St. John the Baptist,MANHATTAN,329 WEST   42 STREET,11550,Alteration,2026-03-25T04:00:00.000Z,,,M01351665-I1,
033343,Home,Home,Home,STATEN ISLAND,221 ALBEE AVENUE,10309,Alteration,2026-04-09T04:00:00.000Z,,,S01379784-I1,
102188,HOMELIV DEVELOPMENT LLC,HOMELIV DEVELOPMENT LLC,HOMELIV DEVELOPMENT LLC,BROOKLYN,94 MACON STREET,11216,Alteration,2026-04-07T04:00:00.000Z,,,B00793496-P8,
108144,HOMEOWNER,HOMEOWNER,HOMEOWNER,STATEN ISLAND,1 BUTTONWOOD ROAD,10301,Alteration,2026-04-13T04:00:00.000Z,,,S01383305-I1,
079743,Honey Management LLC,Honey Management LLC,Honey Management LLC,MANHATTAN,370 WEST   50 STREET,07960,Alteration,2026-03-27T04:00:00.000Z,,,M01377990-S1,
085450,Hong Ye Condo. INC,Hong Ye Condo. INC,Hong Ye Condo. INC,QUEENS,139-04 HILLSIDE AVENUE,10007,New Building,2026-03-19T04:00:00.000Z,,,Q00582096-P1,
047058,Horace Mann School,Horace Mann School,Horace Mann School,MANHATTAN,55 EAST   90 STREET,10018,Alteration CO,2026-04-08T04:00:00.000Z,,,M01263588-P1,
068605,"House it Going, LLC","House it Going, LLC","House it Going, LLC",BROOKLYN,128 4 PLACE,08879,ALT-CO - New Building with Existing Elements to Remain,2026-03-26T04:00:00.000Z,,,B01366345-S3,
072030,"House it Going, LLC","House it Going, LLC","House it Going, LLC",BROOKLYN,128 4 PLACE,100180000,ALT-CO - New Building with Existing Elements to Remain,2026-03-30T04:00:00.000Z,,,B01366345-S1,
062221,Housing Preservation & Development,Housing Preservation & Development,Housing Preservation & Development,MANHATTAN,508 REAR EAST   11 STREET,11801,Full Demolition,2026-04-07T04:00:00.000Z,,,M01299787-P1,
084333,Housing Preservation & Development,Housing Preservation & Development,Housing Preservation & Development,QUEENS,132-05 AVERY AVENUE,11370,Alteration,2026-04-08T04:00:00.000Z,,,Q01383045-I1,
093829,Housing Preservation & Development,Housing Preservation & Development,Housing Preservation & Development,BRONX,4234 CARPENTER AVENUE,11795,Full Demolition,2026-04-14T04:00:00.000Z,JOSEPH MC SHEA,,X01364365-I1,
094686,Housing Preservation & Development,Housing Preservation & Development,Housing Preservation & Development,BROOKLYN,233 NEW JERSEY AVENUE,11363,Alteration,2026-04-01T04:00:00.000Z,,,B01344017-I1,
099416,Housing Preservation & Development,Housing Preservation & Development,Housing Preservation & Development,BRONX,1314 OAKLEY STREET,07601,Alteration,2026-04-06T04:00:00.000Z,,,X01343690-I1,
103102,Housing Preservation & Development,Housing Preservation & Development,Housing Preservation & Development,BRONX,514 EAST  236 STREET,11417,Alteration,2026-04-14T04:00:00.000Z,,,X01348640-I1,
089068,HOUSING WORKS,HOUSING WORKS,HOUSING WORKS,BROOKLYN,2611 PITKIN AVENUE,11415,Alteration,2026-03-26T04:00:00.000Z,,,B01377295-I1,
077642,HOWARD WAREHOUSE INC.,HOWARD WAREHOUSE INC.,HOWARD WAREHOUSE INC.,MANHATTAN,135 WEST   36 STREET,11693,Alteration,2026-03-20T04:00:00.000Z,,,M01200161-P2,
084333,HOWARD WAREHOUSE INC.,HOWARD WAREHOUSE INC.,HOWARD WAREHOUSE INC.,MANHATTAN,135 WEST   36 STREET,11370,Alteration,2026-04-03T04:00:00.000Z,,,M01379364-I1,
108976,HOWARD WAREHOUSE INC.,HOWARD WAREHOUSE INC.,HOWARD WAREHOUSE INC.,MANHATTAN,135 WEST   36 STREET,11423,Alteration,2026-04-08T04:00:00.000Z,,,M01380302-I1,
038302,"HP Park Lane Family HDFC, Inc.","HP Park Lane Family HDFC, Inc.","HP Park Lane Family HDFC, Inc.",BRONX,1933 LAFAYETTE AVENUE,10018,New Building,2026-03-20T04:00:00.000Z,,,X01367594-I1,
085187,"HP Park Lane Family HDFC, Inc.","HP Park Lane Family HDFC, Inc.","HP Park Lane Family HDFC, Inc.",BRONX,1933 LAFAYETTE AVENUE,10001,New Building,2026-03-20T04:00:00.000Z,,,X01367594-S5,
041832,HPHW REALTY CORP,HPHW REALTY CORP,HPHW REALTY CORP,BROOKLYN,604 PACIFIC STREET,10018,ALT-CO - New Building with Existing Elements to Remain,2026-04-08T04:00:00.000Z,,,B00608128-A7,
016162,HRC CORPORATION,HRC CORPORATION,HRC CORPORATION,MANHATTAN,156 5 AVENUE,10001,Alteration,2026-03-26T04:00:00.000Z,,,M01374305-I1,
040423,HRC CORPORATION,HRC CORPORATION,HRC CORPORATION,MANHATTAN,156 5 AVENUE,10016,Alteration,2026-03-25T04:00:00.000Z,,,M01306771-P2,
092491,HRC CORPORATION,HRC CORPORATION,HRC CORPORATION,MANHATTAN,156 5 AVENUE,10119,Alteration,2026-03-27T04:00:00.000Z,,,M01306771-P1,
104807,HSS Properties Corp,HSS Properties Corp,HSS Properties Corp,MANHATTAN,524 EAST   73 STREET,07070,Alteration,2026-04-13T04:00:00.000Z,,,M01348121-S3,
086301,HUA SHUN REALTY LLC,HUA SHUN REALTY LLC,HUA SHUN REALTY LLC,QUEENS,166-01 65 AVENUE,11354,New Building,2026-04-05T04:00:00.000Z,,,Q01383034-I1,
043509,HUBB NYC PROPERTIES LLC,HUBB NYC PROPERTIES LLC,HUBB NYC PROPERTIES LLC,MANHATTAN,598 9 AVENUE,11377,Alteration,2026-03-29T04:00:00.000Z,,,M01328743-I1,
044120,HUBB NYC PROPERTIES LLC,HUBB NYC PROPERTIES LLC,HUBB NYC PROPERTIES LLC,MANHATTAN,336 EAST   81 STREET,10001,Alteration,2026-04-06T04:00:00.000Z,,,M01380379-I1,
085526,HUBB NYC PROPERTIES LLC,HUBB NYC PROPERTIES LLC,HUBB NYC PROPERTIES LLC,MANHATTAN,785 MADISON AVENUE,10018,Alteration,2026-03-27T04:00:00.000Z,,,M01250887-P1,
086805,HUBB NYC PROPERTIES LLC,HUBB NYC PROPERTIES LLC,HUBB NYC PROPERTIES LLC,MANHATTAN,189 COLUMBUS AVENUE,10004,Alteration,2026-04-14T04:00:00.000Z,,,M01345390-P1,
099535,HUBB NYC PROPERTIES LLC,HUBB NYC PROPERTIES LLC,HUBB NYC PROPERTIES LLC,MANHATTAN,188 1 AVENUE,11358,Alteration,2026-04-07T04:00:00.000Z,,,M01188902-S1,
107592,HUBB NYC PROPERTIES LLC,HUBB NYC PROPERTIES LLC,HUBB NYC PROPERTIES LLC,MANHATTAN,189 COLUMBUS AVENUE,10016,Alteration,2026-04-05T04:00:00.000Z,,,M01377243-I1,
108981,HUBB NYC PROPERTIES LLC,HUBB NYC PROPERTIES LLC,HUBB NYC PROPERTIES LLC,MANHATTAN,210 WEST   96 STREET,11432,Alteration,2026-04-13T04:00:00.000Z,,,M01368200-S2,
096214,Hudson 1701-1706 LLC,Hudson 1701-1706 LLC,Hudson 1701-1706 LLC,MANHATTAN,356 WEST   58 STREET,10018,Alteration,2026-04-02T04:00:00.000Z,,,M01380514-I1,
076082,Hudson Bay Capital Management,Hudson Bay Capital Management,Hudson Bay Capital Management,MANHATTAN,55 HUDSON YARDS,10019,Alteration,2026-04-02T04:00:00.000Z,,,M01142714-P4,
019581,Hudson Boulevard Collective LLC,Hudson Boulevard Collective LLC,Hudson Boulevard Collective LLC,MANHATTAN,548 WEST   36 STREET,11201,New Building,2026-03-26T04:00:00.000Z,JOSEPH ASTARITA,,M01360100-I1,
058375,Hudson Boulevard Collective LLC,Hudson Boulevard Collective LLC,Hudson Boulevard Collective LLC,MANHATTAN,548 WEST   36 STREET,10018,New Building,2026-03-26T04:00:00.000Z,,,M01360100-S1,
066458,"HUDSON RIVER CONSTRUCTION CO, LLC","HUDSON RIVER CONSTRUCTION CO, LLC","HUDSON RIVER CONSTRUCTION CO, LLC",BRONX,230 WEST 230 STREET,77514,New Building,2026-04-13T04:00:00.000Z,,,X01261881-S8,
105810,HUDSON VIEW ASSOCIATES INC.,HUDSON VIEW ASSOCIATES INC.,HUDSON VIEW ASSOCIATES INC.,MANHATTAN,159-00 RIVERSIDE DRIVE WEST,11355,Alteration,2026-04-09T04:00:00.000Z,,,M01379682-I1,
090310,Hudson Yards Experiences,Hudson Yards Experiences,Hudson Yards Experiences,MANHATTAN,30 HUDSON YARDS,10041,Alteration,2026-03-27T04:00:00.000Z,,,M01374126-S3,
092382,Hudson Yards Experiences,Hudson Yards Experiences,Hudson Yards Experiences,MANHATTAN,30 HUDSON YARDS,10041,Alteration,2026-03-27T04:00:00.000Z,,,M01374126-S1,
042245,HUNTINGTON & HICKS LLC,HUNTINGTON & HICKS LLC,HUNTINGTON & HICKS LLC,BROOKLYN,428 97 STREET,11206,New Building,2026-04-07T04:00:00.000Z,,,B01371177-I1,
099856,HUNTINGTON & HICKS LLC,HUNTINGTON & HICKS LLC,HUNTINGTON & HICKS LLC,BROOKLYN,710 DRIGGS AVENUE,10305,New Building,2026-03-21T04:00:00.000Z,,,B01021884-S4,
096997,HUSBAND WIFE,HUSBAND WIFE,HUSBAND WIFE,MANHATTAN,34 WEST   10 STREET,10017,Alteration,2026-03-26T04:00:00.000Z,,,M01367686-I1,
062815,Hyper Interactive Games Inc,Hyper Interactive Games Inc,Hyper Interactive Games Inc,MANHATTAN,302 BOWERY,11364,Alteration,2026-03-23T04:00:00.000Z,,,M01284434-P1,
017799,I LOVE ME EARLY CHILDHOOD CENTER IN,I LOVE ME EARLY CHILDHOOD CENTER IN,I LOVE ME EARLY CHILDHOOD CENTER IN,BROOKLYN,281 RIDGEWOOD AVENUE,11216,Alteration CO,2026-03-23T04:00:00.000Z,,,B00978682-P1,
038030,"Icon Realty Management, LLC","Icon Realty Management, LLC","Icon Realty Management, LLC",MANHATTAN,133 WEST   25 STREET,10307,Alteration,2026-04-14T04:00:00.000Z,LOUIS ARBUCCI,,M01165133-I1,
064829,IFF,IFF,IFF,MANHATTAN,521 WEST   57 STREET,10018,Alteration,2026-03-25T04:00:00.000Z,,,M01368150-I1,
071513,IGI USA,IGI USA,IGI USA,MANHATTAN,26 BLEECKER STREET,11215,Alteration,2026-03-26T04:00:00.000Z,,,M01373822-I1,
072184,IGI USA,IGI USA,IGI USA,MANHATTAN,26 BLEEKER STREET,11757,Alteration,2026-04-14T04:00:00.000Z,,,M01380823-I1,
088825,IGI USA,IGI USA,IGI USA,MANHATTAN,525 AVENUE OF THE AMERICAS,10006,New Building,2026-04-14T04:00:00.000Z,,,M08011197-A9,
014342,IGS REALTY CO.,IGS REALTY CO.,IGS REALTY CO.,MANHATTAN,336 WEST   37 STREET,10001,Alteration,2026-04-07T04:00:00.000Z,,,M01380744-I1,
084226,IMMACULATE HEART OF MARY,IMMACULATE HEART OF MARY,IMMACULATE HEART OF MARY,BROOKLYN,3002 FORT HAMILTON PARKWAY,10012,Alteration,2026-03-29T04:00:00.000Z,,,B01363682-S1,
091069,IMMACULATE HEART OF MARY,IMMACULATE HEART OF MARY,IMMACULATE HEART OF MARY,BROOKLYN,3002 FORT HAMILTON PARKWAY,11563,Alteration,2026-04-08T04:00:00.000Z,,,B01363682-P1,
019760,Immobiliare,Immobiliare,Immobiliare,MANHATTAN,151 ATTORNEY STREET,10011,Alteration,2026-03-27T04:00:00.000Z,CHRISTOPHER WATT,,M01332408-I1,
077062,IMMORTAL RISE INC.,IMMORTAL RISE INC.,IMMORTAL RISE INC.,BROOKLYN,5005 5 AVENUE,10304,ALT-CO - New Building with Existing Elements to Remain,2026-04-11T04:00:00.000Z,,,B00622157-S7,
064632,IMPACT REAL ESTATE MANAGEMENT,IMPACT REAL ESTATE MANAGEMENT,IMPACT REAL ESTATE MANAGEMENT,MANHATTAN,801 RIVERSIDE DRIVE,11023,Alteration,2026-03-22T04:00:00.000Z,,,M01341531-I1,
092672,IMPERIAL PARKING,IMPERIAL PARKING,IMPERIAL PARKING,MANHATTAN,519 WEST  161 STREET,10591,Alteration,2026-03-26T04:00:00.000Z,,,M01190488-I1,
017810,INDIA HOME,INDIA HOME,INDIA HOME,QUEENS,170-15 89 AVENUE,10001,New Building,2026-03-27T04:00:00.000Z,ZDZISLAW FORMUS,,Q01372263-I1,
086597,INDIA HOME,INDIA HOME,INDIA HOME,QUEENS,170-15 89 AVENUE,10036,New Building,2026-04-14T04:00:00.000Z,,,Q01372263-S7,
087988,INDIA HOME,INDIA HOME,INDIA HOME,QUEENS,170-15 89 AVENUE,10036,New Building,2026-03-28T04:00:00.000Z,,,Q01372263-S2,
058375,Industrial Bank,Industrial Bank,Industrial Bank,MANHATTAN,5 EAST  125 STREET,10018,Alteration,2026-03-24T04:00:00.000Z,,,M01291884-P1,
053771,INDUSTRY CITY,INDUSTRY CITY,INDUSTRY CITY,BROOKLYN,147 41 STREET,11746,Alteration,2026-04-13T04:00:00.000Z,,,B01312757-P1,
072803,INDUSTRY CITY,INDUSTRY CITY,INDUSTRY CITY,BROOKLYN,268 36 STREET,11354,Alteration,2026-03-30T04:00:00.000Z,,,B01369432-S2,
076082,INDUSTRY CITY,INDUSTRY CITY,INDUSTRY CITY,BROOKLYN,67 34 STREET,10019,Alteration,2026-03-24T04:00:00.000Z,,,B00387382-P2,
081054,INDUSTRY CITY,INDUSTRY CITY,INDUSTRY CITY,BROOKLYN,147 41 STREET,10018,Alteration,2026-04-14T04:00:00.000Z,,,B01344690-P2,
087773,INDUSTRY CITY,INDUSTRY CITY,INDUSTRY CITY,BROOKLYN,882 3 AVENUE,10016,Alteration,2026-03-20T04:00:00.000Z,,,B01316693-S2,
085948,"INFINITY CONTRACTING SERVICES, CORP","INFINITY CONTRACTING SERVICES, CORP","INFINITY CONTRACTING SERVICES, CORP",QUEENS,112-20 14 AVENUE,10017,Alteration,2026-04-10T04:00:00.000Z,,,Q01383241-I1,
089587,INFINITY MANAGEMENT,INFINITY MANAGEMENT,INFINITY MANAGEMENT,BRONX,2011 HOLLAND AVENUE,11207,Alteration,2026-03-26T04:00:00.000Z,,,X01377687-I1,
099501,INFINITY MANAGMENT NY LLC,INFINITY MANAGMENT NY LLC,INFINITY MANAGMENT NY LLC,BRONX,919 FREEMAN STREET,11793,New Building,2026-03-26T04:00:00.000Z,,,X01185640-P8,
102188,INFINITY MANAGMENT NY LLC,INFINITY MANAGMENT NY LLC,INFINITY MANAGMENT NY LLC,BRONX,979 INTERVALE AVENUE,11216,New Building,2026-04-08T04:00:00.000Z,,,X01257342-P6,
017154,INGRAVALLO CORP.,INGRAVALLO CORP.,INGRAVALLO CORP.,STATEN ISLAND,283 WOODVALE AVENUE,10312,Alteration,2026-04-02T04:00:00.000Z,WILLIAM RAFALSKY,,S01380378-I1,
018533,INLINE REALTY,INLINE REALTY,INLINE REALTY,BROOKLYN,717 MANHATTAN AVENUE,11768,Alteration,2026-03-30T04:00:00.000Z,TORBERG TONNESSEN,,B01345488-I1,
095119,INSITE PROPERTY GROUP,INSITE PROPERTY GROUP,INSITE PROPERTY GROUP,MANHATTAN,615 WEST   46 STREET,07904,New Building,2026-04-13T04:00:00.000Z,,,M00741415-A4,
063244,Institute for Community Living (ICL,Institute for Community Living (ICL,Institute for Community Living (ICL,BROOKLYN,161 EMERSON PLACE,10010,Alteration,2026-03-19T04:00:00.000Z,,,B00891890-P4,
079022,INTERBORO PROPERTY MANAGEMENT CORP.,INTERBORO PROPERTY MANAGEMENT CORP.,INTERBORO PROPERTY MANAGEMENT CORP.,BROOKLYN,325 21 STREET,10002,Alteration CO,2026-03-26T04:00:00.000Z,ANTHONY DISANZA,,B01046970-S5,
086597,INTERBORO PROPERTY MANAGEMENT CORP.,INTERBORO PROPERTY MANAGEMENT CORP.,INTERBORO PROPERTY MANAGEMENT CORP.,BROOKLYN,285 18 STREET,10036,New Building,2026-03-23T04:00:00.000Z,,,B01038276-S3,
100790,INTERSYSTEM CONSTRUCTION CORP.,INTERSYSTEM CONSTRUCTION CORP.,INTERSYSTEM CONSTRUCTION CORP.,QUEENS,3560 74 STREET,10007,Alteration,2026-04-13T04:00:00.000Z,,,Q01375568-I1,
100790,INTERSYSTEM INSTALLATION S & S CORP,INTERSYSTEM INSTALLATION S & S CORP,INTERSYSTEM INSTALLATION S & S CORP,MANHATTAN,11 EAST   36 STREET,10007,Alteration,2026-04-10T04:00:00.000Z,,,M01091352-P1,
030129,INWOOD LOT 9 ASSOCIATES LLC,INWOOD LOT 9 ASSOCIATES LLC,INWOOD LOT 9 ASSOCIATES LLC,MANHATTAN,407 WEST  206 STREET,10271,New Building,2026-03-24T04:00:00.000Z,FLORIAN GJERGJI,,M00599495-B8,
062273,INWOOD LOT 9 ASSOCIATES LLC,INWOOD LOT 9 ASSOCIATES LLC,INWOOD LOT 9 ASSOCIATES LLC,MANHATTAN,407 WEST  206 STREET,06897,Alteration,2026-04-09T04:00:00.000Z,,,M01164480-P3,
017263,Ira Mitchneck AIA,Ira Mitchneck AIA,Ira Mitchneck AIA,MANHATTAN,661 WEST END AVENUE,10025,Alteration,2026-03-25T04:00:00.000Z,JOSEPH FRITTOLA,,M01378428-I1,
060234,IRVING AT DECATUR,IRVING AT DECATUR,IRVING AT DECATUR,MANHATTAN,125 EAST   29 STREET,11101,New Building,2026-04-01T04:00:00.000Z,,,M00912091-P2,
036770,Isabella Geriatrics Inc,Isabella Geriatrics Inc,Isabella Geriatrics Inc,MANHATTAN,525 AUDUBON AVENUE,10279,Alteration,2026-03-24T04:00:00.000Z,,,M01377264-I1,
079187,Isabella Geriatrics Inc,Isabella Geriatrics Inc,Isabella Geriatrics Inc,MANHATTAN,525 AUDUBON AVENUE,10007,Alteration,2026-04-10T04:00:00.000Z,,,M01249571-I1,
042640,ISEN & COMPANY LLC,ISEN & COMPANY LLC,ISEN & COMPANY LLC,MANHATTAN,52 EDGECOMBE AVENUE,10007,Alteration CO,2026-03-27T04:00:00.000Z,,,M01168297-S3,
086597,ISEN & COMPANY LLC,ISEN & COMPANY LLC,ISEN & COMPANY LLC,MANHATTAN,52 EDGECOMBE AVENUE,10036,Alteration CO,2026-03-27T04:00:00.000Z,,,M01168297-S4,
035914,ISJ MANAGEMENT CORP.,ISJ MANAGEMENT CORP.,ISJ MANAGEMENT CORP.,BROOKLYN,2141 86 STREET,07010,Alteration,2026-04-09T04:00:00.000Z,,,B01347675-P3,
041513,ISJ MANAGEMENT CORP.,ISJ MANAGEMENT CORP.,ISJ MANAGEMENT CORP.,BROOKLYN,2141 86 STREET,11228,Alteration,2026-04-09T04:00:00.000Z,,,B01359391-P1,
104588,ISLA WHISKEY,ISLA WHISKEY,ISLA WHISKEY,BROOKLYN,3324 CHURCH AVENUE,11235,Alteration,2026-03-23T04:00:00.000Z,,,B01372265-I1,
089081,Islamic Circle of North America Inc,Islamic Circle of North America Inc,Islamic Circle of North America Inc,BROOKLYN,865 CONEY ISLAND AVENUE,11357,New Building,2026-03-24T04:00:00.000Z,,,B01177464-S6,
041491,ISLAND HOUSE TENANTS CORP.,ISLAND HOUSE TENANTS CORP.,ISLAND HOUSE TENANTS CORP.,MANHATTAN,555 MAIN STREET,11215,Alteration,2026-04-14T04:00:00.000Z,,,M01325073-S1,
043292,Island Organic Convenience Corp,Island Organic Convenience Corp,Island Organic Convenience Corp,STATEN ISLAND,1190 BAY STREET,11220,Alteration,2026-04-14T04:00:00.000Z,,,S01384620-I1,
099501,Isra Holdings,Isra Holdings,Isra Holdings,BRONX,1322 ELDER AVENUE,11793,Alteration CO,2026-04-10T04:00:00.000Z,,,X01152176-P6,
107592,Isra Holdings,Isra Holdings,Isra Holdings,BRONX,1322 ELDER AVENUE,10016,Alteration CO,2026-03-24T04:00:00.000Z,,,X01152176-P5,
086757,"IUV PHASE 1B OWNER, LLC","IUV PHASE 1B OWNER, LLC","IUV PHASE 1B OWNER, LLC",BROOKLYN,35 INSPIRATION LANE,11237,Alteration,2026-04-08T04:00:00.000Z,,,B01313851-P2,
097662,J & D CARRYING & CONSTRUCTION CORP.,J & D CARRYING & CONSTRUCTION CORP.,J & D CARRYING & CONSTRUCTION CORP.,QUEENS,106-23 GUY R BREWER BOULEVARD,11106,New Building,2026-04-03T04:00:00.000Z,,,Q01356758-I1,
090954,J & G CONSTRUCTION SRVCS,J & G CONSTRUCTION SRVCS,J & G CONSTRUCTION SRVCS,MANHATTAN,335 EAST   18 STREET,11423,Alteration,2026-04-11T04:00:00.000Z,,,M01383860-I1,
108976,J & G CONSTRUCTION SRVCS,J & G CONSTRUCTION SRVCS,J & G CONSTRUCTION SRVCS,BROOKLYN,143 9 STREET,11423,Alteration,2026-04-11T04:00:00.000Z,,,B01379168-I1,
089068,J & S METRO CONTRACTING CORP.,J & S METRO CONTRACTING CORP.,J & S METRO CONTRACTING CORP.,BRONX,1440 SHORE DRIVE,11415,Alteration,2026-04-09T04:00:00.000Z,,,X01331059-P1,
094686,J AND J DESIGNS INC,J AND J DESIGNS INC,J AND J DESIGNS INC,BROOKLYN,465 HANCOCK STREET,11363,Alteration,2026-03-19T04:00:00.000Z,,,B01373113-I1,
092643,J BUILDERS,J BUILDERS,J BUILDERS,BROOKLYN,4416 14 AVENUE,11803,Alteration,2026-03-29T04:00:00.000Z,,,B01242845-P1,
092361,j.kennedys,j.kennedys,j.kennedys,MANHATTAN,8 WEST   38 STREET,11801,Alteration,2026-03-27T04:00:00.000Z,,,M01378795-I1,
018270,J.P. WANK INDUSTRIAL REAL ESTATE,J.P. WANK INDUSTRIAL REAL ESTATE,J.P. WANK INDUSTRIAL REAL ESTATE,BROOKLYN,680 MONTAUK AVENUE,11231,Alteration,2026-04-03T04:00:00.000Z,GARY GIDMAN,,B01295524-P4,
090954,J&C Lamb Management Corp.,J&C Lamb Management Corp.,J&C Lamb Management Corp.,MANHATTAN,333 EAST   55 STREET,11423,Alteration,2026-04-02T04:00:00.000Z,,,M01381315-I1,
068029,JABER REALTY CORP.,JABER REALTY CORP.,JABER REALTY CORP.,BROOKLYN,509 BRIGHTON BEACH AVENUE,11358,Alteration,2026-04-14T04:00:00.000Z,,,B01357488-P1,
104614,JADE EQUITIES,JADE EQUITIES,JADE EQUITIES,BROOKLYN,700 EVERGREEN AVENUE,11354,Alteration,2026-04-07T04:00:00.000Z,,,B01382342-I1,
101280,Jag Excavation and Concrete Inc.,Jag Excavation and Concrete Inc.,Jag Excavation and Concrete Inc.,BROOKLYN,1832 FULTON STREET,11101,New Building,2026-03-27T04:00:00.000Z,,,B00696392-Z3,
035550,JAMAICA 98 LLC,JAMAICA 98 LLC,JAMAICA 98 LLC,QUEENS,98-31 JAMAICA AVENUE,07652,Alteration,2026-04-06T04:00:00.000Z,,,Q00713376-P3,
082064,Jamaica Affordable Development LLC,Jamaica Affordable Development LLC,Jamaica Affordable Development LLC,QUEENS,164-02 JAMAICA AVENUE,11050,New Building,2026-04-09T04:00:00.000Z,,,Q01367014-S7,
043394,JAMAICA HOSPITAL,JAMAICA HOSPITAL,JAMAICA HOSPITAL,QUEENS,89-36 VAN WYCK EXPRESSWAY,10006,Alteration,2026-03-26T04:00:00.000Z,JOHN BRODERICK,,Q01376321-I1,
085500,JAMAICA HOSPITAL,JAMAICA HOSPITAL,JAMAICA HOSPITAL,QUEENS,89-36 VAN WYCK EXPRESSWAY,07730,Alteration,2026-03-26T04:00:00.000Z,JOHN BRODERICK,,Q01376321-S1,
111501,JAMAICA HOSPITAL,JAMAICA HOSPITAL,JAMAICA HOSPITAL,QUEENS,89-36 VAN WYCK EXPRESSWAY,11369,Alteration CO,2026-03-25T04:00:00.000Z,JOHN BRODERICK,,Q01264753-S4,
106033,Jan,Jan,Jan,QUEENS,51-17 GAR 48 STREET,10562,Alteration,2026-03-21T04:00:00.000Z,,,Q01315334-I1,
040765,JAY SUITES,JAY SUITES,JAY SUITES,MANHATTAN,31 WEST   34 STREET,07677,Alteration,2026-03-27T04:00:00.000Z,,,M01377902-I1,
043509,JBSB REALTY LLC,JBSB REALTY LLC,JBSB REALTY LLC,QUEENS,66-96 FRESH POND ROAD,11377,Alteration,2026-03-29T04:00:00.000Z,,,Q01358464-I1,
096363,JCS REALTY,JCS REALTY,JCS REALTY,MANHATTAN,180 EAST  125 STREET,10038,Alteration,2026-03-20T04:00:00.000Z,,,M00604254-P4,
018533,JDS MGMT,JDS MGMT,JDS MGMT,MANHATTAN,266 EAST   10 STREET,11768,Alteration,2026-04-14T04:00:00.000Z,TORBERG TONNESSEN,,M01380713-I1,
078226,JDS MGMT,JDS MGMT,JDS MGMT,MANHATTAN,621 EAST   11 STREET,12553,Alteration,2026-04-10T04:00:00.000Z,,,M01384009-I1,
033372,Jee Foo Realty Corp,Jee Foo Realty Corp,Jee Foo Realty Corp,MANHATTAN,113 WEST   27 STREET,11355,Alteration,2026-04-15T04:00:00.000Z,,,M01386053-I1,
052531,JEWISH COMMUNITY CENTER OF STATEN I,JEWISH COMMUNITY CENTER OF STATEN I,JEWISH COMMUNITY CENTER OF STATEN I,STATEN ISLAND,1297 ARTHUR KILL ROAD,10306,Alteration,2026-03-24T04:00:00.000Z,,,S00482375-P1,
094480,JI JAI CORPORATION,JI JAI CORPORATION,JI JAI CORPORATION,QUEENS,47-02 BELL BOULEVARD,11358,Alteration CO,2026-03-23T04:00:00.000Z,,,Q01316991-S1,
095242,JILI PROPERTY MANAGEMENT,JILI PROPERTY MANAGEMENT,JILI PROPERTY MANAGEMENT,MANHATTAN,135 EAST   79 STREET,11530,Alteration,2026-03-25T04:00:00.000Z,,,M01354833-I1,
093795,JJAW SERVICE INC,JJAW SERVICE INC,JJAW SERVICE INC,STATEN ISLAND,46 DAVIDSON STREET,11021,Full Demolition,2026-03-28T04:00:00.000Z,N BECACCIO,,S01369876-S1,
081374,JJL Astoria Inc,JJL Astoria Inc,JJL Astoria Inc,QUEENS,34-33 29 STREET,11377,Alteration,2026-04-11T04:00:00.000Z,,,Q01376131-P1,
064829,JLJ BRICKEN LLC C/O OLMSTEAD PROPER,JLJ BRICKEN LLC C/O OLMSTEAD PROPER,JLJ BRICKEN LLC C/O OLMSTEAD PROPER,MANHATTAN,225 WEST   37 STREET,10018,Alteration,2026-04-09T04:00:00.000Z,,,M01362206-S2,
015302,JLL,JLL,JLL,MANHATTAN,300 EAST   23 STREET,07110,Alteration,2026-04-13T04:00:00.000Z,,,M01377433-I1,
071143,JLL,JLL,JLL,MANHATTAN,300 EAST   23 STREET,10036,Alteration,2026-04-13T04:00:00.000Z,,,M01377433-S2,
087790,JLL,JLL,JLL,MANHATTAN,75 9 AVENUE,10036,Alteration,2026-03-23T04:00:00.000Z,,,M01299154-P1,
095847,JLL,JLL,JLL,BROOKLYN,154 MORGAN AVENUE,11747,Alteration,2026-04-13T04:00:00.000Z,,,B01367855-I1,
104072,JM Trinity Holdings LLC,JM Trinity Holdings LLC,JM Trinity Holdings LLC,STATEN ISLAND,747 CLERMONT AVENUE,10309,Alteration,2026-04-02T04:00:00.000Z,,,S01352578-I1,
043754,JO JO PIZZA,JO JO PIZZA,JO JO PIZZA,BRONX,1545 WESTCHESTER AVENUE,10541,Alteration,2026-04-10T04:00:00.000Z,,,X01174158-P1,
048918,"JOHN B. LOVETT & ASSOCIATES, LTD.","JOHN B. LOVETT & ASSOCIATES, LTD.","JOHN B. LOVETT & ASSOCIATES, LTD.",MANHATTAN,520 EAST   81 STREET,11368,Alteration,2026-04-06T04:00:00.000Z,,,M01371804-I1,
040423,John Jacobs / CIO / JE Dunn,John Jacobs / CIO / JE Dunn,John Jacobs / CIO / JE Dunn,MANHATTAN,146 WEST  136 STREET,11102,Alteration,2026-03-23T04:00:00.000Z,,,M01370950-I1,
104072,John Jacobs / CIO / JE Dunn,John Jacobs / CIO / JE Dunn,John Jacobs / CIO / JE Dunn,MANHATTAN,146 WEST  136 STREET,10309,Alteration,2026-03-24T04:00:00.000Z,,,M01370950-S1,
093973,JOHN PATRICK BOHAN ARCHITECT,JOHN PATRICK BOHAN ARCHITECT,JOHN PATRICK BOHAN ARCHITECT,MANHATTAN,367 1 AVENUE,11224,Alteration CO,2026-03-26T04:00:00.000Z,,,M01170632-P1,
032870,JOHN STRINGILE OWNER,JOHN STRINGILE OWNER,JOHN STRINGILE OWNER,STATEN ISLAND,73B JOHNSON AVENUE,10312,Alteration,2026-03-30T04:00:00.000Z,,,S00970954-P2,
321826,JOHN STRINGILE OWNER,JOHN STRINGILE OWNER,JOHN STRINGILE OWNER,STATEN ISLAND,43 MACE STREET,10309,Full Demolition,2026-03-24T04:00:00.000Z,,,S01377519-I1,
093795,JOINT CAPITAL DEVELOPMENT,JOINT CAPITAL DEVELOPMENT,JOINT CAPITAL DEVELOPMENT,BROOKLYN,1096 FULTON STREET,11021,New Building,2026-03-26T04:00:00.000Z,N BECACCIO,,B01267863-S2,
076707,JONATHAN ROSE COMPANIES,JONATHAN ROSE COMPANIES,JONATHAN ROSE COMPANIES,BROOKLYN,148 PIERREPONT STREET,19006,Alteration,2026-03-20T04:00:00.000Z,,,B01361294-I1,
012094,Jones Lang Lasalle,Jones Lang Lasalle,Jones Lang Lasalle,MANHATTAN,680 5 AVENUE,07470,Alteration,2026-03-31T04:00:00.000Z,JEFFERSON NECKLES,,M01344858-I1,
013278,JOSEPH DEVELOPMENT LLC,JOSEPH DEVELOPMENT LLC,JOSEPH DEVELOPMENT LLC,MANHATTAN,2132 8 AVENUE,10011,New Building,2026-03-28T04:00:00.000Z,PIOTR RADZIK,,M01339025-I1,
038964,JOSEPH P. DAY REALTY CORP.,JOSEPH P. DAY REALTY CORP.,JOSEPH P. DAY REALTY CORP.,MANHATTAN,32 EAST   57 STREET,10018,Alteration,2026-03-23T04:00:00.000Z,,,M08045040-P1,
090310,JP MORGAN CHASE BANK NA,JP MORGAN CHASE BANK NA,JP MORGAN CHASE BANK NA,MANHATTAN,726 MADISON AVENUE,10041,Alteration,2026-03-23T04:00:00.000Z,,,M01177628-P2,
089081,JPJ REALTY,JPJ REALTY,JPJ REALTY,MANHATTAN,1554 YORK AVENUE,11357,Alteration,2026-03-20T04:00:00.000Z,,,M01317818-P1,
066531,JPMorgan Chase Bank N.A.,JPMorgan Chase Bank N.A.,JPMorgan Chase Bank N.A.,MANHATTAN,726 MADISON AVENUE,07022,Alteration,2026-04-09T04:00:00.000Z,,,M01229731-I1,
071143,"JPMorgan Chase Bank, N.A.","JPMorgan Chase Bank, N.A.","JPMorgan Chase Bank, N.A.",MANHATTAN,375 MADISON AVENUE,10036,Alteration,2026-03-28T04:00:00.000Z,,,M01293994-S1,
090310,"JPMorgan Chase Bank, N.A.","JPMorgan Chase Bank, N.A.","JPMorgan Chase Bank, N.A.",MANHATTAN,375 MADISON AVENUE,10041,Alteration,2026-03-20T04:00:00.000Z,,,M01194829-P2,
098153,"JPMorgan Chase Bank, N.A.","JPMorgan Chase Bank, N.A.","JPMorgan Chase Bank, N.A.",MANHATTAN,375 MADISON AVENUE,11563,Alteration,2026-03-25T04:00:00.000Z,,,M01328272-I1,
107592,jrd glenwood,jrd glenwood,jrd glenwood,BROOKLYN,3115 GLENWOOD ROAD,10016,New Building,2026-03-24T04:00:00.000Z,,,B01103381-S6,
058375,JRJ METRO REALTY LTD,JRJ METRO REALTY LTD,JRJ METRO REALTY LTD,QUEENS,25-20 3 STREET,10018,New Building,2026-03-19T04:00:00.000Z,,,Q00713747-S3,
037417,JS HOMES REALTY SERVICES INC.,JS HOMES REALTY SERVICES INC.,JS HOMES REALTY SERVICES INC.,BRONX,1209 BRYANT AVENUE,07055,Alteration CO,2026-04-10T04:00:00.000Z,,,X01233076-P2,
108288,JSRE MANAGEMENT,JSRE MANAGEMENT,JSRE MANAGEMENT,MANHATTAN,71 GREENE STREET,10306,Alteration,2026-04-02T04:00:00.000Z,,,M01380070-I1,
095975,JT CONSTRUCTION OF NYC,JT CONSTRUCTION OF NYC,JT CONSTRUCTION OF NYC,MANHATTAN,6 WEST   87 STREET,10018,Alteration,2026-04-01T04:00:00.000Z,,,M01378920-I1,
078613,JUNG SOOK KOH,JUNG SOOK KOH,JUNG SOOK KOH,MANHATTAN,2130 SECOND AVENUE,10119,Alteration,2026-03-23T04:00:00.000Z,,,M01054819-P2,
072792,JUSTICE HOMES,JUSTICE HOMES,JUSTICE HOMES,QUEENS,108-20 51 AVENUE,11358,Full Demolition,2026-04-02T04:00:00.000Z,,,Q01373275-I1,
107579,JUSTIN MANAGEMENT,JUSTIN MANAGEMENT,JUSTIN MANAGEMENT,MANHATTAN,65 WEST   30 STREET,11373,Alteration,2026-04-07T04:00:00.000Z,,,M01257941-P2,
104414,Jw 3- 24 llc,Jw 3- 24 llc,Jw 3- 24 llc,BROOKLYN,1824 48 STREET,11432,Alteration CO,2026-03-25T04:00:00.000Z,,,B01375565-I1,
071083,KAHEN PROPERTIES LLC,KAHEN PROPERTIES LLC,KAHEN PROPERTIES LLC,QUEENS,67-57 173 STREET,10017,New Building,2026-04-14T04:00:00.000Z,,,Q01343127-S3,
073324,KAHEN PROPERTIES LLC,KAHEN PROPERTIES LLC,KAHEN PROPERTIES LLC,MANHATTAN,190 3 AVENUE,07730,Alteration,2026-03-20T04:00:00.000Z,,,M01374848-I1,
101128,KALEL COMPANIES,KALEL COMPANIES,KALEL COMPANIES,BROOKLYN,15 MOTHER GASTON BOULEVARD,11101,Alteration,2026-03-26T04:00:00.000Z,,,B01372985-I1,
018915,KAM 14 LLC,KAM 14 LLC,KAM 14 LLC,QUEENS,84-25 85 AVENUE,11418,Alteration,2026-04-08T04:00:00.000Z,STEPHEN SHUMAN,,Q01372884-S1,
070154,KAMALJIT K. SANDHU,KAMALJIT K. SANDHU,KAMALJIT K. SANDHU,QUEENS,105-67 130 STREET,11415,New Building,2026-04-13T04:00:00.000Z,,,Q01361059-S2,
094686,KAMALJIT K. SANDHU,KAMALJIT K. SANDHU,KAMALJIT K. SANDHU,QUEENS,46-09 30 AVENUE,11363,Alteration,2026-03-25T04:00:00.000Z,,,Q01333709-P1,
040293,KAMBER MANAGEMENT LLC,KAMBER MANAGEMENT LLC,KAMBER MANAGEMENT LLC,MANHATTAN,15 WEST   37 STREET,10451,Alteration,2026-04-01T04:00:00.000Z,,,M01360364-I1,
076453,KATARIA LLC,KATARIA LLC,KATARIA LLC,QUEENS,145-02GAR 109 AVENUE,11001,ALT-CO - New Building with Existing Elements to Remain,2026-04-03T04:00:00.000Z,,,Q01199408-P1,
071109,Kathy Ellman,Kathy Ellman,Kathy Ellman,MANHATTAN,136 WEST   22 STREET,10018,Alteration,2026-03-25T04:00:00.000Z,,,M00900492-P8,
079716,KATONAH LAUNDRY MART INC,KATONAH LAUNDRY MART INC,KATONAH LAUNDRY MART INC,STATEN ISLAND,223 CANAL STREET,07676,Alteration,2026-04-06T04:00:00.000Z,,,S01313194-P2,
082390,"KAUFMAN MANAGEMENT COMPANY, LLC","KAUFMAN MANAGEMENT COMPANY, LLC","KAUFMAN MANAGEMENT COMPANY, LLC",MANHATTAN,135 WEST   29 STREET,10002,Alteration CO,2026-04-02T04:00:00.000Z,,,M00948674-S2,
103242,"KAUFMAN MANAGEMENT COMPANY, LLC","KAUFMAN MANAGEMENT COMPANY, LLC","KAUFMAN MANAGEMENT COMPANY, LLC",MANHATTAN,1313 BROADWAY,06840,Alteration,2026-03-30T04:00:00.000Z,,,M01377193-I1,
099856,KE AN CHEN,KE AN CHEN,KE AN CHEN,QUEENS,42-73 HUNTER STREET,10305,New Building,2026-03-30T04:00:00.000Z,,,Q01363758-S4,
098181,Kedzkidz 543 Meeker LLC,Kedzkidz 543 Meeker LLC,Kedzkidz 543 Meeker LLC,BROOKLYN,543 MEEKER AVENUE,11576,Alteration,2026-03-22T04:00:00.000Z,,,B01296706-P1,
098295,Ken ring LLc,Ken ring LLc,Ken ring LLc,QUEENS,35-25 150 STREET,11354,Alteration,2026-04-09T04:00:00.000Z,,,Q01384941-S1,
096400,KENNETH J. SANCHEZ,KENNETH J. SANCHEZ,KENNETH J. SANCHEZ,MANHATTAN,601 WEST   34 STREET,49637,Alteration,2026-03-31T04:00:00.000Z,,,M01359295-I1,
101118,KENNETH J. SANCHEZ,KENNETH J. SANCHEZ,KENNETH J. SANCHEZ,MANHATTAN,601 WEST   34 STREET,10001,Alteration,2026-03-22T04:00:00.000Z,,,M01360111-I1,
099535,KEVIN REALTY INC,KEVIN REALTY INC,KEVIN REALTY INC,QUEENS,159-15 NORTHERN BOULEVARD,11358,Alteration,2026-03-20T04:00:00.000Z,,,Q01369681-P1,
106354,"KEY BUILDERS, INC.","KEY BUILDERS, INC.","KEY BUILDERS, INC.",QUEENS,10-09 43 AVENUE,11432,Alteration,2026-04-10T04:00:00.000Z,,,Q01385362-I1,
041862,KEY FOODS,KEY FOODS,KEY FOODS,BROOKLYN,328 GRAHAM AVENUE,11550,Alteration,2026-03-25T04:00:00.000Z,,,B01232954-P2,
091999,KEYSTONE CONTRACTING CORPORATION,KEYSTONE CONTRACTING CORPORATION,KEYSTONE CONTRACTING CORPORATION,BROOKLYN,937 FULTON STREET,11580,Alteration,2026-04-07T04:00:00.000Z,,,B01383042-I1,
108063,KEYSTONE CONTRACTING CORPORATION,KEYSTONE CONTRACTING CORPORATION,KEYSTONE CONTRACTING CORPORATION,MANHATTAN,53 WEST  104 STREET,07060,Alteration,2026-03-23T04:00:00.000Z,,,M01376200-I1,
048918,Kimco Realty,Kimco Realty,Kimco Realty,STATEN ISLAND,2626 HYLAN BOULEVARD,11368,Alteration,2026-04-02T04:00:00.000Z,,,S01377481-S1,
086301,KING FAMILY REALTY LLC,KING FAMILY REALTY LLC,KING FAMILY REALTY LLC,QUEENS,33-66 161 STREET,11354,ALT-CO - New Building with Existing Elements to Remain,2026-04-02T04:00:00.000Z,,,Q01280034-P1,
071719,KING HOIST AND SCAFFOLDING INC.,KING HOIST AND SCAFFOLDING INC.,KING HOIST AND SCAFFOLDING INC.,MANHATTAN,44 WEST   77 STREET,11377,Alteration,2026-04-08T04:00:00.000Z,,,M01384579-I1,
083410,"KINGDOM CONSTRUCTION GROUP, CORP.","KINGDOM CONSTRUCTION GROUP, CORP.","KINGDOM CONSTRUCTION GROUP, CORP.",QUEENS,41-40 PARSONS BOULEVARD,11416,Alteration,2026-03-26T04:00:00.000Z,,,Q01376072-I1,
094686,KINGFISHER GENERAL CONTRACTING OF N,KINGFISHER GENERAL CONTRACTING OF N,KINGFISHER GENERAL CONTRACTING OF N,BRONX,2166 BRONX PARK EAST,11363,Alteration,2026-04-10T04:00:00.000Z,,,X01385341-I1,
083057,KINGS CAPITAL,KINGS CAPITAL,KINGS CAPITAL,BROOKLYN,270 20 STREET,11235,New Building,2026-03-28T04:00:00.000Z,ANDREW WOLKE  II,,B01373573-S5,
091045,KINGS CAPITAL,KINGS CAPITAL,KINGS CAPITAL,BROOKLYN,218 23 STREET,11101,Alteration,2026-03-24T04:00:00.000Z,,,B01158834-P1,
102862,KINGS CAPITAL,KINGS CAPITAL,KINGS CAPITAL,BROOKLYN,270 20 STREET,11374,New Building,2026-04-13T04:00:00.000Z,,,B01373573-S4,
089378,KINGS PLAZA SHOPPING CENTER,KINGS PLAZA SHOPPING CENTER,KINGS PLAZA SHOPPING CENTER,BROOKLYN,5100 KINGS PLAZA,08872,Alteration,2026-04-01T04:00:00.000Z,,,B01354383-S2,
045075,Kings Point Ventures LLC,Kings Point Ventures LLC,Kings Point Ventures LLC,BRONX,3421 EAST TREMONT AVENUE,11218,Alteration,2026-03-26T04:00:00.000Z,,,X01364547-S1,
081443,KINGSLAND REALTY ASSOCIATES LLC,KINGSLAND REALTY ASSOCIATES LLC,KINGSLAND REALTY ASSOCIATES LLC,BROOKLYN,520 KINGSLAND AVENUE,11428,Alteration,2026-04-02T04:00:00.000Z,,,B01362428-I1,
032156,KIOP FOREST AVE L.P.,KIOP FOREST AVE L.P.,KIOP FOREST AVE L.P.,STATEN ISLAND,2626 HYLAN BOULEVARD,10006,Alteration CO,2026-03-20T04:00:00.000Z,,,S00927104-P3,
076759,KIPP NYC,KIPP NYC,KIPP NYC,BRONX,200 EAST  138 STREET,11231,New Building,2026-03-25T04:00:00.000Z,,,X00658182-Z7,
100747,KIPP NYC,KIPP NYC,KIPP NYC,BRONX,200 EAST  138 STREET,11501,New Building,2026-04-06T04:00:00.000Z,,,X00658182-C2,
112277,KIPP NYC,KIPP NYC,KIPP NYC,BRONX,200 EAST  138 STREET,10119,New Building,2026-04-08T04:00:00.000Z,,,X00658182-C3,
066073,KIPSBAY BOYS AND GIRLS CLUB,KIPSBAY BOYS AND GIRLS CLUB,KIPSBAY BOYS AND GIRLS CLUB,BRONX,1930 RANDALL AVENUE,10018,Alteration,2026-04-06T04:00:00.000Z,,,X08048485-P3,
039820,KIZNER ASSOCIATES INC.,KIZNER ASSOCIATES INC.,KIZNER ASSOCIATES INC.,MANHATTAN,138 WEST   72 STREET,11218,Alteration,2026-03-27T04:00:00.000Z,,,M01379384-I1,
083562,KIZNER ASSOCIATES INC.,KIZNER ASSOCIATES INC.,KIZNER ASSOCIATES INC.,MANHATTAN,138 WEST   72 STREET,11010,Alteration,2026-04-02T04:00:00.000Z,,,M01379384-S2,
086301,KJK BUILDING SERVICE CORP.,KJK BUILDING SERVICE CORP.,KJK BUILDING SERVICE CORP.,QUEENS,71-37 166 STREET,11354,New Building,2026-04-08T04:00:00.000Z,,,Q00742360-P2,
090310,KKR,KKR,KKR,MANHATTAN,30 HUDSON YARDS,10041,Alteration,2026-03-23T04:00:00.000Z,,,M01361828-S2,
102362,KLEIN PROPERTY MGT OF NY LLC,KLEIN PROPERTY MGT OF NY LLC,KLEIN PROPERTY MGT OF NY LLC,MANHATTAN,29 WEST   10 STREET,11747,Alteration,2026-03-20T04:00:00.000Z,,,M01368646-I1,
074163,Klein/Pineda Calfornia Trust,Klein/Pineda Calfornia Trust,Klein/Pineda Calfornia Trust,BROOKLYN,281 PARK PLACE,10310,Alteration CO,2026-03-27T04:00:00.000Z,,,B01376542-S2,
011774,KND MANAGEMENT CO. INC.,KND MANAGEMENT CO. INC.,KND MANAGEMENT CO. INC.,QUEENS,220-18 HORACE HARDING EXPRESSWAY,11101,Alteration,2026-03-23T04:00:00.000Z,MICHAEL BANKS,,Q01362928-S2,
042821,KND MANAGEMENT CO. INC.,KND MANAGEMENT CO. INC.,KND MANAGEMENT CO. INC.,QUEENS,61-02 SPRINGFIELD BOULEVARD,07110,Alteration,2026-04-10T04:00:00.000Z,,,Q01374821-S1,
100790,KNS BUILDING RESTORATION,KNS BUILDING RESTORATION,KNS BUILDING RESTORATION,MANHATTAN,253 WEST   72 STREET,10007,Alteration,2026-03-25T04:00:00.000Z,,,M01369342-I1,
017489,KOM MANAGEMENT,KOM MANAGEMENT,KOM MANAGEMENT,BRONX,3030 COLDEN AVENUE,10044,New Building,2026-04-13T04:00:00.000Z,FRED BARNES,,X00572969-A2,
032334,"KOTSONIS MANAGEMENT, LLC.","KOTSONIS MANAGEMENT, LLC.","KOTSONIS MANAGEMENT, LLC.",BROOKLYN,808 UNION STREET,07438,Alteration,2026-04-07T04:00:00.000Z,,,B01322343-P1,
101851,KUE MEE REALTY CORPORATION,KUE MEE REALTY CORPORATION,KUE MEE REALTY CORPORATION,MANHATTAN,36 PELL STREET,11220,Alteration,2026-03-31T04:00:00.000Z,,,M01376519-I1,
014938,KURT,KURT,KURT,BROOKLYN,1843 EASTERN PARKWAY,06439,Alteration CO,2026-03-19T04:00:00.000Z,,,B00776580-P4,
065106,KURT,KURT,KURT,BROOKLYN,1843 EASTERN PARKWAY,11101,Alteration CO,2026-04-09T04:00:00.000Z,,,B00776580-P6,
091728,KURT,KURT,KURT,BROOKLYN,1843 EASTERN PARKWAY,11577,Alteration,2026-04-09T04:00:00.000Z,,,B00795763-P2,
037876,KYYZ PROPERTY LLC,KYYZ PROPERTY LLC,KYYZ PROPERTY LLC,QUEENS,22-23 147 STREET,11354,New Building,2026-03-24T04:00:00.000Z,,,Q01355519-I1,
013294,L & H GENERAL CONSTRUCTION,L & H GENERAL CONSTRUCTION,L & H GENERAL CONSTRUCTION,BRONX,769 BURKE AVENUE,10705,Alteration,2026-04-10T04:00:00.000Z,JUAN BRAZOBAN,,X01202173-P1,
072914,L AND Z RESTORATION CORP,L AND Z RESTORATION CORP,L AND Z RESTORATION CORP,MANHATTAN,291 CENTRAL PARK WEST,10038,Alteration,2026-03-26T04:00:00.000Z,,,M01377669-I1,
089632,L&N Gardens LLC,L&N Gardens LLC,L&N Gardens LLC,BROOKLYN,32 GARDEN PLACE,11416,Alteration CO,2026-03-23T04:00:00.000Z,,,B01106030-P6,
019437,L&R&G CONTRACTORS CORP,L&R&G CONTRACTORS CORP,L&R&G CONTRACTORS CORP,BRONX,1304 SOUTHERN BOULEVARD,10550,Full Demolition,2026-03-24T04:00:00.000Z,GREGORY COLEY,,X01375424-I1,
020553,L+M FUND MANAGEMENT LLC,L+M FUND MANAGEMENT LLC,L+M FUND MANAGEMENT LLC,MANHATTAN,34 MONROE STREET,11232,Alteration,2026-03-26T04:00:00.000Z,JOHN TRAVERSO,,M01254092-S1,
086805,L3 CAPITAL LLC,L3 CAPITAL LLC,L3 CAPITAL LLC,BROOKLYN,200 BEDFORD AVENUE,10004,Alteration,2026-04-08T04:00:00.000Z,,,B01356579-S1,
078515,"LA MESA VERDE APARTMENTS, LLC","LA MESA VERDE APARTMENTS, LLC","LA MESA VERDE APARTMENTS, LLC",QUEENS,34-32 91 STREET,11363,Alteration,2026-03-24T04:00:00.000Z,,,Q01372163-I1,
059584,LAKA Corp,LAKA Corp,LAKA Corp,MANHATTAN,177 NINTH AVENUE,08534,Alteration,2026-03-25T04:00:00.000Z,,,M01084719-P2,
079612,LAKESIDE MANOR HOME,LAKESIDE MANOR HOME,LAKESIDE MANOR HOME,STATEN ISLAND,2099 FOREST AVENUE,07719,Alteration,2026-04-10T04:00:00.000Z,,,S01268111-I1,
094686,"LAKHI GENERAL CONTRACTOR, INC","LAKHI GENERAL CONTRACTOR, INC","LAKHI GENERAL CONTRACTOR, INC",BROOKLYN,94 MACON STREET,11363,Alteration,2026-04-08T04:00:00.000Z,,,B01384443-I1,
059161,Lamar Advertising,Lamar Advertising,Lamar Advertising,BRONX,1016 EAST  174 STREET,06840,Alteration,2026-04-01T04:00:00.000Z,,,X01379859-I1,
074142,LANDLORD,LANDLORD,LANDLORD,MANHATTAN,37 EAST   50 STREET,11101,Alteration,2026-03-26T04:00:00.000Z,,,M01305194-P2,
084330,LANGSAM PROPERTY SERVICES,LANGSAM PROPERTY SERVICES,LANGSAM PROPERTY SERVICES,MANHATTAN,561 WEST  147 STREET,10016,Alteration,2026-03-20T04:00:00.000Z,,,M00778615-P1,
072050,LARGAVISTA COMPANIES,LARGAVISTA COMPANIES,LARGAVISTA COMPANIES,QUEENS,29-10 NORTHERN BOULEVARD,10001,Alteration,2026-03-25T04:00:00.000Z,,,Q00701754-P1,
083125,LARGAVISTA COMPANIES,LARGAVISTA COMPANIES,LARGAVISTA COMPANIES,QUEENS,29-10 NORTHERN BOULEVARD,10704,Alteration,2026-03-24T04:00:00.000Z,STEPHEN RYCHLICKI,,Q01308449-I1,
068504,LASM,LASM,LASM,QUEENS,115-23 225 STREET,11101,Alteration CO,2026-03-30T04:00:00.000Z,,,Q00975584-P3,
083057,Laundry palace,Laundry palace,Laundry palace,QUEENS,248-04 SOUTH CONDUIT AVENUE,11235,ALT-CO - New Building with Existing Elements to Remain,2026-03-27T04:00:00.000Z,ANDREW WOLKE  II,,Q01337058-S5,
087678,"LAWRENCE BLUM, M.D.,P.C.","LAWRENCE BLUM, M.D.,P.C.","LAWRENCE BLUM, M.D.,P.C.",QUEENS,116-24 METROPOLITAN AVENUE,11003,Alteration,2026-04-06T04:00:00.000Z,,,Q01367142-I1,
090920,LC EXPEDITING SRVCS CORP,LC EXPEDITING SRVCS CORP,LC EXPEDITING SRVCS CORP,QUEENS,69-23 CALDWELL AVENUE,11354,Full Demolition,2026-04-02T04:00:00.000Z,,,Q01314461-S3,
065567,ldcch,ldcch,ldcch,BROOKLYN,126 ALBANY AVENUE,11563,Alteration,2026-03-30T04:00:00.000Z,,,B01371488-S2,
093795,LE CAPITAL NYC,LE CAPITAL NYC,LE CAPITAL NYC,BROOKLYN,221 WAVERLY AVENUE,11021,New Building,2026-04-03T04:00:00.000Z,N BECACCIO,,B01078873-P4,
099501,LEFKO CAPITAL GROUP,LEFKO CAPITAL GROUP,LEFKO CAPITAL GROUP,BRONX,1437 TELLER AVENUE,11793,Alteration CO,2026-03-26T04:00:00.000Z,,,X00544115-A1,
102188,LEFKO CAPITAL GROUP,LEFKO CAPITAL GROUP,LEFKO CAPITAL GROUP,BRONX,132 BROWN PLACE,11216,New Building,2026-03-26T04:00:00.000Z,,,X01266624-P3,
090954,LEGACY CONSTRUCTION NY CORP,LEGACY CONSTRUCTION NY CORP,LEGACY CONSTRUCTION NY CORP,BROOKLYN,1429 35 STREET,11423,Alteration,2026-04-07T04:00:00.000Z,,,B01381957-I1,
085187,LEGION INVESTMENT GROUP,LEGION INVESTMENT GROUP,LEGION INVESTMENT GROUP,MANHATTAN,146 EAST   21 STREET,10001,New Building,2026-03-31T04:00:00.000Z,,,M00951038-S9,
107579,LESAGA HOLDINGS-673 9 AVENUE,LESAGA HOLDINGS-673 9 AVENUE,LESAGA HOLDINGS-673 9 AVENUE,MANHATTAN,673 9 AVENUE,11373,Alteration,2026-03-20T04:00:00.000Z,,,M01374033-I1,
089728,LEVERICH DESIGN STUDIO INC.,LEVERICH DESIGN STUDIO INC.,LEVERICH DESIGN STUDIO INC.,QUEENS,79-34 260 STREET,08816,Alteration,2026-03-29T04:00:00.000Z,,,Q01379129-S1,
033616,LEWIS 26 LLC,LEWIS 26 LLC,LEWIS 26 LLC,BROOKLYN,3510 GLENWOOD ROAD,11375,New Building,2026-03-19T04:00:00.000Z,,,B00676117-P9,
099501,LEXINGTON DESIGN NY INC,LEXINGTON DESIGN NY INC,LEXINGTON DESIGN NY INC,BROOKLYN,733 LINCOLN PLACE,11793,Alteration,2026-03-30T04:00:00.000Z,,,B00714569-P1,
090954,Lexington school for the Deaf,Lexington school for the Deaf,Lexington school for the Deaf,QUEENS,25-26 75 STREET,11423,Alteration,2026-03-25T04:00:00.000Z,,,Q01376084-I1,
049244,"LIBERTY ONE CONSTRUCTION, LLC","LIBERTY ONE CONSTRUCTION, LLC","LIBERTY ONE CONSTRUCTION, LLC",QUEENS,78-07 51 AVENUE,11358,Alteration,2026-03-31T04:00:00.000Z,,,Q01358437-I1,
035136,LILY LLC,LILY LLC,LILY LLC,BROOKLYN,315 ATLANTIC AVENUE,11357,Alteration CO,2026-03-31T04:00:00.000Z,,,B01120711-P4,
106078,Lincoln Property Company,Lincoln Property Company,Lincoln Property Company,MANHATTAN,670 BROADWAY,11106,Alteration,2026-04-13T04:00:00.000Z,,,M01378608-S3,
099501,LINCOLN RESIDENCE NY LLC,LINCOLN RESIDENCE NY LLC,LINCOLN RESIDENCE NY LLC,BRONX,852 EAST  176 STREET,11793,New Building,2026-03-31T04:00:00.000Z,,,X01220923-P3,
037330,LINCOLN ROAD HOME LLC,LINCOLN ROAD HOME LLC,LINCOLN ROAD HOME LLC,BROOKLYN,212 LINCOLN ROAD,11725,Alteration,2026-04-08T04:00:00.000Z,,,B01381139-S1,
043269,Lion Holdings 880 LLC,Lion Holdings 880 LLC,Lion Holdings 880 LLC,BROOKLYN,880 SETON PLACE,11204,New Building,2026-03-31T04:00:00.000Z,,,B01310062-P1,
083149,LION KING HOME IMPROVEMENT,LION KING HOME IMPROVEMENT,LION KING HOME IMPROVEMENT,QUEENS,14-10 136 STREET,11432,Alteration CO,2026-03-31T04:00:00.000Z,,,Q01380544-I1,
063241,LITTLE EL FASSI LLC,LITTLE EL FASSI LLC,LITTLE EL FASSI LLC,MANHATTAN,31 WEST   34 STREET,10001,Alteration,2026-04-07T04:00:00.000Z,,,M01356903-P1,
103173,LITTLE EL FASSI LLC,LITTLE EL FASSI LLC,LITTLE EL FASSI LLC,MANHATTAN,31 WEST   34 STREET,07676,Alteration,2026-03-27T04:00:00.000Z,,,M01344057-P1,
098295,LITTLE NECK COMMONS LL,LITTLE NECK COMMONS LL,LITTLE NECK COMMONS LL,QUEENS,43-19 BELL BOULEVARD,11354,Alteration CO,2026-04-04T04:00:00.000Z,,,Q00795113-P4,
095521,LIU AND JIANG 340 LLC,LIU AND JIANG 340 LLC,LIU AND JIANG 340 LLC,BROOKLYN,340 52 STREET,11220,Alteration,2026-03-23T04:00:00.000Z,,,B01373497-S1,
094686,LIVINGSTON MANAGEMENT SERVICES LLC,LIVINGSTON MANAGEMENT SERVICES LLC,LIVINGSTON MANAGEMENT SERVICES LLC,MANHATTAN,201 EAST    2 STREET,11363,Alteration,2026-04-13T04:00:00.000Z,,,M01381947-I1,
103418,LIVINGSTON MANAGEMENT SERVICES LLC,LIVINGSTON MANAGEMENT SERVICES LLC,LIVINGSTON MANAGEMENT SERVICES LLC,MANHATTAN,8 EAST   18 STREET,10312,Alteration,2026-03-28T04:00:00.000Z,,,M01374833-S1,
104671,LIVINGSTON MANAGEMENT SERVICES LLC,LIVINGSTON MANAGEMENT SERVICES LLC,LIVINGSTON MANAGEMENT SERVICES LLC,MANHATTAN,129 1 AVENUE,11568,Alteration,2026-04-06T04:00:00.000Z,,,M01383496-I1,
037383,LIZABETA TISNOVSKY,LIZABETA TISNOVSKY,LIZABETA TISNOVSKY,BROOKLYN,3010 BRIGHTON   14 STREET,11204,New Building,2026-03-25T04:00:00.000Z,,,B00901296-A5,
088689,LLDP REALTY CO,LLDP REALTY CO,LLDP REALTY CO,BROOKLYN,180 SMITH STREET,11427,Alteration,2026-03-25T04:00:00.000Z,,,B01373852-I1,
042131,LM DEVELOPMENTS,LM DEVELOPMENTS,LM DEVELOPMENTS,BROOKLYN,2258 FULTON STREET,11241,New Building,2026-03-31T04:00:00.000Z,,,B00635730-B5,
089538,LM DEVELOPMENTS,LM DEVELOPMENTS,LM DEVELOPMENTS,BROOKLYN,1864 FULTON STREET,11354,New Building,2026-03-27T04:00:00.000Z,,,B00696389-P5,
018684,LO-DO Corp,LO-DO Corp,LO-DO Corp,MANHATTAN,100 WEST  124 STREET,10468,Alteration,2026-03-30T04:00:00.000Z,CORNEL SILVERA,,M01065492-P3,
086301,LONG TAI LLC,LONG TAI LLC,LONG TAI LLC,QUEENS,6-10 REAR 129 STREET,11354,Full Demolition,2026-04-11T04:00:00.000Z,,,Q01385852-I1,
084226,LONGACRE SQUARE MANAGEMENT,LONGACRE SQUARE MANAGEMENT,LONGACRE SQUARE MANAGEMENT,MANHATTAN,1501 BROADWAY,10012,Alteration,2026-04-02T04:00:00.000Z,,,M01222846-P1,
086614,LONGACRE SQUARE MANAGEMENT,LONGACRE SQUARE MANAGEMENT,LONGACRE SQUARE MANAGEMENT,MANHATTAN,1501 BROADWAY,10036,Alteration,2026-04-12T04:00:00.000Z,,,M01014188-P1,
090287,LONGHORN CORP,LONGHORN CORP,LONGHORN CORP,MANHATTAN,1477 3 AVENUE,11101,New Building,2026-03-20T04:00:00.000Z,,,M08025206-Z6,
101280,LONGHORN CORP,LONGHORN CORP,LONGHORN CORP,BROOKLYN,757 FLATBUSH AVENUE,11101,New Building,2026-04-01T04:00:00.000Z,,,B00902739-S8,
045236,LOOP SPACE LLC,LOOP SPACE LLC,LOOP SPACE LLC,QUEENS,26-24 211 STREET,11354,Alteration CO,2026-04-02T04:00:00.000Z,,,Q01382280-I1,
041347,LORD SHIVAS PROPERTIES LLC,LORD SHIVAS PROPERTIES LLC,LORD SHIVAS PROPERTIES LLC,MANHATTAN,579 BROADWAY,10304,Alteration,2026-03-20T04:00:00.000Z,,,M01365500-I1,
037417,Lord's,Lord's,Lord's,MANHATTAN,506 LAGUARDIA PLACE,07055,Alteration,2026-03-26T04:00:00.000Z,,,M01377250-I1,
038743,LORJAN AGALLIU ARCHITECT PLLC,LORJAN AGALLIU ARCHITECT PLLC,LORJAN AGALLIU ARCHITECT PLLC,QUEENS,119-16 194 STREET,10032,Alteration,2026-03-25T04:00:00.000Z,,,Q01371253-I1,
093795,LOTUS 89 LLC,LOTUS 89 LLC,LOTUS 89 LLC,QUEENS,40-04 50 AVENUE,11021,Alteration,2026-03-27T04:00:00.000Z,N BECACCIO,,Q01373525-I1,
107579,Lou Yau Kee Broadway Inc,Lou Yau Kee Broadway Inc,Lou Yau Kee Broadway Inc,MANHATTAN,47 BROADWAY,11373,Alteration,2026-04-09T04:00:00.000Z,,,M01361452-P2,
100890,Lovett,Lovett,Lovett,MANHATTAN,73 WOOSTER STREET,08816,Alteration,2026-04-13T04:00:00.000Z,,,M01384105-I1,
101192,Lovett,Lovett,Lovett,MANHATTAN,73 WOOSTER STREET,10036,Alteration,2026-04-13T04:00:00.000Z,,,M01379673-I1,
095242,LOWER EAST SIDE COALITION HOUSING D,LOWER EAST SIDE COALITION HOUSING D,LOWER EAST SIDE COALITION HOUSING D,MANHATTAN,360 EAST    4 STREET,11530,Alteration,2026-03-24T04:00:00.000Z,,,M01374936-I1,
074696,LP PRESERVATION LLC,LP PRESERVATION LLC,LP PRESERVATION LLC,BROOKLYN,735 LINCOLN AVENUE,10018,Alteration,2026-04-14T04:00:00.000Z,,,B01084180-P3,
101128,LP PRESERVATION LLC,LP PRESERVATION LLC,LP PRESERVATION LLC,BROOKLYN,760 ELDERT LANE,11101,Alteration,2026-03-30T04:00:00.000Z,,,B01364020-I1,
095847,LSL SERVICES INC,LSL SERVICES INC,LSL SERVICES INC,BRONX,301 EAST  181 STREET,11747,Alteration,2026-03-26T04:00:00.000Z,,,X01194150-P1,
106250,LW CONTRACTING,LW CONTRACTING,LW CONTRACTING,STATEN ISLAND,571 FOREST AVENUE,11001,Alteration,2026-03-26T04:00:00.000Z,,,S01357350-I1,
110658,M & K Hospitality,M & K Hospitality,M & K Hospitality,MANHATTAN,20 WEST   29 STREET,10707,Alteration,2026-03-27T04:00:00.000Z,,,M01376540-I1,
040943,M.D. CARLISLE CONSTRUCTION CORP,M.D. CARLISLE CONSTRUCTION CORP,M.D. CARLISLE CONSTRUCTION CORP,MANHATTAN,611 BROADWAY,10016,Alteration,2026-03-27T04:00:00.000Z,,,M01364526-P1,
101192,M.N.C. GENERAL CONTR CORP,M.N.C. GENERAL CONTR CORP,M.N.C. GENERAL CONTR CORP,BROOKLYN,325 AVENUE U,10036,Alteration,2026-03-23T04:00:00.000Z,,,B01353803-P1,
081532,M&A PROJECTS RESTORATION INC.,M&A PROJECTS RESTORATION INC.,M&A PROJECTS RESTORATION INC.,QUEENS,86-56 SANCHO STREET,11222,Alteration,2026-03-27T04:00:00.000Z,,,Q00539481-I1,
067415,M1 Ventures,M1 Ventures,M1 Ventures,MANHATTAN,145 2 AVENUE,10025,Alteration,2026-03-20T04:00:00.000Z,,,M01331665-I1,
104862,M1 Ventures,M1 Ventures,M1 Ventures,MANHATTAN,166 1 AVENUE,10001,Alteration,2026-04-14T04:00:00.000Z,,,M01283486-P5,
041382,MACARTHUR MANAGEMENT CORP.,MACARTHUR MANAGEMENT CORP.,MACARTHUR MANAGEMENT CORP.,MANHATTAN,669 LEXINGTON AVENUE,11375,Alteration,2026-03-24T04:00:00.000Z,,,M01365557-I1,
047153,MACERICH,MACERICH,MACERICH,QUEENS,90-15 QUEENS BOULEVARD,11354,Alteration,2026-04-02T04:00:00.000Z,,,Q01307071-P1,
081403,MACERICH,MACERICH,MACERICH,QUEENS,90-15 QUEENS BOULEVARD,08512,Alteration,2026-04-09T04:00:00.000Z,,,Q01330223-I1,
085671,MACERICH,MACERICH,MACERICH,QUEENS,90-15 QUEENS BOULEVARD,43081,Alteration,2026-04-01T04:00:00.000Z,,,Q01131396-P3,
086064,MACERICH,MACERICH,MACERICH,QUEENS,90-15 QUEENS BOULEVARD,07719,Alteration,2026-04-06T04:00:00.000Z,,,Q01340908-S2,
088091,MACERICH,MACERICH,MACERICH,QUEENS,90-15 QUEENS BOULEVARD,08501,Alteration,2026-03-27T04:00:00.000Z,,,Q01340908-S1,
099363,MACERICH,MACERICH,MACERICH,QUEENS,90-15 QUEENS BOULEVARD,98005,Alteration,2026-04-02T04:00:00.000Z,,,Q01285204-P1,
097872,MACK EDGE MGMT LLC,MACK EDGE MGMT LLC,MACK EDGE MGMT LLC,MANHATTAN,223 WEST   14 STREET,11232,Alteration,2026-04-07T04:00:00.000Z,,,M01379460-I1,
042623,MACY'S,MACY'S,MACY'S,QUEENS,136-50 ROOSEVELT AVENUE,10013,Alteration,2026-04-14T04:00:00.000Z,,,Q01352816-I1,
025075,MACY'S INC. & BLOOMINGDALE'S INC.,MACY'S INC. & BLOOMINGDALE'S INC.,MACY'S INC. & BLOOMINGDALE'S INC.,MANHATTAN,1000 3 AVENUE,07306,Alteration,2026-04-08T04:00:00.000Z,ALEXANDER ASTUDILLO,,M01376380-I1,
081054,MACY'S INC. & BLOOMINGDALE'S INC.,MACY'S INC. & BLOOMINGDALE'S INC.,MACY'S INC. & BLOOMINGDALE'S INC.,MANHATTAN,1000 3 AVENUE,10018,Alteration,2026-04-09T04:00:00.000Z,,,M01376380-S1,
018855,"MADIGAN DEVELOPMENT, LLC","MADIGAN DEVELOPMENT, LLC","MADIGAN DEVELOPMENT, LLC",MANHATTAN,145 WEST   57 STREET,10001,Alteration,2026-03-31T04:00:00.000Z,SYDNEY BENNETT,,M01367362-I1,
073548,"MADIGAN DEVELOPMENT, LLC","MADIGAN DEVELOPMENT, LLC","MADIGAN DEVELOPMENT, LLC",MANHATTAN,145 WEST   57 STREET,10018,Alteration CO,2026-03-28T04:00:00.000Z,,,M01335590-S2,
075700,MADINIA REALTY CORP,MADINIA REALTY CORP,MADINIA REALTY CORP,MANHATTAN,48 WEST   46 STREET,08628,Alteration,2026-04-02T04:00:00.000Z,,,M01278040-I1,
062815,Madison Apothecary,Madison Apothecary,Madison Apothecary,MANHATTAN,1114 MADISON AVENUE,11364,Alteration,2026-04-01T04:00:00.000Z,,,M01357098-S1,
091112,MADISON CAPITAL,MADISON CAPITAL,MADISON CAPITAL,MANHATTAN,12 CROSBY STREET,10018,Alteration,2026-04-03T04:00:00.000Z,,,M01372029-S1,
099501,MADISON TOWER LLC,MADISON TOWER LLC,MADISON TOWER LLC,BRONX,508 BOLTON AVENUE,11793,New Building,2026-04-10T04:00:00.000Z,,,X01339801-S3,
035550,MAE EQUITIES INC,MAE EQUITIES INC,MAE EQUITIES INC,BROOKLYN,182 NORMAN AVENUE,07652,Alteration,2026-04-10T04:00:00.000Z,,,B00959422-P2,
042213,MAG PARTNERS,MAG PARTNERS,MAG PARTNERS,MANHATTAN,335 8 AVENUE,10001,Alteration,2026-03-26T04:00:00.000Z,,,M01374009-I1,
087114,MAG PARTNERS,MAG PARTNERS,MAG PARTNERS,MANHATTAN,300 EAST   50 STREET,10005,New Building,2026-04-02T04:00:00.000Z,,,M00611352-A9,
090310,MAG PARTNERS,MAG PARTNERS,MAG PARTNERS,MANHATTAN,300 EAST   50 STREET,10041,Alteration,2026-04-01T04:00:00.000Z,,,M01369151-S1,
107124,MAGEN DAVID YESHIVA,MAGEN DAVID YESHIVA,MAGEN DAVID YESHIVA,BROOKLYN,1889 MC DONALD AVENUE,07073,Alteration,2026-04-01T04:00:00.000Z,,,B01380984-I1,
016592,MAGNOLIA BAKERY,MAGNOLIA BAKERY,MAGNOLIA BAKERY,MANHATTAN,200 COLUMBUS AVENUE,10018,Alteration,2026-04-10T04:00:00.000Z,,,M01359178-I1,
083057,MAGNUM REAL ESTATE GROUP,MAGNUM REAL ESTATE GROUP,MAGNUM REAL ESTATE GROUP,MANHATTAN,815 BROADWAY,11235,Alteration,2026-04-08T04:00:00.000Z,ANDREW WOLKE  II,,M00601892-P4,
086301,MALBA PROPERTY LLC,MALBA PROPERTY LLC,MALBA PROPERTY LLC,QUEENS,13-03 MALBA DRIVE,11354,ALT-CO - New Building with Existing Elements to Remain,2026-03-26T04:00:00.000Z,,,Q01223895-P1,
033652,MALIK MANAGEMENT,MALIK MANAGEMENT,MALIK MANAGEMENT,BROOKLYN,704 3 AVENUE,77539,Alteration CO,2026-03-23T04:00:00.000Z,,,B01344852-I1,
068605,Malissa Lischin,Malissa Lischin,Malissa Lischin,BROOKLYN,457 SACKETT STREET,08879,Alteration CO,2026-04-14T04:00:00.000Z,,,B01172122-P2,
033652,Managing Comp DDR,Managing Comp DDR,Managing Comp DDR,BROOKLYN,10414 FLATLAND AVENUE,77539,Alteration,2026-03-25T04:00:00.000Z,,,B01360503-I1,
102703,MANAGMENT,MANAGMENT,MANAGMENT,BROOKLYN,127 DITMAS AVENUE,54915,Alteration,2026-04-14T04:00:00.000Z,,,B01378758-I1,
091728,MANHATTAN CHURCH OF CHRIST,MANHATTAN CHURCH OF CHRIST,MANHATTAN CHURCH OF CHRIST,MANHATTAN,48 EAST   80 STREET,11577,Alteration,2026-03-28T04:00:00.000Z,,,M01379781-S1,
085187,MANHATTAN MANAGMENT REALT,MANHATTAN MANAGMENT REALT,MANHATTAN MANAGMENT REALT,MANHATTAN,1800 PARK AVENUE,10001,New Building,2026-03-29T04:00:00.000Z,,,M01338604-S4,
104675,MANHATTAN MANAGMENT REALT,MANHATTAN MANAGMENT REALT,MANHATTAN MANAGMENT REALT,BROOKLYN,23A VERNON AVENUE,11432,ALT-CO - New Building with Existing Elements to Remain,2026-03-30T04:00:00.000Z,,,B01371020-I1,
077896,MANHATTAN SKYLINE MANAGEMENT CORP,MANHATTAN SKYLINE MANAGEMENT CORP,MANHATTAN SKYLINE MANAGEMENT CORP,MANHATTAN,127 EAST   34 STREET,11375,Alteration,2026-04-14T04:00:00.000Z,,,M01380137-I1,
095847,MANIM AG,MANIM AG,MANIM AG,MANHATTAN,38 EAST    1 STREET,11747,Alteration,2026-03-19T04:00:00.000Z,,,M01305565-I1,
102420,Marco Gani Realty Corp,Marco Gani Realty Corp,Marco Gani Realty Corp,BROOKLYN,621 BRIGHTON BEACH AVENUE,11354,Alteration,2026-04-07T04:00:00.000Z,,,B01320062-P2,
085895,MARK RODER,MARK RODER,MARK RODER,MANHATTAN,245 EAST   54 STREET,11355,Alteration,2026-03-31T04:00:00.000Z,,,M01373210-I1,
038964,MAROB MANAGEMENT CORP,MAROB MANAGEMENT CORP,MAROB MANAGEMENT CORP,MANHATTAN,156 CHAMBERS STREET,10018,Alteration CO,2026-03-27T04:00:00.000Z,,,M01143496-P4,
060234,"MARRIA LLC, MATTA LLC, METTIS LLC","MARRIA LLC, MATTA LLC, METTIS LLC","MARRIA LLC, MATTA LLC, METTIS LLC",BROOKLYN,88 HAVEMEYER STREET,11101,New Building,2026-04-13T04:00:00.000Z,,,B01334385-S6,
093795,Marx Et Al,Marx Et Al,Marx Et Al,BROOKLYN,181 HURON STREET,11021,Alteration,2026-03-27T04:00:00.000Z,N BECACCIO,,B01379289-I1,
071143,MARX REALTY,MARX REALTY,MARX REALTY,MANHATTAN,155 EAST   44 STREET,10036,Alteration,2026-04-09T04:00:00.000Z,,,M01353782-I1,
105810,Mary's Fish Camp,Mary's Fish Camp,Mary's Fish Camp,MANHATTAN,626 HUDSON STREET,11355,Alteration,2026-04-09T04:00:00.000Z,,,M01380996-I1,
077062,MASJID AL WADOOD INC,MASJID AL WADOOD INC,MASJID AL WADOOD INC,STATEN ISLAND,2520 VICTORY BOULEVARD,10304,Alteration CO,2026-04-09T04:00:00.000Z,,,S00860491-P7,
085500,MASSOUD JADIDIAN,MASSOUD JADIDIAN,MASSOUD JADIDIAN,QUEENS,43-35 57 STREET,07730,New Building,2026-03-25T04:00:00.000Z,,,Q01334547-S4,
095847,MATEL REALTY LLC,MATEL REALTY LLC,MATEL REALTY LLC,MANHATTAN,341 EAST   19 STREET,11747,Alteration,2026-04-02T04:00:00.000Z,,,M01331730-P1,
040865,MAVERICK MANAGEMENT CORP.,MAVERICK MANAGEMENT CORP.,MAVERICK MANAGEMENT CORP.,QUEENS,165-25 JAMAICA AVENUE,02169,Alteration,2026-03-23T04:00:00.000Z,,,Q01370529-I1,
084032,MAVERICK MANAGEMENT CORP.,MAVERICK MANAGEMENT CORP.,MAVERICK MANAGEMENT CORP.,QUEENS,165-25 JAMAICA AVENUE,10036,Alteration,2026-04-01T04:00:00.000Z,,,Q01370529-S4,
076453,MAXWELL KATES,MAXWELL KATES,MAXWELL KATES,MANHATTAN,652 HUDSON STREET,11001,Alteration,2026-04-08T04:00:00.000Z,,,M01255283-S2,
076213,"MAXWELL-KATES, INC.","MAXWELL-KATES, INC.","MAXWELL-KATES, INC.",BROOKLYN,140 8 AVENUE,11572,Alteration,2026-03-31T04:00:00.000Z,,,B01238049-P1,
070906,MAXWELLKATES,MAXWELLKATES,MAXWELLKATES,BROOKLYN,37 BRIDGE STREET,06905,Alteration,2026-04-06T04:00:00.000Z,,,B01381810-I1,
073324,MAXWELLKATES,MAXWELLKATES,MAXWELLKATES,MANHATTAN,67 PARK AVENUE,07730,Alteration,2026-04-02T04:00:00.000Z,,,M01010491-P2,
032265,MCB-OV C21 Property Owner LLC,MCB-OV C21 Property Owner LLC,MCB-OV C21 Property Owner LLC,BROOKLYN,436 86 STREET,10010,ALT-CO - New Building with Existing Elements to Remain,2026-03-24T04:00:00.000Z,,,B01358109-I1,
085877,MCB-OV C21 Property Owner LLC,MCB-OV C21 Property Owner LLC,MCB-OV C21 Property Owner LLC,BROOKLYN,436 86 STREET,10041,ALT-CO - New Building with Existing Elements to Remain,2026-03-24T04:00:00.000Z,,,B01358109-S4,
090310,MCB-OV C21 Property Owner LLC,MCB-OV C21 Property Owner LLC,MCB-OV C21 Property Owner LLC,BROOKLYN,436 86 STREET,10041,ALT-CO - New Building with Existing Elements to Remain,2026-03-24T04:00:00.000Z,,,B01358109-S5,
105115,Meadowlark Gardens Corp,Meadowlark Gardens Corp,Meadowlark Gardens Corp,QUEENS,196-26 67 AVENUE,07011,Alteration,2026-03-27T04:00:00.000Z,,,Q01368536-I1,
018963,Meals on Wheels of Staten Island,Meals on Wheels of Staten Island,Meals on Wheels of Staten Island,STATEN ISLAND,2645 FOREST AVENUE,10306,Alteration CO,2026-03-27T04:00:00.000Z,ROBERT SHAPIRO,,S01375034-I1,
084697,Meals on Wheels of Staten Island,Meals on Wheels of Staten Island,Meals on Wheels of Staten Island,STATEN ISLAND,2645 FOREST AVENUE,07456,Alteration CO,2026-03-27T04:00:00.000Z,,,S01375034-S1,
099343,MEDICAL OFFICES OF MANHATTAN PLLC,MEDICAL OFFICES OF MANHATTAN PLLC,MEDICAL OFFICES OF MANHATTAN PLLC,MANHATTAN,254 PARK AVENUE SOUTH,11530,Alteration,2026-04-02T04:00:00.000Z,,,M01279376-S3,
084224,MEIYUN CHEN,MEIYUN CHEN,MEIYUN CHEN,QUEENS,42-30 162 STREET,11365,Alteration,2026-04-14T04:00:00.000Z,,,Q01386985-I1,
085006,Memorial Sloan Kettering,Memorial Sloan Kettering,Memorial Sloan Kettering,MANHATTAN,1275 YORK AVENUE,10005,Alteration,2026-03-20T04:00:00.000Z,VINCENT RATTY,,M01113609-P3,
095911,MENDEL GUTTMAN,MENDEL GUTTMAN,MENDEL GUTTMAN,MANHATTAN,35 ESSEX STREET,11356,Alteration,2026-03-24T04:00:00.000Z,,,M01347968-I1,
099501,Mercer Co.,Mercer Co.,Mercer Co.,BRONX,554 EAST  191 STREET,11793,New Building,2026-03-26T04:00:00.000Z,,,X01353046-S4,
102862,Mercer Co.,Mercer Co.,Mercer Co.,BRONX,554 EAST  191 STREET,11374,New Building,2026-03-27T04:00:00.000Z,,,X01353046-S6,
064699,"MERCHANTS PROPERTIES, INC.","MERCHANTS PROPERTIES, INC.","MERCHANTS PROPERTIES, INC.",MANHATTAN,222 BOWERY,07734,Alteration,2026-04-13T04:00:00.000Z,,,M01267103-I1,
097833,MERIDIAN CONSTRUCTION GROUP INC,MERIDIAN CONSTRUCTION GROUP INC,MERIDIAN CONSTRUCTION GROUP INC,MANHATTAN,135 EAST   57 STREET,11419,Alteration,2026-03-31T04:00:00.000Z,,,M01300421-P2,
017735,Meringoff Properties,Meringoff Properties,Meringoff Properties,MANHATTAN,460 BROADWAY,07974,Alteration,2026-03-25T04:00:00.000Z,THOMAS MANGIOLOMINI,,M01364549-I1,
087665,Meringoff Properties,Meringoff Properties,Meringoff Properties,MANHATTAN,460 BROADWAY,08831,Alteration,2026-03-25T04:00:00.000Z,,,M01364549-S2,
040451,Meserole Lorimer Realty LLC,Meserole Lorimer Realty LLC,Meserole Lorimer Realty LLC,BROOKLYN,64 MESEROLE STREET,11205,New Building,2026-03-30T04:00:00.000Z,,,B01350570-S8,
085187,Meserole Lorimer Realty LLC,Meserole Lorimer Realty LLC,Meserole Lorimer Realty LLC,BROOKLYN,64 MESEROLE STREET,10001,New Building,2026-03-20T04:00:00.000Z,,,B01350570-S4,
104807,MET COUNCIL,MET COUNCIL,MET COUNCIL,MANHATTAN,141 EAST   23 STREET,07070,Alteration,2026-03-23T04:00:00.000Z,,,M01370752-I1,
035880,Met Tower Owner LLC,Met Tower Owner LLC,Met Tower Owner LLC,MANHATTAN,142 WEST   57 STREET,10013,Alteration,2026-03-25T04:00:00.000Z,,,M01349035-I1,
044266,"METRO 71, LLC DBA THE GYRO PROJECT","METRO 71, LLC DBA THE GYRO PROJECT","METRO 71, LLC DBA THE GYRO PROJECT",MANHATTAN,485 10 AVENUE,10018,Alteration,2026-03-24T04:00:00.000Z,,,M01245552-P1,
042821,METRO FRANCHISING COMMISSARY LLC,METRO FRANCHISING COMMISSARY LLC,METRO FRANCHISING COMMISSARY LLC,QUEENS,107-21 71 AVENUE,07110,Alteration,2026-03-26T04:00:00.000Z,,,Q01377134-I1,
107579,METRO FRANCHISING COMMISSARY LLC,METRO FRANCHISING COMMISSARY LLC,METRO FRANCHISING COMMISSARY LLC,QUEENS,84-13 JAMAICA AVENUE,11373,Alteration,2026-04-14T04:00:00.000Z,,,Q01386327-I1,
045621,METRO HOUSE II,METRO HOUSE II,METRO HOUSE II,BROOKLYN,387 BUSHWICK AVENUE,08701,New Building,2026-03-29T04:00:00.000Z,,,B01379437-I1,
074163,METRO HOUSE II,METRO HOUSE II,METRO HOUSE II,BROOKLYN,365 FLATBUSH AVENUE,10310,Alteration,2026-04-09T04:00:00.000Z,,,B01354747-S3,
099501,METRO HOUSE II,METRO HOUSE II,METRO HOUSE II,BROOKLYN,343 HIMROD STREET,11793,New Building,2026-03-20T04:00:00.000Z,,,B01170890-P8,
097321,METRO MANAGEMENT,METRO MANAGEMENT,METRO MANAGEMENT,BROOKLYN,25 PLAZA STREET WEST,11358,Alteration,2026-03-26T04:00:00.000Z,,,B01269935-I1,
019712,METROPOLITAN REALTY ASSOCIATES LLC,METROPOLITAN REALTY ASSOCIATES LLC,METROPOLITAN REALTY ASSOCIATES LLC,QUEENS,47-35 34 STREET,10018,Alteration,2026-03-27T04:00:00.000Z,SEAN SULLIVAN,,Q01377153-I1,
063672,METROPOLITAN REALTY ASSOCIATES LLC,METROPOLITAN REALTY ASSOCIATES LLC,METROPOLITAN REALTY ASSOCIATES LLC,QUEENS,47-35 34 STREET,10017,Alteration CO,2026-03-27T04:00:00.000Z,,,Q01377080-S4,
066709,METROPOLITAN REALTY ASSOCIATES LLC,METROPOLITAN REALTY ASSOCIATES LLC,METROPOLITAN REALTY ASSOCIATES LLC,QUEENS,47-35 34 STREET,10001,Alteration,2026-03-27T04:00:00.000Z,,,Q01377188-I1,
084173,MFA 527 MADISON LLC,MFA 527 MADISON LLC,MFA 527 MADISON LLC,MANHATTAN,527 MADISON AVENUE,06877,Alteration,2026-04-02T04:00:00.000Z,,,M01371344-S1,
074657,MGRE,MGRE,MGRE,BROOKLYN,230 FLATBUSH AVENUE,10018,Alteration,2026-03-25T04:00:00.000Z,,,B01363924-S1,
081350,MHANY MANAGEMENT INC.,MHANY MANAGEMENT INC.,MHANY MANAGEMENT INC.,BROOKLYN,739 BLAKE AVENUE,07928,Alteration,2026-04-09T04:00:00.000Z,,,B01330638-P1,
084333,MHANY MANAGEMENT INC.,MHANY MANAGEMENT INC.,MHANY MANAGEMENT INC.,BROOKLYN,2323 NEWKIRK AVENUE,11370,Alteration,2026-03-26T04:00:00.000Z,,,B01375351-I1,
101192,MHANY MANAGEMENT INC.,MHANY MANAGEMENT INC.,MHANY MANAGEMENT INC.,BROOKLYN,2358 PITKIN AVENUE,10036,Alteration,2026-04-07T04:00:00.000Z,,,B01297062-P1,
073779,MHR LALIA CONSTRUCTION CORP,MHR LALIA CONSTRUCTION CORP,MHR LALIA CONSTRUCTION CORP,QUEENS,177-28 145 AVENUE,11419,New Building,2026-03-30T04:00:00.000Z,,,Q00477605-P2,
079934,MICKWILLI,MICKWILLI,MICKWILLI,BROOKLYN,450 BERGEN STREET,11743,Alteration,2026-03-24T04:00:00.000Z,,,B01150803-P2,
095847,MIDDLETON'S EARLY LEARNING CENTER,MIDDLETON'S EARLY LEARNING CENTER,MIDDLETON'S EARLY LEARNING CENTER,QUEENS,226-02 MERRICK BOULEVARD,11747,Alteration,2026-03-20T04:00:00.000Z,,,Q01329504-I1,
033196,MIDWOOD INVESTMENT & DEVELOPMENT,MIDWOOD INVESTMENT & DEVELOPMENT,MIDWOOD INVESTMENT & DEVELOPMENT,BROOKLYN,200 DOUGLASS STREET,10018,New Building,2026-04-14T04:00:00.000Z,,,B00621504-P3,
093183,MIDWOOD MANAGEMENT,MIDWOOD MANAGEMENT,MIDWOOD MANAGEMENT,QUEENS,37-30 74 STREET,10017,Alteration,2026-03-25T04:00:00.000Z,,,Q01351818-I1,
086583,Milea Associates,Milea Associates,Milea Associates,BROOKLYN,166 SECOND AVENUE,11377,Alteration,2026-04-14T04:00:00.000Z,,,B01382647-I1,
071143,MILFORD MANAGEMENT,MILFORD MANAGEMENT,MILFORD MANAGEMENT,MANHATTAN,22 VANDERBILT AVENUE,10036,Alteration,2026-04-06T04:00:00.000Z,,,M01281785-P3,
090879,MILFORD MANAGEMENT,MILFORD MANAGEMENT,MILFORD MANAGEMENT,MANHATTAN,200 EAST   65 STREET,10271,Alteration,2026-03-26T04:00:00.000Z,,,M01374537-I1,
064829,"MILLTEX DISTRIBUTORS,C/O WIDGEON MT","MILLTEX DISTRIBUTORS,C/O WIDGEON MT","MILLTEX DISTRIBUTORS,C/O WIDGEON MT",MANHATTAN,70 WEST   40 STREET,10018,Alteration,2026-04-02T04:00:00.000Z,,,M01213263-P1,
015046,MILTAN MANAGEMENT CORP.,MILTAN MANAGEMENT CORP.,MILTAN MANAGEMENT CORP.,MANHATTAN,255 WEST   21 STREET,11563,Alteration,2026-04-09T04:00:00.000Z,,,M01376740-I1,
014928,Milton Derienzo CPA,Milton Derienzo CPA,Milton Derienzo CPA,QUEENS,92-21 52 AVENUE,10983,Alteration,2026-04-06T04:00:00.000Z,SIMEON MCALEER,,Q01382249-I1,
046654,MINERVA,MINERVA,MINERVA,BROOKLYN,391 DOUGLASS STREET,10469,Alteration CO,2026-03-27T04:00:00.000Z,,,B01343848-S1,
107961,MIRIMAR MANAGEMENT CORP,MIRIMAR MANAGEMENT CORP,MIRIMAR MANAGEMENT CORP,MANHATTAN,4127 BROADWAY,11355,Alteration,2026-03-30T04:00:00.000Z,,,M01246191-S1,
089587,Miro Real Estate,Miro Real Estate,Miro Real Estate,MANHATTAN,400 EAST   54 STREET,11207,Alteration,2026-03-25T04:00:00.000Z,,,M01372527-I1,
061890,"MISRA GROUP, LLC","MISRA GROUP, LLC","MISRA GROUP, LLC",MANHATTAN,512 WEST  169 STREET,07033,New Building,2026-04-13T04:00:00.000Z,,,M01304775-S7,
091145,"MISRA GROUP, LLC","MISRA GROUP, LLC","MISRA GROUP, LLC",MANHATTAN,512 WEST  169 STREET,11201,New Building,2026-04-06T04:00:00.000Z,,,M01304775-S6,
081019,MK IMPROVEMENT GROUP,MK IMPROVEMENT GROUP,MK IMPROVEMENT GROUP,BROOKLYN,160 2 AVENUE,11219,New Building,2026-03-30T04:00:00.000Z,,,B08003875-S5,
108777,MK IMPROVEMENT GROUP,MK IMPROVEMENT GROUP,MK IMPROVEMENT GROUP,QUEENS,27-18 NEWTOWN AVENUE,11801,ALT-CO - New Building with Existing Elements to Remain,2026-04-08T04:00:00.000Z,,,Q01364944-I1,
094457,mk tech automobile services,mk tech automobile services,mk tech automobile services,BRONX,1785 JEROME AVENUE,10457,Alteration CO,2026-04-08T04:00:00.000Z,,,X01365808-I1,
097049,MMH CAPITAL LLC,MMH CAPITAL LLC,MMH CAPITAL LLC,MANHATTAN,203 EAST   71 STREET,06067,Alteration,2026-04-13T04:00:00.000Z,,,M07998593-P2,
097665,MNB Developers,MNB Developers,MNB Developers,BROOKLYN,227 WYCKOFF STREET,10469,Alteration,2026-03-24T04:00:00.000Z,,,B01376332-I1,
101262,MNB Developers,MNB Developers,MNB Developers,BROOKLYN,3324 AVENUE N,11228,ALT-CO - New Building with Existing Elements to Remain,2026-03-19T04:00:00.000Z,,,B01349683-S1,
092960,MODERN DESIGN,MODERN DESIGN,MODERN DESIGN,BROOKLYN,1445 EAST  105 STREET,08831,Alteration,2026-04-11T04:00:00.000Z,,,B01360244-S2,
074129,MODERN SMILES DENTAL CARE,MODERN SMILES DENTAL CARE,MODERN SMILES DENTAL CARE,BRONX,1418 WILLIAMSBRIDGE ROAD,11001,Alteration CO,2026-03-26T04:00:00.000Z,DANIEL MEGNA,,X01298860-P1,
073875,"MODEST ESTATES, LLC","MODEST ESTATES, LLC","MODEST ESTATES, LLC",BROOKLYN,1651 58 STREET,06457,New Building,2026-03-24T04:00:00.000Z,,,B00529427-P8,
078733,MOINIAN GROUP,MOINIAN GROUP,MOINIAN GROUP,MANHATTAN,605 WEST   42 STREET,55439,Alteration,2026-03-23T04:00:00.000Z,,,M01363928-S1,
094110,Moishe Gruber,Moishe Gruber,Moishe Gruber,STATEN ISLAND,79 OAKVILLE STREET,10462,Alteration,2026-03-20T04:00:00.000Z,,,S01370692-I1,
066503,MOKEN HOME IMPROVEMENT INC,MOKEN HOME IMPROVEMENT INC,MOKEN HOME IMPROVEMENT INC,QUEENS,137-40 LAURELTON PARKWAY,06114,Alteration,2026-04-11T04:00:00.000Z,,,Q01385626-I1,
097872,Monadnock Development,Monadnock Development,Monadnock Development,MANHATTAN,45 EAST  131 STREET,11232,Alteration,2026-03-25T04:00:00.000Z,,,M01309024-P1,
060272,MONADNOCK DEVELOPMENT,MONADNOCK DEVELOPMENT,MONADNOCK DEVELOPMENT,BROOKLYN,118 EAST   49 STREET,10606,Alteration,2026-04-08T04:00:00.000Z,,,B01355453-S3,
095119,MONADNOCK DEVELOPMENT,MONADNOCK DEVELOPMENT,MONADNOCK DEVELOPMENT,BROOKLYN,615 SCHNECTADY AVENUE,07904,Alteration,2026-04-09T04:00:00.000Z,,,B01373519-S3,
100529,"MONARCH REALTY HOLDINGS, LLC","MONARCH REALTY HOLDINGS, LLC","MONARCH REALTY HOLDINGS, LLC",MANHATTAN,156 EAST   85 STREET,10308,Alteration,2026-03-31T04:00:00.000Z,,,M01377738-I1,
032036,MONDAY MORNING MANAGEMENT,MONDAY MORNING MANAGEMENT,MONDAY MORNING MANAGEMENT,MANHATTAN,58 AVENUE A,10005,Alteration,2026-04-08T04:00:00.000Z,,,M00886122-P1,
093829,MONSIGNOR FARRELL HIGH SCHOOL,MONSIGNOR FARRELL HIGH SCHOOL,MONSIGNOR FARRELL HIGH SCHOOL,STATEN ISLAND,2840 AMBOY ROAD,11795,Full Demolition,2026-03-24T04:00:00.000Z,JOSEPH MC SHEA,,S01359921-I1,
063851,Montium,Montium,Montium,MANHATTAN,180 SPRING STREET,10001,Alteration CO,2026-03-31T04:00:00.000Z,,,M01197400-P1,
087878,Moonstone 4213 LLC,Moonstone 4213 LLC,Moonstone 4213 LLC,BROOKLYN,4405 8 AVENUE,10002,Alteration,2026-04-13T04:00:00.000Z,,,B01381738-I1,
032500,MORTAR GROUP,MORTAR GROUP,MORTAR GROUP,BROOKLYN,470 HUMBOLDT STREET,10019,ALT-CO - New Building with Existing Elements to Remain,2026-03-27T04:00:00.000Z,,,B01378680-I1,
093795,MORTAR GROUP,MORTAR GROUP,MORTAR GROUP,BROOKLYN,103 JORALEMON STREET,11021,Alteration CO,2026-03-24T04:00:00.000Z,N BECACCIO,,B01339087-S4,
041347,Motto by Hilton New York Times Squa,Motto by Hilton New York Times Squa,Motto by Hilton New York Times Squa,MANHATTAN,154 WEST   48 STREET,10304,Alteration,2026-03-24T04:00:00.000Z,,,M01371612-I1,
079187,MOUNT SINAI QUEENS,MOUNT SINAI QUEENS,MOUNT SINAI QUEENS,QUEENS,30-19 CRESCENT STREET,10007,Alteration,2026-03-23T04:00:00.000Z,,,Q01366550-S3,
093860,MOUNT SINAI QUEENS,MOUNT SINAI QUEENS,MOUNT SINAI QUEENS,QUEENS,30-19 CRESCENT STREET,10001,Alteration,2026-03-21T04:00:00.000Z,CHRISTOPHER FILOMIO,,Q01366550-S2,
036708,MPM 1853 LLC,MPM 1853 LLC,MPM 1853 LLC,QUEENS,18-53 DITMARS BOULEVARD,11375,Alteration,2026-04-06T04:00:00.000Z,,,Q00939367-P3,
090511,MPS REALTY GROUP CORP,MPS REALTY GROUP CORP,MPS REALTY GROUP CORP,BRONX,2735 CRESTON AVENUE,10803,Alteration,2026-04-02T04:00:00.000Z,,,X01382430-I1,
080772,Mr. Crunchy,Mr. Crunchy,Mr. Crunchy,BROOKLYN,221 IRVING AVENUE,11432,Alteration,2026-04-06T04:00:00.000Z,,,B01380920-S1,
083550,MR. OLU COLE,MR. OLU COLE,MR. OLU COLE,STATEN ISLAND,14 DOE PLACE,10309,New Building,2026-04-02T04:00:00.000Z,,,S00965093-S3,
106173,MS INVESTMENTS 3 LLC,MS INVESTMENTS 3 LLC,MS INVESTMENTS 3 LLC,BRONX,781 EAST  211 STREET,11367,Alteration CO,2026-03-31T04:00:00.000Z,,,X01099316-S3,
107592,MS INVESTMENTS 3 LLC,MS INVESTMENTS 3 LLC,MS INVESTMENTS 3 LLC,BRONX,1664 GRAND AVENUE,10016,Alteration CO,2026-03-26T04:00:00.000Z,,,X01297482-P3,
099501,MSH EQUITIES LLC,MSH EQUITIES LLC,MSH EQUITIES LLC,QUEENS,133-39 RUBY STREET,11793,New Building,2026-03-24T04:00:00.000Z,,,Q01317452-S6,
103696,MSH EQUITIES LLC,MSH EQUITIES LLC,MSH EQUITIES LLC,MANHATTAN,34 UNION SQUARE,10005,Full Demolition,2026-03-26T04:00:00.000Z,,,M01374181-I1,
100790,MSMC RESIDENTIAL REALTY LLC,MSMC RESIDENTIAL REALTY LLC,MSMC RESIDENTIAL REALTY LLC,MANHATTAN,1249 PARK AVENUE,10007,Alteration,2026-04-03T04:00:00.000Z,,,M01354318-P1,
017560,MSNP REALTY,MSNP REALTY,MSNP REALTY,BROOKLYN,367 85 STREET,10314,Alteration,2026-04-08T04:00:00.000Z,,,B01175585-P2,
035914,MTEK LLC,MTEK LLC,MTEK LLC,BROOKLYN,44 LEFFERTS PLACE,07010,Alteration CO,2026-04-09T04:00:00.000Z,,,B01168149-P9,
049458,MTEK LLC,MTEK LLC,MTEK LLC,BROOKLYN,596 LEONARD STREET,11358,ALT-CO - New Building with Existing Elements to Remain,2026-03-31T04:00:00.000Z,,,B01243372-S8,
097665,MTEK LLC,MTEK LLC,MTEK LLC,BROOKLYN,1185 EAST   94 STREET,10469,Alteration,2026-04-13T04:00:00.000Z,,,B01386289-I1,
107610,MTEK LLC,MTEK LLC,MTEK LLC,BROOKLYN,174 JEFFERSON STREET,11221,ALT-CO - New Building with Existing Elements to Remain,2026-03-24T04:00:00.000Z,,,B01213494-S7,
018020,MULROONEY LAW FIRM PLLC,MULROONEY LAW FIRM PLLC,MULROONEY LAW FIRM PLLC,MANHATTAN,2 EAST   78 STREET,10001,ALT-CO - New Building with Existing Elements to Remain,2026-03-27T04:00:00.000Z,ANTHONY LACHTARA,,M01378956-I1,
095460,MULROONEY LAW FIRM PLLC,MULROONEY LAW FIRM PLLC,MULROONEY LAW FIRM PLLC,MANHATTAN,2 EAST   78 STREET,07920,ALT-CO - New Building with Existing Elements to Remain,2026-03-28T04:00:00.000Z,,,M01378956-S4,
080350,MYRTLE DEVELOPMENT LLC,MYRTLE DEVELOPMENT LLC,MYRTLE DEVELOPMENT LLC,QUEENS,243-61 MAYDA ROAD,11435,Alteration,2026-04-01T04:00:00.000Z,,,Q01381155-I1,
044862,Mythily NYC LLC,Mythily NYC LLC,Mythily NYC LLC,BROOKLYN,129 HAVEMEYER STREET,11372,Alteration,2026-03-19T04:00:00.000Z,,,B01373451-I1,
074142,Mythily NYC LLC,Mythily NYC LLC,Mythily NYC LLC,BROOKLYN,129 HAVEMEYER STREET,11101,Alteration,2026-04-06T04:00:00.000Z,,,B01363662-S2,
085125,n-a,n-a,n-a,BROOKLYN,506 OCEAN VIEW AVENUE,11235,Alteration,2026-04-06T04:00:00.000Z,WILLIAM HOMENUK,,B01382555-I1,
017560,n/a,n/a,n/a,STATEN ISLAND,6 NEW LANE,10314,Alteration,2026-03-23T04:00:00.000Z,WILLIAM HOMENUK,,S01369956-I1,
019488,n/a,n/a,n/a,MANHATTAN,356 WEST   40 STREET,11754,Alteration,2026-04-04T04:00:00.000Z,THOMAS MCFARLAND,,M01334918-I1,
019517,n/a,n/a,n/a,BROOKLYN,1855 75 STREET,07676,Alteration,2026-04-06T04:00:00.000Z,NUNZIO CHIULLI,,B01365701-S1,
041191,n/a,n/a,n/a,BROOKLYN,396 SACKETT STREET,10007,Alteration,2026-04-07T04:00:00.000Z,WILLIAM HOMENUK,,B01214854-P3,
044324,n/a,n/a,n/a,BROOKLYN,1857 WEST   12 STREET,11223,Alteration,2026-04-13T04:00:00.000Z,WILLIAM HOMENUK,,B01327999-P2,
072458,n/a,n/a,n/a,BRONX,4224 ELY AVENUE,10801,Alteration,2026-04-08T04:00:00.000Z,WILLIAM HOMENUK,,X01368156-I1,
084951,n/a,n/a,n/a,QUEENS,167-38 145 AVENUE,06831-4915,Alteration,2026-04-08T04:00:00.000Z,WILLIAM HOMENUK,,Q01384310-I1,
086042,n/a,n/a,n/a,BROOKLYN,1020 NEW YORK AVENUE,11377,Alteration,2026-04-14T04:00:00.000Z,WILLIAM HOMENUK,,B01385981-I1,
103102,n/a,n/a,n/a,BROOKLYN,440 STATE STREET,11417,Alteration,2026-03-29T04:00:00.000Z,WILLIAM HOMENUK,,B01319803-S1,
042488,N/a,N/a,N/a,BROOKLYN,814 EAST    8 STREET,10952,Alteration,2026-04-13T04:00:00.000Z,WILLIAM HOMENUK,,B01377609-S1,
012458,N/A,N/A,Private Owner,BROOKLYN,762 WYTHE AVENUE,10801,No Work,2026-04-13T04:00:00.000Z,FERGUS PLUNKETT,,B01381246-I1,
013469,N/A,N/A,Private Owner,QUEENS,90-25 211 STREET,11103,Alteration,2026-04-11T04:00:00.000Z,JASON LA GREGA,,Q01384312-I1,
013469,N/A,N/A,N/A,QUEENS,50-43 192 STREET,11103,Alteration,2026-03-23T04:00:00.000Z,JASON LA GREGA,,Q01361022-I1,
013887,N/A,N/A,Private Owner,MANHATTAN,200 WEST   86 STREET,100255375,Alteration,2026-03-27T04:00:00.000Z,WILLIAM HOMENUK,,M01086206-P3,
014258,N/A,N/A,N/A,STATEN ISLAND,127 BARBARA STREET,10306,Alteration,2026-04-13T04:00:00.000Z,WILLIAM HOMENUK,,S01362222-S1,
014562,N/A,N/A,Private Owner,MANHATTAN,476 5 AVENUE,10018,No Work,2026-04-13T04:00:00.000Z,WILLIAM HOMENUK,,M01381145-I1,
015257,N/A,N/A,Private Owner,MANHATTAN,1535 BROADWAY,10001,No Work,2026-04-07T04:00:00.000Z,WILLIAM HOMENUK,,M01287859-I1,
015348,N/A,N/A,Private Owner,MANHATTAN,895 PARK AVENUE,10003,Alteration,2026-03-24T04:00:00.000Z,WILLIAM HOMENUK,,M01257682-P1,
015598,N/A,N/A,Private Owner,MANHATTAN,340 EAST   64 STREET,10003,Alteration,2026-03-20T04:00:00.000Z,ALVIN ALVAREZ,,M01337388-S1,
015619,N/A,N/A,Private Owner,MANHATTAN,1120 5 AVENUE,10010,Alteration,2026-04-10T04:00:00.000Z,JOHN GIBSON,,M01253883-P2,
015980,N/A,N/A,Private Owner,MANHATTAN,770 PARK AVENUE,10018,Alteration,2026-04-14T04:00:00.000Z,JOSEPH MEEHAN,,M01382749-I1,
016083,N/A,N/A,Private Owner,MANHATTAN,1175 3 AVENUE,10603,Alteration,2026-04-08T04:00:00.000Z,WILLIAM HOMENUK,,M01175209-P1,
016362,N/A,N/A,Private Owner,MANHATTAN,30 WARREN STREET,11231,Alteration CO,2026-03-25T04:00:00.000Z,WILLIAM HOMENUK,,M01356071-I1,
016393,N/A,N/A,Private Owner,BRONX,4738 RICHARDSON AVENUE,10803,New Building,2026-04-10T04:00:00.000Z,WILLIAM HOMENUK,,X01083463-P2,
016577,N/A,N/A,Private Owner,MANHATTAN,681 8 AVENUE,10012,No Work,2026-04-14T04:00:00.000Z,JERRY BARNETT,,M01377915-I1,
016682,N/A,N/A,Private Owner,MANHATTAN,20 EAST    9 STREET,10128,Alteration,2026-04-13T04:00:00.000Z,WILLIAM HOMENUK,,M01144621-P1,
016965,N/A,N/A,Private Owner,MANHATTAN,1100 6 AVENUE,10005,No Work,2026-04-08T04:00:00.000Z,WILLIAM HOMENUK,,M01382187-I1,
017092,N/A,N/A,Private Owner,MANHATTAN,325 WEST   16 STREET,10001,Alteration,2026-04-10T04:00:00.000Z,JOHN SHERIDAN,,M01377259-I1,
017196,N/A,N/A,Private Owner,MANHATTAN,54 RIVERSIDE DRIVE,10011,Alteration,2026-03-30T04:00:00.000Z,ANTHONY CLARKE,,M01364246-I1,
017489,N/A,N/A,Private Owner,QUEENS,40-43 97 STREET,10044,Alteration,2026-03-26T04:00:00.000Z,FRED BARNES,,Q01373709-I1,
017560,N/A,N/A,Private Owner,STATEN ISLAND,25 POTTER AVENUE,10314,Alteration,2026-04-06T04:00:00.000Z,WILLIAM HOMENUK,,S01214784-S1,
017578,N/A,N/A,Private Owner,MANHATTAN,610 FIFTH AVENUE,10150,No Work,2026-04-14T04:00:00.000Z,NORMAN SORG,,M01381727-I1,
017683,N/A,N/A,Private Owner,MANHATTAN,220 5 AVENUE,10018,No Work,2026-04-09T04:00:00.000Z,MICHAEL FALCI,,M01378771-I1,
017742,N/A,N/A,Private Owner,MANHATTAN,59 WEST   12 STREET,10007,Alteration,2026-03-25T04:00:00.000Z,JOSEPH SAN GIORGIO,,M01368710-I1,
018085,N/A,N/A,Private Owner,MANHATTAN,401 EAST   11 STREET,10801,No Work,2026-04-06T04:00:00.000Z,WILLIAM HOMENUK,,M01383390-I1,
018369,N/A,N/A,Private Owner,MANHATTAN,251 WEST   34 STREET,10001,No Work,2026-04-09T04:00:00.000Z,RICHARD ROBBEN,,M01374094-I1,
018525,N/A,N/A,Private Owner,BROOKLYN,1619 86 STREET,11219,No Work,2026-03-31T04:00:00.000Z,JOHN WALSH,,B01250763-I1,
018684,N/A,N/A,Private Owner,BROOKLYN,3916 5 AVENUE,10468,Alteration,2026-03-31T04:00:00.000Z,CORNEL SILVERA,,B01216357-P1,
018876,N/A,N/A,Private Owner,MANHATTAN,643 PARK AVENUE,11021,No Work,2026-04-09T04:00:00.000Z,KEVIN SCOTT,,M01383932-I1,
018942,N/A,N/A,Private Owner,MANHATTAN,468 WEST BROADWAY,10001,Alteration,2026-03-27T04:00:00.000Z,ROBERT BERG,,M01335052-I1,
018963,N/A,N/A,Private Owner,STATEN ISLAND,342 SLEIGHT AVENUE,10306,Alteration CO,2026-04-10T04:00:00.000Z,ROBERT SHAPIRO,,S01157907-P1,
019236,N/A,N/A,Private Owner,MANHATTAN,3 EAST   77 STREET,10016,Alteration,2026-04-06T04:00:00.000Z,MICHAEL KROKEL,,M01370309-I1,
019506,N/A,N/A,Private Owner,BRONX,101 EAST 150 STREET,10007,No Work,2026-04-09T04:00:00.000Z,ANTHONY PELUSO,,X00929683-P1,
019540,N/A,N/A,Private Owner,MANHATTAN,215 EAST   45 STREET,10018,No Work,2026-03-24T04:00:00.000Z,0ICHAEL HALLORAN,,M01375526-I1,
019577,N/A,N/A,Private Owner,QUEENS,5-25 47 ROAD,10012,Alteration,2026-03-19T04:00:00.000Z,VINCENT GENNARO,,Q01355969-I1,
019628,N/A,N/A,Private Owner,MANHATTAN,601 LEXINGTON AVENUE,10018,No Work,2026-04-01T04:00:00.000Z,SCOTT SHUFFLEBOTHAM,,M01355501-I1,
019756,N/A,N/A,Private Owner,BROOKLYN,111 HICKS STREET,10304,Alteration,2026-03-19T04:00:00.000Z,TERRANCE BARNWELL,,B01358320-S1,
019947,N/A,N/A,Private Owner,MANHATTAN,25 BOND STREET,10013,Alteration,2026-04-02T04:00:00.000Z,ALFONSO MARTINO,,M01376392-I1,
024564,N/A,N/A,Private Owner,MANHATTAN,49 WEST   24 STREET,11021,Alteration,2026-04-13T04:00:00.000Z,WILLIAM HOMENUK,,M01244583-P1,
025298,N/A,N/A,Private Owner,BROOKLYN,203 JAY STREET,10017,No Work,2026-03-19T04:00:00.000Z,SHAO-CHIEH LIN,,B01331669-I1,
026839,N/A,N/A,Private Owner,MANHATTAN,50 EAST   89 STREET,12561,Alteration,2026-04-09T04:00:00.000Z,NICHOLAS MANNIELLO,,M01362461-I1,
027471,N/A,N/A,Private Owner,MANHATTAN,102 WEST   75 STREET,07649,Alteration,2026-03-25T04:00:00.000Z,SHEHBAZ KHATTAK,,M01367313-I1,
027722,N/A,N/A,Private Owner,MANHATTAN,2 WEST LOOP ROAD,10004,No Work,2026-04-13T04:00:00.000Z,JORGE JIRON,,M01383459-I1,
028780,N/A,N/A,Private Owner,MANHATTAN,200 EAST   89 STREET,10708,Alteration,2026-03-23T04:00:00.000Z,CHARLES FRENKEL,,M01354356-S1,
030561,N/A,N/A,Private Owner,MANHATTAN,177 9 AVENUE,11103,Alteration,2026-04-02T04:00:00.000Z,SHU ZHENG,,M01242780-P1,
030631,N/A,N/A,Private Owner,QUEENS,233-10 LINDEN BOULEVARD,10016,No Work,2026-03-25T04:00:00.000Z,JAYLIN WATKINS,,Q01373712-I1,
030672,N/A,N/A,Private Owner,MANHATTAN,225 EAST   74 STREET,10022,Alteration,2026-03-20T04:00:00.000Z,SAKET MIMIDINOVSKI,,M01083045-P1,
031606,N/A,N/A,Private Owner,MANHATTAN,50 EAST   79 STREET,07040,Alteration,2026-03-26T04:00:00.000Z,WILLIAM HOMENUK,,M01369991-I1,
032037,N/A,N/A,Private Owner,MANHATTAN,660 5 AVENUE,10019,No Work,2026-03-26T04:00:00.000Z,WILLIAM HOMENUK,,M01373853-I1,
032136,N/A,N/A,Private Owner,MANHATTAN,311 GREENWICH STREET,11201,Alteration,2026-03-27T04:00:00.000Z,WILLIAM HOMENUK,,M01188162-P2,
032246,N/A,N/A,Private Owner,MANHATTAN,140 EAST   63 STREET,10011,Alteration,2026-03-30T04:00:00.000Z,WILLIAM HOMENUK,,M01356751-I1,
032345,N/A,N/A,Private Owner,MANHATTAN,82 BEAVER STREET,29464,No Work,2026-03-25T04:00:00.000Z,WILLIAM HOMENUK,,M01196018-P3,
032529,N/A,N/A,Private Owner,QUEENS,108-14 ROOSEVELT AVENUE,10001,No Work,2026-03-31T04:00:00.000Z,WILLIAM HOMENUK,,Q01376588-I1,
032543,N/A,N/A,Private Owner,MANHATTAN,97 CROSBY STREET,11221,Alteration,2026-04-13T04:00:00.000Z,WILLIAM HOMENUK,,M01134351-P5,
032846,N/A,N/A,Private Owner,MANHATTAN,330 EAST   38 STREET,10012,Alteration,2026-04-07T04:00:00.000Z,WILLIAM HOMENUK,,M01354205-I1,
033024,N/A,N/A,Private Owner,MANHATTAN,139 WEST   82 STREET,11101,Alteration,2026-03-20T04:00:00.000Z,WILLIAM HOMENUK,,M01371340-I1,
033073,N/A,N/A,Private Owner,MANHATTAN,305 EAST   83 STREET,11209,Alteration,2026-03-27T04:00:00.000Z,WILLIAM HOMENUK,,M01367681-I1,
033343,N/A,N/A,Private Owner,STATEN ISLAND,44 MAIN STREET,10309,No Work,2026-03-26T04:00:00.000Z,WILLIAM HOMENUK,,S01377403-I1,
033595,N/A,N/A,Private Owner,MANHATTAN,245 EAST   93 STREET,10075,Alteration,2026-03-23T04:00:00.000Z,WILLIAM HOMENUK,,M01372506-I1,
033764,N/A,N/A,Private Owner,BRONX,4057 BARNES AVENUE,10016,Alteration,2026-04-01T04:00:00.000Z,WILLIAM HOMENUK,,X01297754-P3,
033766,N/A,N/A,Private Owner,MANHATTAN,415 5 AVENUE,11218,No Work,2026-04-09T04:00:00.000Z,WILLIAM HOMENUK,,M01382792-I1,
033795,N/A,N/A,Private Owner,MANHATTAN,77 7 AVENUE,11201,Alteration,2026-03-31T04:00:00.000Z,WILLIAM HOMENUK,,M01322976-P1,
034073,N/A,N/A,Private Owner,MANHATTAN,160 EAST   65 STREET,11231,Alteration,2026-03-24T04:00:00.000Z,WILLIAM HOMENUK,,M01287916-P1,
034100,N/A,N/A,Private Owner,MANHATTAN,140 RIVERSIDE DRIVE,11205,Alteration,2026-04-14T04:00:00.000Z,WILLIAM HOMENUK,,M01377851-I1,
034322,N/A,N/A,Private Owner,BRONX,2970 3 AVENUE,10018,No Work,2026-03-31T04:00:00.000Z,WILLIAM HOMENUK,,X01380181-I1,
034359,N/A,N/A,Private Owner,MANHATTAN,180 MAIDEN LANE,11222,No Work,2026-03-31T04:00:00.000Z,WILLIAM HOMENUK,,M01381160-I1,
034500,N/A,N/A,Private Owner,MANHATTAN,160 RIVERSIDE DRIVE,11222,Alteration,2026-04-07T04:00:00.000Z,WILLIAM HOMENUK,,M01352663-I1,
034786,N/A,N/A,Private Owner,BROOKLYN,463 7 STREET,07458,Alteration,2026-03-26T04:00:00.000Z,WILLIAM HOMENUK,,B01195492-P1,
034858,N/A,N/A,Private Owner,MANHATTAN,174 MOTT STREET,10279,No Work,2026-03-27T04:00:00.000Z,WILLIAM HOMENUK,,M01141524-P3,
035290,N/A,N/A,Private Owner,BROOKLYN,609 EMERALD STREET,07731,Alteration,2026-04-01T04:00:00.000Z,WILLIAM HOMENUK,,B01381905-I1,
035366,N/A,N/A,Private Owner,BROOKLYN,2 52 STREET,11238,No Work,2026-04-13T04:00:00.000Z,WILLIAM HOMENUK,,B01385881-I1,
035477,N/A,N/A,Private Owner,MANHATTAN,11 EAST   26 STREET,10004,No Work,2026-03-27T04:00:00.000Z,WILLIAM HOMENUK,,M01189444-P2,
035629,N/A,N/A,Private Owner,BROOKLYN,592 JOHNSON AVENUE,11226,No Work,2026-04-13T04:00:00.000Z,WILLIAM HOMENUK,,B01385568-I1,
035643,N/A,N/A,Private Owner,MANHATTAN,80 CENTRAL PARK WEST,11222,Alteration,2026-03-31T04:00:00.000Z,WILLIAM HOMENUK,,M01249636-P2,
035780,N/A,N/A,Private Owner,MANHATTAN,785 5 AVENUE,11221,Alteration,2026-04-14T04:00:00.000Z,WILLIAM HOMENUK,,M01381754-I1,
035907,N/A,N/A,Private Owner,MANHATTAN,205 THIRD AVENUE,11201,Alteration,2026-04-09T04:00:00.000Z,WILLIAM HOMENUK,,M01376256-I1,
036191,N/A,N/A,Private Owner,MANHATTAN,389 EAST   89 STREET,10708,Alteration,2026-04-10T04:00:00.000Z,WILLIAM HOMENUK,,M01366408-I1,
036588,N/A,N/A,Private Owner,MANHATTAN,465 WEST BROADWAY,11238,Alteration,2026-03-24T04:00:00.000Z,WILLIAM HOMENUK,,M01350151-I1,
036708,N/A,N/A,Private Owner,QUEENS,83-25 98 STREET,11375,Alteration,2026-04-09T04:00:00.000Z,WILLIAM HOMENUK,,Q01379189-I1,
036867,N/A,N/A,Private Owner,MANHATTAN,101 CENTRAL PARK WEST,10024,Alteration,2026-04-07T04:00:00.000Z,WILLIAM HOMENUK,,M01372537-I1,
036880,N/A,N/A,Private Owner,MANHATTAN,400 EAST   67 STREET,10005,Alteration,2026-03-23T04:00:00.000Z,WILLIAM HOMENUK,,M01369843-I1,
037047,N/A,N/A,Private Owner,BROOKLYN,303 BOND STREET,11231,No Work,2026-04-02T04:00:00.000Z,WILLIAM HOMENUK,,B01381456-I1,
037417,N/A,N/A,N/A,BRONX,1482 WESTCHESTER AVENUE,07055,Alteration,2026-03-25T04:00:00.000Z,WILLIAM HOMENUK,,X01308811-P1,
038410,N/A,N/A,Private Owner,BRONX,4401 MANHATTAN COLLEGE PARKWAY,10001,Alteration,2026-04-06T04:00:00.000Z,WILLIAM HOMENUK,,X01280758-S1,
038752,N/A,N/A,Private Owner,MANHATTAN,20 WEST   53 STREET,10018,Alteration,2026-03-30T04:00:00.000Z,WILLIAM HOMENUK,,M01368538-I1,
038879,N/A,N/A,Private Owner,MANHATTAN,150 CHARLES STREET,11217,Alteration,2026-04-08T04:00:00.000Z,WILLIAM HOMENUK,,M01185922-P1,
039041,N/A,N/A,Private Owner,MANHATTAN,32 GRAMERCY PARK SOUTH,12601,Alteration,2026-04-12T04:00:00.000Z,WILLIAM HOMENUK,,M01372344-S1,
039191,N/A,N/A,Private Owner,MANHATTAN,425 EAST   86 STREET,11238,Alteration,2026-04-14T04:00:00.000Z,WILLIAM HOMENUK,,M01306328-P3,
039252,N/A,N/A,Private Owner,BROOKLYN,420 12 STREET,11215,Alteration,2026-03-19T04:00:00.000Z,WILLIAM HOMENUK,,B01363547-S1,
039306,N/A,N/A,Private Owner,QUEENS,35-15 19 AVENUE,10001,No Work,2026-04-13T04:00:00.000Z,WILLIAM HOMENUK,,Q01377490-P1,
039312,N/A,N/A,Private Owner,MANHATTAN,247 WEST   42 STREET,19107,No Work,2026-03-23T04:00:00.000Z,WILLIAM HOMENUK,,M01360991-I1,
039963,N/A,N/A,Private Owner,MANHATTAN,1 EAST   66 STREET,10580,Alteration,2026-03-23T04:00:00.000Z,WILLIAM HOMENUK,,M01218169-P1,
040190,N/A,N/A,Private Owner,MANHATTAN,400 WEST   12 STREET,11226,Alteration,2026-04-09T04:00:00.000Z,WILLIAM HOMENUK,,M01370970-I1,
040197,N/A,N/A,Private Owner,BROOKLYN,861 EAST   39 STREET,40507,Alteration,2026-03-24T04:00:00.000Z,WILLIAM HOMENUK,,B01371471-I1,
040210,N/A,N/A,Private Owner,MANHATTAN,140 EAST   63 STREET,10128,Alteration,2026-03-30T04:00:00.000Z,WILLIAM HOMENUK,,M01356751-S1,
040256,N/A,N/A,N/A,BROOKLYN,316 80 STREET,11373,Alteration,2026-03-20T04:00:00.000Z,WILLIAM HOMENUK,,B01369967-S1,
040293,N/A,N/A,Private Owner,MANHATTAN,350 6 AVENUE,10451,No Work,2026-04-14T04:00:00.000Z,WILLIAM HOMENUK,,M01360481-I1,
040387,N/A,N/A,Private Owner,BROOKLYN,158 ROEBLING STREET,10039,No Work,2026-03-24T04:00:00.000Z,WILLIAM HOMENUK,,B01372733-I1,
040470,N/A,N/A,Private Owner,MANHATTAN,60 EAST    8 STREET,11211,Alteration,2026-03-25T04:00:00.000Z,WILLIAM HOMENUK,,M01369159-I1,
040906,N/A,N/A,Private Owner,MANHATTAN,160 CONVENT AVENUE,10036,No Work,2026-04-01T04:00:00.000Z,WILLIAM HOMENUK,,M01374606-I1,
040921,N/A,N/A,Private Owner,MANHATTAN,1290 AVENUE OF THE AMERICAS,10012,No Work,2026-03-30T04:00:00.000Z,WILLIAM HOMENUK,,M01357508-I1,
040973,N/A,N/A,Private Owner,QUEENS,244-44 87 AVENUE,11501,No Work,2026-04-02T04:00:00.000Z,WILLIAM HOMENUK,,Q01379274-I1,
041073,N/A,N/A,Private Owner,MANHATTAN,24 5 AVENUE,11237,Alteration,2026-04-02T04:00:00.000Z,WILLIAM HOMENUK,,M01379629-S1,
041382,N/A,N/A,Private Owner,MANHATTAN,245 MURRAY STREET,11375,No Work,2026-04-13T04:00:00.000Z,WILLIAM HOMENUK,,M01050937-P1,
041457,N/A,N/A,Private Owner,MANHATTAN,27 WEST   67 STREET,10128,Alteration,2026-04-13T04:00:00.000Z,WILLIAM HOMENUK,,M01352253-I1,
041466,N/A,N/A,Private Owner,BROOKLYN,614 HANCOCK STREET,10013,Alteration,2026-03-30T04:00:00.000Z,WILLIAM HOMENUK,,B01344399-P1,
041513,N/A,N/A,Private Owner,MANHATTAN,200 EAST END AVENUE,11228,Alteration,2026-04-07T04:00:00.000Z,WILLIAM HOMENUK,,M01378426-S1,
041592,N/A,N/A,Private Owner,MANHATTAN,45 SUTTON PLACE SOUTH,10583,Alteration,2026-04-14T04:00:00.000Z,WILLIAM HOMENUK,,M01385676-I1,
041772,N/A,N/A,Private Owner,BROOKLYN,395 SOUTH    2 STREET,10451,Alteration,2026-03-20T04:00:00.000Z,WILLIAM HOMENUK,,B01371098-I1,
041931,N/A,N/A,Private Owner,MANHATTAN,139 WOOSTER STREET,10028,Alteration,2026-03-23T04:00:00.000Z,WILLIAM HOMENUK,,M01165277-P1,
042003,N/A,N/A,Private Owner,MANHATTAN,306 WEST    4 STREET,11221,Alteration,2026-03-20T04:00:00.000Z,WILLIAM HOMENUK,,M01359743-S2,
042050,N/A,N/A,Private Owner,BROOKLYN,539 11 STREET,11215,Alteration,2026-04-08T04:00:00.000Z,WILLIAM HOMENUK,,B01361337-I1,
042465,N/A,N/A,Private Owner,BROOKLYN,128 PIERREPONT STREET,11206,No Work,2026-04-02T04:00:00.000Z,WILLIAM HOMENUK,,B01377977-I1,
042550,N/A,N/A,Private Owner,MANHATTAN,721 FIFTH AVENUE,11238,Alteration,2026-03-25T04:00:00.000Z,WILLIAM HOMENUK,,M01373085-I1,
042712,N/A,N/A,Private Owner,MANHATTAN,100 RIVERSIDE BOULEVARD,11215,Alteration,2026-04-09T04:00:00.000Z,WILLIAM HOMENUK,,M01344848-P1,
042725,N/A,N/A,Private Owner,BROOKLYN,5603 2 AVENUE,07013,Alteration,2026-04-14T04:00:00.000Z,WILLIAM HOMENUK,,B01358451-S1,
042788,N/A,N/A,Private Owner,MANHATTAN,210 SPRING STREET,11215,Alteration,2026-03-28T04:00:00.000Z,WILLIAM HOMENUK,,M01368159-I1,
042806,N/A,N/A,N/A,QUEENS,53-14 250 STREET,11357,ALT-CO - New Building with Existing Elements to Remain,2026-04-03T04:00:00.000Z,WILLIAM HOMENUK,,Q01235069-P3,
042821,N/A,N/A,Private Owner,MANHATTAN,1267 FIRST AVENUE,07110,Alteration,2026-04-10T04:00:00.000Z,WILLIAM HOMENUK,,M01365145-S2,
042879,N/A,N/A,Private Owner,QUEENS,83-03 248 STREET,11365,ALT-CO - New Building with Existing Elements to Remain,2026-03-25T04:00:00.000Z,WILLIAM HOMENUK,,Q01326875-S1,
043257,N/A,N/A,Private Owner,MANHATTAN,161 WEST   16 STREET,11201,Alteration,2026-04-10T04:00:00.000Z,WILLIAM HOMENUK,,M01378631-I1,
043286,N/A,N/A,Private Owner,MANHATTAN,929 PARK AVENUE,11102,Alteration,2026-04-14T04:00:00.000Z,WILLIAM HOMENUK,,M01214123-S2,
043379,N/A,N/A,Private Owner,MANHATTAN,211 EAST   51 STREET,11201,Alteration,2026-04-09T04:00:00.000Z,WILLIAM HOMENUK,,M01378640-I1,
043485,N/A,N/A,Private Owner,MANHATTAN,285 LEXINGTON AVENUE,11222,Alteration,2026-04-02T04:00:00.000Z,WILLIAM HOMENUK,,M01212499-P1,
043491,N/A,N/A,Private Owner,MANHATTAN,235 WEST  102 STREET,11716,Alteration,2026-04-10T04:00:00.000Z,WILLIAM HOMENUK,,M01363919-I1,
043509,N/A,N/A,Private Owner,BROOKLYN,401 CHURCH AVENUE,11377,Alteration,2026-04-11T04:00:00.000Z,WILLIAM HOMENUK,,B01374190-I1,
043754,N/A,N/A,Private Owner,BROOKLYN,210 CLINTON AVENUE,10541,Alteration,2026-04-14T04:00:00.000Z,WILLIAM HOMENUK,,B01381168-I1,
043912,N/A,N/A,Private Owner,QUEENS,133-11 133 STREET,10024,Alteration CO,2026-04-08T04:00:00.000Z,WILLIAM HOMENUK,,Q01305094-P1,
043989,N/A,N/A,Private Owner,MANHATTAN,288 LEXINGTON AVENUE,10003,Alteration,2026-04-09T04:00:00.000Z,WILLIAM HOMENUK,,M01380897-S1,
044264,N/A,N/A,Private Owner,MANHATTAN,30 WEST   61 STREET,07079,Alteration,2026-04-02T04:00:00.000Z,WILLIAM HOMENUK,,M01330802-I1,
044800,N/A,N/A,Private Owner,QUEENS,120-17 237 STREET,11598,Alteration,2026-03-24T04:00:00.000Z,WILLIAM HOMENUK,,Q00597325-P1,
045075,N/A,N/A,Private Owner,QUEENS,136-86 ROOSEVELT AVENUE,11218,Alteration,2026-04-14T04:00:00.000Z,WILLIAM HOMENUK,,Q01359330-I1,
045139,N/A,N/A,Private Owner,BROOKLYN,217 5 AVENUE,11220,Alteration,2026-04-14T04:00:00.000Z,WILLIAM HOMENUK,,B01380463-I1,
045275,N/A,N/A,Private Owner,BRONX,64 METROPOLITAN OVAL,10001,Alteration,2026-03-28T04:00:00.000Z,WILLIAM HOMENUK,,X01378562-I1,
045339,N/A,N/A,Private Owner,MANHATTAN,23 EAST   10 STREET,10312,Alteration,2026-03-25T04:00:00.000Z,WILLIAM HOMENUK,,M01044899-P1,
045365,N/A,N/A,Private Owner,MANHATTAN,1260 BROADWAY,07093,No Work,2026-03-27T04:00:00.000Z,WILLIAM HOMENUK,,M00815920-P1,
045477,N/A,N/A,Private Owner,BROOKLYN,131 NORTH    6 STREET,11365,Alteration CO,2026-03-31T04:00:00.000Z,WILLIAM HOMENUK,,B01353615-I1,
045629,N/A,N/A,Private Owner,MANHATTAN,216 LAFAYETTE STREET,10463,No Work,2026-04-06T04:00:00.000Z,WILLIAM HOMENUK,,M01382743-I1,
045654,N/A,N/A,Private Owner,MANHATTAN,122 EAST   10 STREET,29464,Alteration,2026-03-30T04:00:00.000Z,WILLIAM HOMENUK,,M00917470-P4,
046213,N/A,N/A,Private Owner,MANHATTAN,252 7 AVENUE,10012,Alteration,2026-04-08T04:00:00.000Z,WILLIAM HOMENUK,,M01358944-I1,
046242,N/A,N/A,Private Owner,MANHATTAN,215 EAST   19 STREET,10003,Alteration,2026-04-06T04:00:00.000Z,WILLIAM HOMENUK,,M01361980-P1,
046251,N/A,N/A,Private Owner,BRONX,1080 LEGGETT AVENUE,07733,No Work,2026-04-10T04:00:00.000Z,WILLIAM HOMENUK,,X01339161-I1,
046363,N/A,N/A,Private Owner,MANHATTAN,522 WEST   21 STREET,11249,No Work,2026-04-06T04:00:00.000Z,WILLIAM HOMENUK,,M01383410-I1,
046874,N/A,N/A,Private Owner,MANHATTAN,50 GRAMERCY PARK NORTH,10039,Alteration,2026-03-23T04:00:00.000Z,WILLIAM HOMENUK,,M01374581-S1,
047153,N/A,N/A,Private Owner,QUEENS,27-49 JACKSON AVENUE,11354,No Work,2026-04-08T04:00:00.000Z,WILLIAM HOMENUK,,Q01381509-I1,
048918,N/A,N/A,N/A,QUEENS,14-35 161 STREET,11368,Alteration CO,2026-04-09T04:00:00.000Z,WILLIAM HOMENUK,,Q01380810-I1,
049458,N/A,N/A,Private Owner,BROOKLYN,665 PARK AVENUE,11358,Alteration CO,2026-03-27T04:00:00.000Z,WILLIAM HOMENUK,,B01168134-P6,
053854,N/A,N/A,Private Owner,QUEENS,58-25 CATALPA AVENUE,11743,No Work,2026-04-14T04:00:00.000Z,WILLIAM HOMENUK,,Q01259649-P3,
059063,N/A,N/A,Private Owner,MANHATTAN,425 EAST   13 STREET,07750,Alteration,2026-04-02T04:00:00.000Z,WILLIAM HOMENUK,,M01370135-I1,
059427,N/A,N/A,Private Owner,MANHATTAN,463 GREENWICH STREET,06902,Alteration,2026-03-24T04:00:00.000Z,WILLIAM HOMENUK,,M01311737-P1,
059515,N/A,N/A,Private Owner,BROOKLYN,131 MACKENZIE STREET,11432,Alteration,2026-04-06T04:00:00.000Z,WILLIAM HOMENUK,,B01340257-P1,
059515,N/A,N/A,N/A,QUEENS,144-12 73 AVENUE,11432,Alteration,2026-03-20T04:00:00.000Z,WILLIAM HOMENUK,,Q01300774-I1,
060234,N/A,N/A,N/A,BROOKLYN,308 23 STREET,11101,New Building,2026-03-25T04:00:00.000Z,WILLIAM HOMENUK,,B01323372-S4,
062598,N/A,N/A,Private Owner,MANHATTAN,10 GRACIE SQUARE,10012,Alteration,2026-03-30T04:00:00.000Z,WILLIAM HOMENUK,,M01012513-P2,
062624,N/A,N/A,Private Owner,BROOKLYN,550 VANDERBILT AVENUE,10605,Alteration,2026-03-25T04:00:00.000Z,WILLIAM HOMENUK,,B01335514-S2,
064829,N/A,N/A,Private Owner,BRONX,2727 PALISADES AVENUE,10018,Alteration,2026-04-08T04:00:00.000Z,WILLIAM HOMENUK,,X01369551-I1,
065346,N/A,N/A,Private Owner,QUEENS,46-10 70 STREET,10001,Alteration,2026-04-07T04:00:00.000Z,WILLIAM HOMENUK,,Q00640043-P3,
065403,N/A,N/A,Private Owner,QUEENS,171-39 NORTHERN BOULEVARD,10553,Alteration,2026-03-31T04:00:00.000Z,WILLIAM HOMENUK,,Q01336614-P1,
065574,N/A,N/A,Private Owner,BROOKLYN,642 CLASSON AVENUE,11361,ALT-CO - New Building with Existing Elements to Remain,2026-03-26T04:00:00.000Z,WILLIAM HOMENUK,,B01114441-P7,
066709,N/A,N/A,Private Owner,MANHATTAN,465 WEST BROADWAY,10001,Alteration,2026-03-25T04:00:00.000Z,WILLIAM HOMENUK,,M01350151-S2,
067415,N/A,N/A,Private Owner,QUEENS,108-49 63 AVENUE,10025,Alteration,2026-03-30T04:00:00.000Z,WILLIAM HOMENUK,,Q01372728-I1,
068464,N/A,N/A,Private Owner,MANHATTAN,1444 3 AVENUE,10010,Alteration,2026-03-23T04:00:00.000Z,WILLIAM HOMENUK,,M01286357-P1,
069868,N/A,N/A,Private Owner,MANHATTAN,5 EAST    3 STREET,11050,Alteration,2026-03-27T04:00:00.000Z,WILLIAM HOMENUK,,M01354961-I1,
069888,N/A,N/A,Private Owner,MANHATTAN,140 THOMPSON STREET,10005,Alteration,2026-03-31T04:00:00.000Z,WILLIAM HOMENUK,,M01281147-S2,
070012,N/A,N/A,Private Owner,MANHATTAN,801 GREENWICH STREET,11797,Alteration,2026-04-01T04:00:00.000Z,WILLIAM HOMENUK,,M01340195-P3,
070045,N/A,N/A,Private Owner,MANHATTAN,880 FIFTH AVENUE,10001,Alteration,2026-04-06T04:00:00.000Z,WILLIAM HOMENUK,,M01000278-P3,
070154,N/A,N/A,Private Owner,QUEENS,32-32 PLUNKETT AVENUE,11415,Alteration,2026-03-25T04:00:00.000Z,WILLIAM HOMENUK,,Q01377878-I1,
070920,N/A,N/A,Private Owner,MANHATTAN,925 PARK AVENUE,11572,Alteration,2026-04-07T04:00:00.000Z,WILLIAM HOMENUK,,M01331880-S2,
071008,N/A,N/A,N/A,QUEENS,86-79 PINTO STREET,11010,New Building,2026-03-19T04:00:00.000Z,WILLIAM HOMENUK,,Q01369008-S2,
071109,N/A,N/A,Private Owner,MANHATTAN,415 GREENWICH STREET,10018,Alteration,2026-04-02T04:00:00.000Z,WILLIAM HOMENUK,,M01108142-P1,
071513,N/A,N/A,Private Owner,BROOKLYN,37 TOMPKINS PLACE,11215,Alteration,2026-03-20T04:00:00.000Z,WILLIAM HOMENUK,,B01373458-I1,
072792,N/A,N/A,Private Owner,QUEENS,33-01 167 STREET,11358,Alteration,2026-03-19T04:00:00.000Z,WILLIAM HOMENUK,,Q01367515-I1,
073779,N/A,N/A,Private Owner,QUEENS,109-44 121 STREET,11419,Alteration,2026-04-13T04:00:00.000Z,WILLIAM HOMENUK,,Q01386557-I1,
073820,N/A,N/A,N/A,BROOKLYN,1321 79 STREET,11368,Alteration,2026-04-09T04:00:00.000Z,WILLIAM HOMENUK,,B01301393-P1,
073820,N/A,N/A,Private Owner,STATEN ISLAND,35 UNION AVENUE,11368,Alteration,2026-04-06T04:00:00.000Z,WILLIAM HOMENUK,,S01382700-I1,
074129,N/A,N/A,N/A,BRONX,591 EAST  137 STREET,11001,Alteration,2026-04-13T04:00:00.000Z,DANIEL MEGNA,,X01315784-P2,
074729,N/A,N/A,Private Owner,BROOKLYN,70 REMSEN STREET,11249,Alteration,2026-04-10T04:00:00.000Z,WILLIAM HOMENUK,,B01367391-I1,
074869,N/A,N/A,N/A,QUEENS,146-32 FARMERS BOULEVARD,11432,New Building,2026-04-10T04:00:00.000Z,WILLIAM HOMENUK,,Q01342652-S1,
075189,N/A,N/A,Private Owner,MANHATTAN,441 CONVENT AVENUE,10001,Alteration,2026-03-26T04:00:00.000Z,WILLIAM HOMENUK,,M01377270-I1,
075266,N/A,N/A,N/A,QUEENS,20-01 STEINWAY STREET,11577,Alteration,2026-04-02T04:00:00.000Z,WILLIAM HOMENUK,,Q01350260-I1,
075441,N/A,N/A,Private Owner,MANHATTAN,30 EAST   62 STREET,10013,Alteration,2026-04-14T04:00:00.000Z,WILLIAM HOMENUK,,M01095870-P1,
076278,N/A,N/A,N/A,MANHATTAN,500 WEST  111 STREET,11435,Alteration,2026-04-02T04:00:00.000Z,WILLIAM HOMENUK,,M01366417-I1,
077062,N/A,N/A,Private Owner,STATEN ISLAND,2520 VICTORY BOULEVARD,10304,No Work,2026-04-09T04:00:00.000Z,WILLIAM HOMENUK,,S00962268-P1,
077550,N/A,N/A,Private Owner,MANHATTAN,212 EAST   47 STREET,11788,Alteration,2026-03-31T04:00:00.000Z,WILLIAM HOMENUK,,M00720098-P3,
077896,N/A,N/A,Private Owner,BROOKLYN,176 JOHNSON STREET,11375,Alteration,2026-03-23T04:00:00.000Z,WILLIAM HOMENUK,,B01368822-I1,
078495,N/A,N/A,Private Owner,QUEENS,4-74 48 AVENUE,11361,Alteration,2026-04-14T04:00:00.000Z,WILLIAM HOMENUK,,Q01381662-I1,
079022,N/A,N/A,Private Owner,MANHATTAN,405 EAST   13 STREET,10002,Alteration,2026-03-23T04:00:00.000Z,ANTHONY DISANZA,,M00890131-P6,
079413,N/A,N/A,Private Owner,BRONX,1598 UNIONPORT ROAD,12569,Alteration,2026-04-07T04:00:00.000Z,WILLIAM HOMENUK,,X01352113-I1,
079468,N/A,N/A,Private Owner,MANHATTAN,213 WEST   11 STREET,10013,Alteration CO,2026-03-23T04:00:00.000Z,WILLIAM HOMENUK,,M01004559-P6,
079554,N/A,N/A,Private Owner,MANHATTAN,143 WEST   27 STREET,10007,Alteration,2026-03-23T04:00:00.000Z,WILLIAM HOMENUK,,M01345540-S2,
079704,N/A,N/A,Private Owner,MANHATTAN,494 9 AVENUE,11354,No Work,2026-04-13T04:00:00.000Z,WILLIAM HOMENUK,,M01245986-P3,
079704,N/A,N/A,N/A,QUEENS,47-38 199 STREET,11354,Alteration CO,2026-04-06T04:00:00.000Z,WILLIAM HOMENUK,,Q01163378-P2,
079716,N/A,N/A,Private Owner,QUEENS,96-10 25 AVENUE,07676,Alteration,2026-03-30T04:00:00.000Z,WILLIAM HOMENUK,,Q01314651-P1,
079934,N/A,N/A,Private Owner,QUEENS,69-46 64 STREET,11743,Alteration CO,2026-04-03T04:00:00.000Z,WILLIAM HOMENUK,,Q01139774-S2,
080572,N/A,N/A,Private Owner,BROOKLYN,450 UTICA AVENUE,11101,No Work,2026-03-28T04:00:00.000Z,WILLIAM HOMENUK,,B01379789-I1,
080772,N/A,N/A,Private Owner,QUEENS,75-16 197 STREET,11432,Alteration,2026-04-07T04:00:00.000Z,WILLIAM HOMENUK,,Q01379649-I1,
080900,N/A,N/A,Private Owner,MANHATTAN,54 RIVERSIDE DRIVE,10018,Alteration,2026-03-31T04:00:00.000Z,WILLIAM HOMENUK,,M01364246-S1,
080959,N/A,N/A,Private Owner,MANHATTAN,200 EAST   89 STREET,10604,Alteration,2026-03-27T04:00:00.000Z,WILLIAM HOMENUK,,M01354356-S3,
081019,N/A,N/A,Private Owner,MANHATTAN,66 9 AVENUE,11219,Alteration,2026-04-13T04:00:00.000Z,WILLIAM HOMENUK,,M01385832-I1,
081343,N/A,N/A,N/A,QUEENS,43-20 BURLING STREET,11365,ALT-CO - New Building with Existing Elements to Remain,2026-04-07T04:00:00.000Z,WILLIAM HOMENUK,,Q01220365-P1,
082098,N/A,N/A,N/A,QUEENS,100-22 37 AVENUE,11101,Alteration,2026-03-31T04:00:00.000Z,WILLIAM HOMENUK,,Q01381303-I1,
082106,N/A,N/A,Private Owner,MANHATTAN,4 EAST   95 STREET,10036,Alteration,2026-04-07T04:00:00.000Z,WILLIAM HOMENUK,,M01354366-S2,
082940,N/A,N/A,Private Owner,MANHATTAN,262 CENTRAL PARK WEST,10018,Alteration,2026-04-09T04:00:00.000Z,WILLIAM HOMENUK,,M00873464-P9,
083149,N/A,N/A,N/A,STATEN ISLAND,476 MIDLAND AVENUE,11432,Alteration,2026-04-12T04:00:00.000Z,WILLIAM HOMENUK,,S01381239-I1,
083550,N/A,N/A,Private Owner,STATEN ISLAND,31 TOPPING STREET,10309,Alteration,2026-03-25T04:00:00.000Z,WILLIAM HOMENUK,,S01362062-I1,
083918,N/A,N/A,Private Owner,BROOKLYN,170 SOUTH    4 STREET,10038,Alteration,2026-04-13T04:00:00.000Z,WILLIAM HOMENUK,,B01386559-I1,
084032,N/A,N/A,Private Owner,MANHATTAN,630 PARK AVENUE,10036,Alteration,2026-03-26T04:00:00.000Z,WILLIAM HOMENUK,,M01356422-S1,
084951,N/A,N/A,Private Owner,QUEENS,217-41 HOLLIS AVENUE,06831-4915,Alteration,2026-03-23T04:00:00.000Z,WILLIAM HOMENUK,,Q01376261-I1,
085056,N/A,N/A,Private Owner,MANHATTAN,340 EAST   64 STREET,29582,Alteration,2026-04-13T04:00:00.000Z,WILLIAM HOMENUK,,M01117263-P3,
085125,N/A,N/A,Private Owner,MANHATTAN,150 EAST   73 STREET,11235,Alteration,2026-04-14T04:00:00.000Z,WILLIAM HOMENUK,,M01372348-S1,
085429,N/A,N/A,Private Owner,QUEENS,48-10 45 STREET,10001,Alteration,2026-03-23T04:00:00.000Z,WILLIAM HOMENUK,,Q01364686-I1,
085457,N/A,N/A,N/A,BROOKLYN,181 COLUMBIA STREET,11208,Alteration,2026-03-20T04:00:00.000Z,WILLIAM HOMENUK,,B00911561-I1,
085879,N/A,N/A,Private Owner,BROOKLYN,5511 NEW UTRECHT AVENUE,10601,Alteration,2026-04-01T04:00:00.000Z,WILLIAM HOMENUK,,B01305577-P1,
085895,N/A,N/A,Private Owner,BRONX,1131 MORRIS AVENUE,11355,Alteration,2026-04-01T04:00:00.000Z,WILLIAM HOMENUK,,X01349284-I1,
086042,N/A,N/A,Private Owner,BRONX,1636 GLOVER STREET,11377,Alteration,2026-04-11T04:00:00.000Z,WILLIAM HOMENUK,,X01382935-I1,
086287,N/A,N/A,Private Owner,MANHATTAN,470 BROOME STREET,10027,Alteration,2026-03-26T04:00:00.000Z,WILLIAM HOMENUK,,M01303500-P1,
086301,N/A,N/A,N/A,QUEENS,149-15 DELAWARE AVENUE,11354,Full Demolition,2026-04-10T04:00:00.000Z,WILLIAM HOMENUK,,Q01224597-P1,
087622,N/A,N/A,Private Owner,QUEENS,10-32 47 ROAD,10461,ALT-CO - New Building with Existing Elements to Remain,2026-04-14T04:00:00.000Z,WILLIAM HOMENUK,,Q01348305-S4,
087701,N/A,N/A,Private Owner,MANHATTAN,60 EAST END AVENUE,10011,Alteration,2026-04-07T04:00:00.000Z,WILLIAM HOMENUK,,M01370600-S1,
087878,N/A,N/A,N/A,QUEENS,33-32 GAR 168 STREET,10002,Alteration CO,2026-03-23T04:00:00.000Z,WILLIAM HOMENUK,,Q01374825-I1,
088010,N/A,N/A,Private Owner,MANHATTAN,770 PARK AVENUE,07110-125,Alteration,2026-04-14T04:00:00.000Z,JOHN NOONAN,,M01382749-S2,
088728,N/A,N/A,Private Owner,BROOKLYN,669 MANHATTAN AVENUE,07090,Alteration CO,2026-03-24T04:00:00.000Z,WILLIAM HOMENUK,,B01175147-P1,
088804,N/A,N/A,Private Owner,QUEENS,141-26 NORTHERN BOULEVARD,11361,No Work,2026-03-24T04:00:00.000Z,WILLIAM HOMENUK,,Q01376296-I1,
089024,N/A,N/A,Private Owner,QUEENS,110-20 71 ROAD,11507,Alteration,2026-04-01T04:00:00.000Z,WILLIAM HOMENUK,,Q01328646-P2,
089068,N/A,N/A,N/A,BROOKLYN,157 ROGERS AVENUE,11415,ALT-CO - New Building with Existing Elements to Remain,2026-04-13T04:00:00.000Z,WILLIAM HOMENUK,,B00919642-P4,
089068,N/A,N/A,Private Owner,BROOKLYN,772 51 STREET,11415,ALT-CO - New Building with Existing Elements to Remain,2026-03-30T04:00:00.000Z,WILLIAM HOMENUK,,B01099647-S2,
089193,N/A,N/A,Private Owner,MANHATTAN,4 EAST   66 STREET,07920,Alteration,2026-03-20T04:00:00.000Z,WILLIAM HOMENUK,,M01360085-S1,
089632,N/A,N/A,Private Owner,MANHATTAN,210 SPRING STREET,11416,Alteration,2026-03-28T04:00:00.000Z,WILLIAM HOMENUK,,M01368159-S1,
089728,N/A,N/A,Private Owner,MANHATTAN,139 ELDRIDGE STREET,08816,Alteration,2026-04-09T04:00:00.000Z,WILLIAM HOMENUK,,M01323607-P2,
089728,N/A,N/A,N/A,QUEENS,166-10 15 DRIVE,08816,Alteration,2026-03-24T04:00:00.000Z,WILLIAM HOMENUK,,Q01374661-I1,
090312,N/A,N/A,Private Owner,MANHATTAN,109 GREENE STREET,10001,Alteration,2026-04-06T04:00:00.000Z,WILLIAM HOMENUK,,M01380090-S1,
090417,N/A,N/A,N/A,MANHATTAN,310 WEST  140 STREET,11361,Alteration,2026-03-25T04:00:00.000Z,WILLIAM HOMENUK,,M01282572-I1,
090439,N/A,N/A,Private Owner,MANHATTAN,468 WEST BROADWAY,10016,Alteration,2026-03-28T04:00:00.000Z,WILLIAM HOMENUK,,M01335052-S3,
090511,N/A,N/A,Private Owner,BRONX,2304 PROSPECT AVENUE,10803,New Building,2026-03-30T04:00:00.000Z,WILLIAM HOMENUK,,X01366142-S1,
090920,N/A,N/A,N/A,QUEENS,41-20 ELBERTSON STREET,11354,Alteration CO,2026-04-08T04:00:00.000Z,WILLIAM HOMENUK,,Q01382315-I1,
091151,N/A,N/A,N/A,BROOKLYN,2556 STILLWELL AVENUE,11228,New Building,2026-04-07T04:00:00.000Z,WILLIAM HOMENUK,,B01269859-S4,
091451,N/A,N/A,Private Owner,MANHATTAN,240 RIVERSIDE BOULEVARD,10036,Alteration,2026-03-24T04:00:00.000Z,WILLIAM HOMENUK,,M01371325-S1,
091828,N/A,N/A,Private Owner,BROOKLYN,228 AVENUE U,11229,Alteration CO,2026-03-25T04:00:00.000Z,WILLIAM HOMENUK,,B01030032-P5,
091835,N/A,N/A,Private Owner,MANHATTAN,160 EAST   65 STREET,11228,Alteration,2026-03-24T04:00:00.000Z,WILLIAM HOMENUK,,M01287916-P2,
091999,N/A,N/A,Private Owner,MANHATTAN,42 CARMINE STREET,11580,Alteration,2026-03-23T04:00:00.000Z,WILLIAM HOMENUK,,M01370146-I1,
092201,N/A,N/A,Private Owner,BROOKLYN,1384 EAST   93 STREET,10473,Alteration,2026-03-24T04:00:00.000Z,WILLIAM HOMENUK,,B01363902-I1,
092329,N/A,N/A,Private Owner,QUEENS,75-16 ROCKAWAY BOULEVARD,11418,No Work,2026-04-01T04:00:00.000Z,WILLIAM HOMENUK,,Q01374430-I1,
092672,N/A,N/A,Private Owner,MANHATTAN,7 WEST   81 STREET,10591,Alteration,2026-04-09T04:00:00.000Z,WILLIAM HOMENUK,,M01206087-S3,
092860,N/A,N/A,Private Owner,BROOKLYN,285 PACIFIC STREET,08817,ALT-CO - New Building with Existing Elements to Remain,2026-04-14T04:00:00.000Z,WILLIAM HOMENUK,,B01096490-P7,
093450,N/A,N/A,Private Owner,MANHATTAN,488 MADISON AVENUE,11375,Alteration,2026-03-24T04:00:00.000Z,WILLIAM HOMENUK,,M01342093-S2,
093795,N/A,N/A,N/A,BROOKLYN,308 23 STREET,11021,New Building,2026-03-25T04:00:00.000Z,N BECACCIO,,B01323372-S3,
094110,N/A,N/A,Private Owner,QUEENS,102-18 216 STREET,10462,Alteration,2026-04-08T04:00:00.000Z,WILLIAM HOMENUK,,Q01372656-I1,
094110,N/A,N/A,N/A,QUEENS,146-37 BROOKVILLE BOULEVARD,10462,Alteration,2026-03-27T04:00:00.000Z,WILLIAM HOMENUK,,Q01377106-I1,
094354,N/A,N/A,N/A,MANHATTAN,104 WEST   27 STREET,10018,Alteration,2026-04-07T04:00:00.000Z,WILLIAM HOMENUK,,M01377330-I1,
094686,N/A,N/A,Private Owner,BRONX,18 WEST BURNSIDE AVENUE,11363,Alteration,2026-04-01T04:00:00.000Z,WILLIAM HOMENUK,,X01380351-I1,
095097,N/A,N/A,Private Owner,MANHATTAN,525 EAST   12 STREET,10001,Alteration CO,2026-03-26T04:00:00.000Z,WILLIAM HOMENUK,,M01009645-P2,
095160,N/A,N/A,N/A,BROOKLYN,5601 CHURCH AVENUE,11510,Alteration,2026-03-26T04:00:00.000Z,WILLIAM HOMENUK,,B00625881-P2,
095460,N/A,N/A,Private Owner,MANHATTAN,2 EAST   88 STREET,07920,Alteration,2026-03-25T04:00:00.000Z,WILLIAM HOMENUK,,M00656736-P5,
095837,N/A,N/A,Private Owner,BROOKLYN,298 12 STREET,11235,Alteration,2026-04-10T04:00:00.000Z,WILLIAM HOMENUK,,B01378780-I1,
095847,N/A,N/A,Private Owner,BRONX,886 EAST  241 STREET,11747,Alteration,2026-04-13T04:00:00.000Z,WILLIAM HOMENUK,,X01356836-I1,
095911,N/A,N/A,Private Owner,MANHATTAN,25 FIFTH AVENUE,11356,Alteration,2026-03-27T04:00:00.000Z,WILLIAM HOMENUK,,M01262730-I1,
096200,N/A,N/A,N/A,QUEENS,53-14 250 STREET,11357,ALT-CO - New Building with Existing Elements to Remain,2026-04-03T04:00:00.000Z,WILLIAM HOMENUK,,Q01235069-S3,
096206,N/A,N/A,N/A,MANHATTAN,50 DELANCEY STREET,11040,Alteration,2026-04-03T04:00:00.000Z,WILLIAM HOMENUK,,M01380632-I1,
096214,N/A,N/A,Private Owner,BROOKLYN,567 OCEAN AVENUE,10018,Alteration,2026-04-02T04:00:00.000Z,WILLIAM HOMENUK,,B01356647-S1,
096293,N/A,N/A,Private Owner,MANHATTAN,252 7 AVENUE,10013,Alteration,2026-04-01T04:00:00.000Z,WILLIAM HOMENUK,,M01200601-P1,
096575,N/A,N/A,Private Owner,MANHATTAN,610 WEST END AVENUE,07632,Alteration,2026-03-27T04:00:00.000Z,WILLIAM HOMENUK,,M01260674-S2,
096821,N/A,N/A,Private Owner,BROOKLYN,360 FURMAN STREET,11209,Alteration,2026-03-26T04:00:00.000Z,WILLIAM HOMENUK,,B01361031-S3,
096997,N/A,N/A,Private Owner,MANHATTAN,950 PARK AVENUE,10017,Alteration,2026-03-31T04:00:00.000Z,WILLIAM HOMENUK,,M01255620-P1,
097404,N/A,N/A,N/A,MANHATTAN,3770 BROADWAY,07010,Alteration,2026-03-24T04:00:00.000Z,WILLIAM HOMENUK,,M01370896-I1,
098386,N/A,N/A,Private Owner,MANHATTAN,778 PARK AVENUE,10017,Alteration,2026-04-13T04:00:00.000Z,WILLIAM HOMENUK,,M01030365-P4,
099197,N/A,N/A,Private Owner,QUEENS,68-57 BELL BOULEVARD,11361,Alteration,2026-03-24T04:00:00.000Z,WILLIAM HOMENUK,,Q01361954-I1,
099343,N/A,N/A,Private Owner,MANHATTAN,220 MADISON AVENUE,11530,Alteration,2026-04-03T04:00:00.000Z,WILLIAM HOMENUK,,M01351996-S2,
099745,N/A,N/A,Private Owner,MANHATTAN,7 WEST   81 STREET,10011,Alteration,2026-04-13T04:00:00.000Z,WILLIAM HOMENUK,,M01206087-S2,
100823,N/A,N/A,Private Owner,BROOKLYN,24 STRONG PLACE,10018,Alteration,2026-03-30T04:00:00.000Z,WILLIAM HOMENUK,,B01008558-P4,
101262,N/A,N/A,N/A,BROOKLYN,1356 55 STREET,11228,Alteration CO,2026-03-30T04:00:00.000Z,WILLIAM HOMENUK,,B00939909-P5,
102028,N/A,N/A,N/A,BROOKLYN,1271 BROADWAY,11218,Alteration,2026-04-08T04:00:00.000Z,WILLIAM HOMENUK,,B01384389-I1,
102029,N/A,N/A,Private Owner,BRONX,1541 METROPOLITAN AVENUE,10001,Alteration,2026-04-07T04:00:00.000Z,WILLIAM HOMENUK,,X01128982-P1,
102329,N/A,N/A,N/A,BROOKLYN,15 ABERDEEN STREET,11418,Alteration CO,2026-03-25T04:00:00.000Z,WILLIAM HOMENUK,,B00839734-P5,
102391,N/A,N/A,Private Owner,MANHATTAN,224 WEST   18 STREET,10528,Alteration,2026-04-01T04:00:00.000Z,WILLIAM HOMENUK,,M01334117-P1,
102420,N/A,N/A,N/A,QUEENS,155-11 SANFORD AVENUE,11354,ALT-CO - New Building with Existing Elements to Remain,2026-03-30T04:00:00.000Z,WILLIAM HOMENUK,,Q00764065-A2,
102434,N/A,N/A,Private Owner,QUEENS,83-03 248 STREET,11435,ALT-CO - New Building with Existing Elements to Remain,2026-03-26T04:00:00.000Z,WILLIAM HOMENUK,,Q01326875-S5,
102434,N/A,N/A,N/A,QUEENS,81-08 KENT STREET,11435,ALT-CO - New Building with Existing Elements to Remain,2026-03-25T04:00:00.000Z,WILLIAM HOMENUK,,Q01239399-S6,
103046,N/A,N/A,Private Owner,MANHATTAN,270 SEAMAN AVENUE,10595,Alteration,2026-04-08T04:00:00.000Z,WILLIAM HOMENUK,,M01342173-S1,
103102,N/A,N/A,Private Owner,QUEENS,91-10 210 PLACE,11417,Alteration,2026-04-01T04:00:00.000Z,WILLIAM HOMENUK,,Q01379669-I1,
103626,N/A,N/A,Private Owner,BROOKLYN,74 2 PLACE,11501,Alteration,2026-03-26T04:00:00.000Z,WILLIAM HOMENUK,,B01325125-P3,
104157,N/A,N/A,Private Owner,MANHATTAN,30 WARREN STREET,11576,Alteration CO,2026-03-27T04:00:00.000Z,WILLIAM HOMENUK,,M01356071-S2,
104157,N/A,N/A,N/A,BROOKLYN,5601 CHURCH AVENUE,11576,Alteration,2026-03-24T04:00:00.000Z,WILLIAM HOMENUK,,B00625881-S1,
104211,N/A,N/A,Private Owner,MANHATTAN,721 FIFTH AVENUE,11377,Alteration,2026-04-09T04:00:00.000Z,WILLIAM HOMENUK,,M01373085-S2,
104414,N/A,N/A,N/A,QUEENS,142-32 119 ROAD,11432,Alteration,2026-04-06T04:00:00.000Z,WILLIAM HOMENUK,,Q01382402-I1,
104614,N/A,N/A,Private Owner,BROOKLYN,170 SOUTH    4 STREET,11354,Alteration,2026-04-01T04:00:00.000Z,WILLIAM HOMENUK,,B01381258-I1,
104675,N/A,N/A,Private Owner,QUEENS,24-65 38 STREET,11432,Alteration,2026-04-07T04:00:00.000Z,WILLIAM HOMENUK,,Q01372903-S1,
104807,N/A,N/A,Private Owner,MANHATTAN,343 EAST   17 STREET,07070,Alteration,2026-04-06T04:00:00.000Z,WILLIAM HOMENUK,,M01381739-P1,
104807,N/A,N/A,N/A,BROOKLYN,298 6 AVENUE,07070,Alteration,2026-04-01T04:00:00.000Z,WILLIAM HOMENUK,,B00926193-S1,
106033,N/A,N/A,Private Owner,BRONX,4175 PARK AVENUE,10562,Alteration,2026-04-09T04:00:00.000Z,WILLIAM HOMENUK,,X01383757-I1,
106244,N/A,N/A,N/A,QUEENS,63-98 WOODHAVEN BOULEVARD,11423,Alteration,2026-04-14T04:00:00.000Z,WILLIAM HOMENUK,,Q01305697-S1,
106713,N/A,N/A,Private Owner,MANHATTAN,35 EAST   35 STREET,10004,Alteration,2026-03-21T04:00:00.000Z,WILLIAM HOMENUK,,M01337972-S1,
106840,N/A,N/A,Private Owner,BRONX,64 METROPOLITAN OVAL,10001,Alteration,2026-03-28T04:00:00.000Z,WILLIAM HOMENUK,,X01378562-S1,
107384,N/A,N/A,Private Owner,MANHATTAN,345 WEST   14 STREET,08731,Alteration,2026-03-27T04:00:00.000Z,WILLIAM HOMENUK,,M01150401-P2,
107579,N/A,N/A,Private Owner,QUEENS,42-60 MAIN STREET,11373,No Work,2026-03-30T04:00:00.000Z,WILLIAM HOMENUK,,Q01377438-I1,
107592,N/A,N/A,Private Owner,MANHATTAN,420 WEST   49 STREET,10016,Alteration,2026-03-24T04:00:00.000Z,WILLIAM HOMENUK,,M01365773-I1,
107610,N/A,N/A,N/A,QUEENS,82-27 265 STREET,11221,Alteration CO,2026-03-30T04:00:00.000Z,WILLIAM HOMENUK,,Q01373933-I1,
108021,N/A,N/A,Private Owner,MANHATTAN,1010 FIFTH AVENUE,10018,Alteration,2026-04-14T04:00:00.000Z,WILLIAM HOMENUK,,M01313488-P1,
108777,N/A,N/A,N/A,QUEENS,112-25 69 AVENUE,11801,ALT-CO - New Building with Existing Elements to Remain,2026-04-10T04:00:00.000Z,WILLIAM HOMENUK,,Q00976644-S5,
109392,N/A,N/A,Private Owner,MANHATTAN,684 BROADWAY,11417,Alteration,2026-03-25T04:00:00.000Z,WILLIAM HOMENUK,,M01337926-I1,
110217,N/A,N/A,Private Owner,MANHATTAN,100 EAST BROADWAY,11356,No Work,2026-04-05T04:00:00.000Z,WILLIAM HOMENUK,,M01175929-P2,
110658,N/A,N/A,Private Owner,MANHATTAN,20 WEST   29 STREET,10707,No Work,2026-04-09T04:00:00.000Z,WILLIAM HOMENUK,,M01376617-I1,
111400,N/A,N/A,N/A,QUEENS,57-32 260 STREET,11354,Full Demolition,2026-04-01T04:00:00.000Z,WILLIAM HOMENUK,,Q01339877-I1,
111411,N/A,N/A,N/A,BRONX,1822 PROSPECT AVENUE,10914,Alteration,2026-03-24T04:00:00.000Z,WILLIAM HOMENUK,,X01368247-I1,
999983,N/A,N/A,Private Owner,BROOKLYN,4500 1 AVENUE,10007,Alteration CO,2026-03-27T04:00:00.000Z,WILLIAM HOMENUK,,B01379043-I1,
W761846,N/A,N/A,N/A,QUEENS,73-41 GAR 188 STREET,11366,Full Demolition,2026-03-24T04:00:00.000Z,WILLIAM HOMENUK,,Q01376139-I1,
077562,N&A Little Explorers Day Care,N&A Little Explorers Day Care,N&A Little Explorers Day Care,BROOKLYN,436 MOTHER GASTON BOULEVARD,11507,Alteration,2026-04-07T04:00:00.000Z,,,B01375815-I1,
030631,NA,NA,NA,QUEENS,78-02 QUEENS BOULEVARD,10016,New Building,2026-04-06T04:00:00.000Z,JAYLIN WATKINS,,Q01012069-A6,
093795,NA,NA,NA,BRONX,1780 EAST TREMONT AVENUE,11021,New Building,2026-03-19T04:00:00.000Z,N BECACCIO,,X01361959-S5,
078029,NADINE LETTS,NADINE LETTS,NADINE LETTS,BROOKLYN,1875 UTICA AVENUE,11422,Alteration,2026-04-06T04:00:00.000Z,,,B01313805-S2,
064966,NAFTALI GROUP,NAFTALI GROUP,NAFTALI GROUP,MANHATTAN,800 5 AVENUE,10016,Alteration,2026-03-30T04:00:00.000Z,,,M01364355-S1,
107579,NAIL KISS,NAIL KISS,NAIL KISS,STATEN ISLAND,4010 HYLAN BOULEVARD,11373,Alteration,2026-04-02T04:00:00.000Z,,,S01380131-I1,
033885,NAMDAR REALTY LLC,NAMDAR REALTY LLC,NAMDAR REALTY LLC,MANHATTAN,830 3 AVENUE,11223,Alteration CO,2026-04-13T04:00:00.000Z,,,M01109601-P2,
086757,NAMDAR REALTY LLC,NAMDAR REALTY LLC,NAMDAR REALTY LLC,MANHATTAN,830 3 AVENUE,11237,Alteration,2026-03-25T04:00:00.000Z,,,M01377417-I1,
033977,NARROWS MANAGEMENT OF BAY RIDGE INC,NARROWS MANAGEMENT OF BAY RIDGE INC,NARROWS MANAGEMENT OF BAY RIDGE INC,BROOKLYN,1710 84 STREET,10013,Alteration CO,2026-03-25T04:00:00.000Z,,,B01374281-I1,
041519,NARROWS MANAGEMENT OF BAY RIDGE INC,NARROWS MANAGEMENT OF BAY RIDGE INC,NARROWS MANAGEMENT OF BAY RIDGE INC,BROOKLYN,207 PROSPECT PARK SOUTHWEST,10001,Alteration,2026-04-08T04:00:00.000Z,,,B01372121-I1,
083027,NATIONAL GRID,NATIONAL GRID,NATIONAL GRID,QUEENS,127-11 FARMERS BOULEVARD,13202,Alteration,2026-04-13T04:00:00.000Z,DAVID MANN,,Q01331579-P1,
034045,NAZARIAN PROPERTY,NAZARIAN PROPERTY,NAZARIAN PROPERTY,MANHATTAN,16 CHRISTOPHER STREET,10001,Alteration,2026-03-25T04:00:00.000Z,,,M01367497-I1,
074034,NCITYCO BUILDERS,NCITYCO BUILDERS,NCITYCO BUILDERS,STATEN ISLAND,36 MAPLE TERRACE,07103-356,Alteration,2026-04-14T04:00:00.000Z,GENNARO SPAMPANATO,,S01383690-S1,
018133,NEDERLANDER PRODUCING COMPANY,NEDERLANDER PRODUCING COMPANY,NEDERLANDER PRODUCING COMPANY,MANHATTAN,160 WEST   47 STREET,10018,Alteration,2026-03-31T04:00:00.000Z,ARTHUR FROMANN,,M01378831-I1,
051702,NEDERLANDER PRODUCING COMPANY,NEDERLANDER PRODUCING COMPANY,NEDERLANDER PRODUCING COMPANY,MANHATTAN,250 WEST   52 STREET,10018,Alteration,2026-03-27T04:00:00.000Z,,,M01379069-I1,
072488,NEDERLANDER PRODUCING COMPANY,NEDERLANDER PRODUCING COMPANY,NEDERLANDER PRODUCING COMPANY,MANHATTAN,205 WEST   46 STREET,11550,Alteration,2026-03-20T04:00:00.000Z,,,M01370787-I1,
016965,NEHMER,NEHMER,NEHMER,MANHATTAN,133 WEST   44 STREET,10005,Alteration,2026-03-25T04:00:00.000Z,,,M01359068-I1,
071143,NEHMER,NEHMER,NEHMER,MANHATTAN,133 WEST   44 STREET,10036,Alteration,2026-03-25T04:00:00.000Z,,,M01359068-S1,
044118,Neighborhood Housing Services of Qu,Neighborhood Housing Services of Qu,Neighborhood Housing Services of Qu,QUEENS,94-33 CORONA AVENUE,11206,Alteration CO,2026-03-28T04:00:00.000Z,,,Q01357001-I1,
015826,NEIGHBORHOOD RENEWAL HDFC,NEIGHBORHOOD RENEWAL HDFC,NEIGHBORHOOD RENEWAL HDFC,BRONX,1410 GRAND CONCOURSE,10003,Alteration,2026-04-10T04:00:00.000Z,,,X00978735-P1,
086757,NEIGHBORHOOD RENEWAL HDFC,NEIGHBORHOOD RENEWAL HDFC,NEIGHBORHOOD RENEWAL HDFC,BRONX,1575 TOWNSEND AVENUE,11237,Alteration,2026-03-19T04:00:00.000Z,,,X01369326-I1,
076707,NET COST MARKET,NET COST MARKET,NET COST MARKET,BROOKLYN,599 AVENUE Z,19006,Alteration,2026-03-31T04:00:00.000Z,,,B01369718-I1,
033795,NET ZERO PROPERTY MANAGMENT,NET ZERO PROPERTY MANAGMENT,NET ZERO PROPERTY MANAGMENT,BROOKLYN,1582 DEKALB AVENUE,11201,Alteration CO,2026-03-31T04:00:00.000Z,,,B00768789-A2,
034045,NEW AIM REALTY,NEW AIM REALTY,NEW AIM REALTY,MANHATTAN,1481 YORK AVENUE,10001,Alteration,2026-04-01T04:00:00.000Z,,,M01272076-P2,
094686,NEW AMERICAN CONSTRUCTION INC,NEW AMERICAN CONSTRUCTION INC,NEW AMERICAN CONSTRUCTION INC,BROOKLYN,129 MC DONALD AVENUE,11363,Alteration,2026-04-08T04:00:00.000Z,,,B01380132-I1,
086064,"NEW CINGULAR WIRELESS PCS, LLC","NEW CINGULAR WIRELESS PCS, LLC","NEW CINGULAR WIRELESS PCS, LLC",QUEENS,162-45 CROSS BAY BOULEVARD,07719,Alteration,2026-04-09T04:00:00.000Z,,,Q01073318-I1,
084224,NEW EMPIRE CORP,NEW EMPIRE CORP,NEW EMPIRE CORP,MANHATTAN,247REAR EAST   31 STREET,11365,Full Demolition,2026-04-02T04:00:00.000Z,,,M01373435-I1,
090287,NEW EMPIRE CORP,NEW EMPIRE CORP,NEW EMPIRE CORP,QUEENS,58-01 QUEENS BOULEVARD,11101,New Building,2026-03-30T04:00:00.000Z,,,Q00790556-S9,
093795,NEW EMPIRE CORP,NEW EMPIRE CORP,NEW EMPIRE CORP,BROOKLYN,757 FLATBUSH AVENUE,11021,New Building,2026-03-27T04:00:00.000Z,N BECACCIO,,B00902739-A1,
034650,NEW HAVEN MINISTRIES,NEW HAVEN MINISTRIES,NEW HAVEN MINISTRIES,QUEENS,90-21 195 PLACE,11040,Alteration,2026-04-08T04:00:00.000Z,,,Q01361695-S1,
083550,NEW HL SUPERMARKET,NEW HL SUPERMARKET,NEW HL SUPERMARKET,STATEN ISLAND,350 OTIS AVENUE,10309,Alteration,2026-03-30T04:00:00.000Z,,,S00781460-P3,
048991,NEW JERUSALEM BAPTIST CHURCH,NEW JERUSALEM BAPTIST CHURCH,NEW JERUSALEM BAPTIST CHURCH,QUEENS,165-21 BAISLEY BOULEVARD,11415,Alteration,2026-03-25T04:00:00.000Z,,,Q01046333-P1,
045075,NEW LIFE YUE INC,NEW LIFE YUE INC,NEW LIFE YUE INC,QUEENS,38-16 211 STREET,11218,Alteration,2026-04-02T04:00:00.000Z,,,Q01380885-I1,
016393,NEW LINE BUILDERS,NEW LINE BUILDERS,NEW LINE BUILDERS,BRONX,2311 GRAND AVENUE,10803,New Building,2026-03-26T04:00:00.000Z,,,X01015264-P6,
063353,NEW LINE BUILDERS,NEW LINE BUILDERS,NEW LINE BUILDERS,BRONX,308 EAST  162 STREET,10514,New Building,2026-04-13T04:00:00.000Z,,,X01065781-P4,
081961,NEW MUSEUM,NEW MUSEUM,NEW MUSEUM,MANHATTAN,235 BOWERY,18657,Alteration,2026-04-14T04:00:00.000Z,,,M01147514-P2,
062114,NEW NASSAU DEVELOPMENTS LLC,NEW NASSAU DEVELOPMENTS LLC,NEW NASSAU DEVELOPMENTS LLC,BROOKLYN,812 54 STREET,11375,Alteration,2026-03-19T04:00:00.000Z,,,B01347255-P1,
083189,NEW PHOENIX REAL ESTATE LLC,NEW PHOENIX REAL ESTATE LLC,NEW PHOENIX REAL ESTATE LLC,BROOKLYN,1073 39 STREET,11354,ALT-CO - New Building with Existing Elements to Remain,2026-04-08T04:00:00.000Z,,,B01335172-S6,
088728,NEW SAFEWAY CONTRACTING CORP.,NEW SAFEWAY CONTRACTING CORP.,NEW SAFEWAY CONTRACTING CORP.,QUEENS,102-33 ATLANTIC AVENUE,07090,Alteration,2026-04-02T04:00:00.000Z,,,Q01380628-I1,
066709,NEW WATER STREET CORP,NEW WATER STREET CORP,NEW WATER STREET CORP,MANHATTAN,55 WATER STREET,10001,Alteration,2026-03-27T04:00:00.000Z,,,M01372194-S2,
085429,NEW WATER STREET CORP,NEW WATER STREET CORP,NEW WATER STREET CORP,MANHATTAN,55 WATER STREET,10001,Alteration,2026-04-01T04:00:00.000Z,,,M01372194-S4,
090287,NEW YORK ATHLETIC CLUB,NEW YORK ATHLETIC CLUB,NEW YORK ATHLETIC CLUB,MANHATTAN,180 CENTRAL PARK SOUTH,11101,Alteration,2026-04-07T04:00:00.000Z,,,M01313092-P5,
101192,NEW YORK ATHLETIC CLUB,NEW YORK ATHLETIC CLUB,NEW YORK ATHLETIC CLUB,MANHATTAN,180 CENTRAL PARK SOUTH,10036,Alteration,2026-04-08T04:00:00.000Z,,,M00998983-P2,
101713,NEW YORK CITY DEPARTMENT OF DESIGN,NEW YORK CITY DEPARTMENT OF DESIGN,NEW YORK CITY DEPARTMENT OF DESIGN,QUEENS,89-17 SUTPHIN BOULEVARD,10017,Alteration,2026-03-25T04:00:00.000Z,,,Q01363097-S1,
019160,NEW YORK CITY HOUSING AUTHORITY,NEW YORK CITY HOUSING AUTHORITY,NEW YORK CITY HOUSING AUTHORITY,MANHATTAN,418 WEST   17 STREET,11372,Alteration,2026-04-03T04:00:00.000Z,NICHOLAS DI GERONIMO,,M01265410-P2,
019534,NEW YORK CITY HOUSING AUTHORITY,NEW YORK CITY HOUSING AUTHORITY,NEW YORK CITY HOUSING AUTHORITY,BRONX,1102 LONGFELLOW AVENUE,10004,Alteration,2026-03-27T04:00:00.000Z,FRANCIS TALTY,,X01362388-I1,
035215,NEW YORK CITY HOUSING AUTHORITY,NEW YORK CITY HOUSING AUTHORITY,NEW YORK CITY HOUSING AUTHORITY,BRONX,3475 BIVONA STREET,11501,Alteration,2026-03-19T04:00:00.000Z,,,X00884355-P5,
037428,NEW YORK CITY HOUSING AUTHORITY,NEW YORK CITY HOUSING AUTHORITY,NEW YORK CITY HOUSING AUTHORITY,MANHATTAN,56 ESSEX STREET,10036,Alteration,2026-03-30T04:00:00.000Z,,,M01373649-S4,
046023,NEW YORK CITY HOUSING AUTHORITY,NEW YORK CITY HOUSING AUTHORITY,NEW YORK CITY HOUSING AUTHORITY,MANHATTAN,154 BROOME STREET,02150,Alteration CO,2026-03-30T04:00:00.000Z,,,M01373297-I1,
070045,NEW YORK CITY HOUSING AUTHORITY,NEW YORK CITY HOUSING AUTHORITY,NEW YORK CITY HOUSING AUTHORITY,BRONX,3031 MIDDLETOWN ROAD,10001,Alteration,2026-03-30T04:00:00.000Z,,,X00884387-P4,
070384,NEW YORK CITY HOUSING AUTHORITY,NEW YORK CITY HOUSING AUTHORITY,NEW YORK CITY HOUSING AUTHORITY,BRONX,3475 BIVONA STREET,10004,Alteration,2026-03-20T04:00:00.000Z,,,X00884355-P6,
073203,NEW YORK CITY HOUSING AUTHORITY,NEW YORK CITY HOUSING AUTHORITY,NEW YORK CITY HOUSING AUTHORITY,MANHATTAN,405 EAST  105 STREET,10006,Alteration,2026-04-10T04:00:00.000Z,,,M01348734-S7,
074696,NEW YORK CITY HOUSING AUTHORITY,NEW YORK CITY HOUSING AUTHORITY,NEW YORK CITY HOUSING AUTHORITY,BRONX,1102 LONGFELLOW AVENUE,10018,Alteration,2026-03-27T04:00:00.000Z,,,X01362388-S2,
079484,NEW YORK CITY HOUSING AUTHORITY,NEW YORK CITY HOUSING AUTHORITY,NEW YORK CITY HOUSING AUTHORITY,MANHATTAN,1115 FDR DRIVE,10017,Alteration,2026-04-13T04:00:00.000Z,,,M01073637-P2,
081589,NEW YORK CITY HOUSING AUTHORITY,NEW YORK CITY HOUSING AUTHORITY,NEW YORK CITY HOUSING AUTHORITY,BROOKLYN,1755 BERGEN STREET,10001,New Building,2026-04-02T04:00:00.000Z,,,B01290649-S6,
081772,NEW YORK CITY HOUSING AUTHORITY,NEW YORK CITY HOUSING AUTHORITY,NEW YORK CITY HOUSING AUTHORITY,BRONX,1710 RANDALL AVENUE,11563,Alteration,2026-04-01T04:00:00.000Z,,,X01300804-P1,
086043,NEW YORK CITY HOUSING AUTHORITY,NEW YORK CITY HOUSING AUTHORITY,NEW YORK CITY HOUSING AUTHORITY,MANHATTAN,56 ESSEX STREET,10036,Alteration,2026-03-30T04:00:00.000Z,,,M01373649-S3,
086520,NEW YORK CITY HOUSING AUTHORITY,NEW YORK CITY HOUSING AUTHORITY,NEW YORK CITY HOUSING AUTHORITY,QUEENS,53-05 BEACH CHANNEL DRIVE,10018,New Building,2026-03-19T04:00:00.000Z,,,Q01327614-S1,
086583,NEW YORK CITY HOUSING AUTHORITY,NEW YORK CITY HOUSING AUTHORITY,NEW YORK CITY HOUSING AUTHORITY,MANHATTAN,302 EAST  102 STREET,11377,Alteration,2026-04-03T04:00:00.000Z,,,M01091273-A3,
086824,NEW YORK CITY HOUSING AUTHORITY,NEW YORK CITY HOUSING AUTHORITY,NEW YORK CITY HOUSING AUTHORITY,BRONX,1531 UNIVERSITY AVENUE,11101,Alteration,2026-03-24T04:00:00.000Z,,,X01073610-P5,
087742,NEW YORK CITY HOUSING AUTHORITY,NEW YORK CITY HOUSING AUTHORITY,NEW YORK CITY HOUSING AUTHORITY,MANHATTAN,56 ESSEX STREET,10018,Alteration,2026-03-30T04:00:00.000Z,,,M01373649-S2,
088825,NEW YORK CITY HOUSING AUTHORITY,NEW YORK CITY HOUSING AUTHORITY,NEW YORK CITY HOUSING AUTHORITY,BROOKLYN,1755 BERGEN STREET,10006,New Building,2026-03-25T04:00:00.000Z,,,B01290649-S7,
090496,NEW YORK CITY HOUSING AUTHORITY,NEW YORK CITY HOUSING AUTHORITY,NEW YORK CITY HOUSING AUTHORITY,MANHATTAN,2690 FREDERICK DOUGLASS BOULEVARD,11101,Alteration,2026-03-23T04:00:00.000Z,,,M08030387-P1,
090604,NEW YORK CITY HOUSING AUTHORITY,NEW YORK CITY HOUSING AUTHORITY,NEW YORK CITY HOUSING AUTHORITY,MANHATTAN,108 AVENUE D,11501,Alteration,2026-03-31T04:00:00.000Z,,,M00985711-P2,
091960,NEW YORK CITY HOUSING AUTHORITY,NEW YORK CITY HOUSING AUTHORITY,NEW YORK CITY HOUSING AUTHORITY,BRONX,550 BALCOM AVENUE,11101,Alteration,2026-04-08T04:00:00.000Z,,,X08051190-P1,
092397,NEW YORK CITY HOUSING AUTHORITY,NEW YORK CITY HOUSING AUTHORITY,NEW YORK CITY HOUSING AUTHORITY,BROOKLYN,291 SUTTER AVENUE,10004,Alteration,2026-04-07T04:00:00.000Z,,,B00703861-P2,
096363,NEW YORK CITY HOUSING AUTHORITY,NEW YORK CITY HOUSING AUTHORITY,NEW YORK CITY HOUSING AUTHORITY,BROOKLYN,359 WORTMAN AVENUE,10038,Alteration,2026-03-24T04:00:00.000Z,,,B00537507-P4,
097619,NEW YORK CITY HOUSING AUTHORITY,NEW YORK CITY HOUSING AUTHORITY,NEW YORK CITY HOUSING AUTHORITY,MANHATTAN,405 EAST  105 STREET,10119,Alteration,2026-04-10T04:00:00.000Z,,,M01348734-S5,
107124,NEW YORK CITY HOUSING AUTHORITY,NEW YORK CITY HOUSING AUTHORITY,NEW YORK CITY HOUSING AUTHORITY,MANHATTAN,2029 2 AVENUE,07073,Alteration,2026-04-06T04:00:00.000Z,,,M01365419-P1,
067192,NEW YORK CITY PUBLIC SCHOOL,NEW YORK CITY PUBLIC SCHOOL,NEW YORK CITY PUBLIC SCHOOL,STATEN ISLAND,330 DURANT AVENUE,10018,Alteration,2026-03-31T04:00:00.000Z,,,S01116144-P2,
091507,NEW YORK CITY PUBLIC SCHOOL,NEW YORK CITY PUBLIC SCHOOL,NEW YORK CITY PUBLIC SCHOOL,STATEN ISLAND,1581 VICTORY BOULEVARD,10018,Alteration,2026-03-30T04:00:00.000Z,,,S01164270-P1,
025226,"NEW YORK CRUISE LINES, INC.","NEW YORK CRUISE LINES, INC.","NEW YORK CRUISE LINES, INC.",MANHATTAN,83 NORTH RIVER PIERS,11201,Alteration,2026-04-07T04:00:00.000Z,LEON JACOBS,,M01382227-I1,
108976,NEW YORK FOUNDLING CHARITIABLE,NEW YORK FOUNDLING CHARITIABLE,NEW YORK FOUNDLING CHARITIABLE,BROOKLYN,337 A MACON STREET,11423,Alteration,2026-03-27T04:00:00.000Z,,,B01374718-I1,
035394,NEW YORK INSTITUTE OF TECHNOLOGY,NEW YORK INSTITUTE OF TECHNOLOGY,NEW YORK INSTITUTE OF TECHNOLOGY,MANHATTAN,1849 BROADWAY,10013,Alteration,2026-04-09T04:00:00.000Z,,,M01383125-I1,
072039,NEW YORK INSTITUTE OF TECHNOLOGY,NEW YORK INSTITUTE OF TECHNOLOGY,NEW YORK INSTITUTE OF TECHNOLOGY,MANHATTAN,1849 BROADWAY,10016,Alteration,2026-04-10T04:00:00.000Z,,,M01383125-S1,
096555,NEW YORK LAW SCHOOL,NEW YORK LAW SCHOOL,NEW YORK LAW SCHOOL,MANHATTAN,57 WORTH STREET,10018,Alteration,2026-04-07T04:00:00.000Z,,,M01378307-I1,
111774,NEW YORK PRESBYTERIAN,NEW YORK PRESBYTERIAN,NEW YORK PRESBYTERIAN,BROOKLYN,506 6 STREET,07070,Alteration,2026-03-19T04:00:00.000Z,EMIL RASHKOVSKY,,B01364230-I1,
058375,NEW YORK PRESBYTERIAN HOSPITAL,NEW YORK PRESBYTERIAN HOSPITAL,NEW YORK PRESBYTERIAN HOSPITAL,MANHATTAN,177 FT WASHINGTON AVENUE,10018,Alteration,2026-04-01T04:00:00.000Z,,,M00943335-P2,
079551,NEW YORK PRESBYTERIAN HOSPITAL,NEW YORK PRESBYTERIAN HOSPITAL,NEW YORK PRESBYTERIAN HOSPITAL,MANHATTAN,525 EAST   68 STREET,10036,Alteration,2026-03-24T04:00:00.000Z,,,M01328164-I1,
080991,NEW YORK PRESBYTERIAN HOSPITAL,NEW YORK PRESBYTERIAN HOSPITAL,NEW YORK PRESBYTERIAN HOSPITAL,MANHATTAN,170 WILLIAM STREET,10018,Alteration,2026-03-26T04:00:00.000Z,,,M01167036-P3,
085042,NEW YORK PRESBYTERIAN HOSPITAL,NEW YORK PRESBYTERIAN HOSPITAL,NEW YORK PRESBYTERIAN HOSPITAL,MANHATTAN,523 EAST   70 STREET,10119,Alteration,2026-04-14T04:00:00.000Z,,,M01198804-P2,
085394,NEW YORK PRESBYTERIAN HOSPITAL,NEW YORK PRESBYTERIAN HOSPITAL,NEW YORK PRESBYTERIAN HOSPITAL,MANHATTAN,180 FORT WASHINGTON AVENUE,11797,Alteration,2026-03-26T04:00:00.000Z,,,M01363663-S1,
101107,NEW YORK PRESBYTERIAN HOSPITAL,NEW YORK PRESBYTERIAN HOSPITAL,NEW YORK PRESBYTERIAN HOSPITAL,MANHATTAN,170 WILLIAM STREET,10003-732,Alteration,2026-04-13T04:00:00.000Z,,,M01343929-P1,
080951,NEW YORK ROOFSCAPES,NEW YORK ROOFSCAPES,NEW YORK ROOFSCAPES,MANHATTAN,1851 7 AVENUE,11514,Alteration,2026-03-26T04:00:00.000Z,,,M00981038-P1,
071109,NEW YORK SOCIETY LIBRARY,NEW YORK SOCIETY LIBRARY,NEW YORK SOCIETY LIBRARY,MANHATTAN,53 EAST   79 STREET,10018,Alteration,2026-04-07T04:00:00.000Z,,,M00465175-A3,
081677,NEW YORK SOCIETY LIBRARY,NEW YORK SOCIETY LIBRARY,NEW YORK SOCIETY LIBRARY,MANHATTAN,53 EAST   79 STREET,10005,Alteration,2026-04-02T04:00:00.000Z,,,M00465175-A2,
038324,NEW YORK STOCK EXCHANGE,NEW YORK STOCK EXCHANGE,NEW YORK STOCK EXCHANGE,MANHATTAN,11 WALL STREET,10001,Alteration CO,2026-04-14T04:00:00.000Z,,,M00982623-P4,
091112,New York Studio School,New York Studio School,New York Studio School,MANHATTAN,8 WEST    8 STREET,10018,Alteration,2026-04-02T04:00:00.000Z,,,M01374538-S1,
010061,NEW YORK UNIVERSITY,NEW YORK UNIVERSITY,NEW YORK UNIVERSITY,MANHATTAN,433 1 AVENUE,10001,Alteration,2026-04-09T04:00:00.000Z,E MURRAY,,M01384371-I1,
020542,NEW YORK UNIVERSITY,NEW YORK UNIVERSITY,NEW YORK UNIVERSITY,MANHATTAN,140 EAST   14 STREET,10025,Alteration,2026-04-13T04:00:00.000Z,CARLOS ARELLANO,,M01363263-I1,
061833,New York Yatch Club,New York Yatch Club,New York Yatch Club,MANHATTAN,37 WEST   44 STREET,10018,Alteration,2026-04-13T04:00:00.000Z,,,M01373500-I1,
072476,Newhip LLC,Newhip LLC,Newhip LLC,BROOKLYN,149 ECKFORD STREET,10707,Alteration,2026-04-01T04:00:00.000Z,,,B01379024-I1,
089728,NEWMARK HOLDINGS LLC,NEWMARK HOLDINGS LLC,NEWMARK HOLDINGS LLC,MANHATTAN,330 7 AVENUE,08816,Alteration,2026-03-30T04:00:00.000Z,,,M01379722-I1,
099301,NEWMARK INC.,NEWMARK INC.,NEWMARK INC.,MANHATTAN,1584 BROADWAY,63026,Alteration,2026-04-03T04:00:00.000Z,,,M01372894-S1,
103242,NEWMARK INC.,NEWMARK INC.,NEWMARK INC.,MANHATTAN,9 TIMES SQUARE,06840,Alteration,2026-03-27T04:00:00.000Z,,,M01349543-I1,
035290,Newtown Capital Realty LLC,Newtown Capital Realty LLC,Newtown Capital Realty LLC,QUEENS,25-14 NEWTOWN AVENUE,07731,Alteration,2026-04-09T04:00:00.000Z,,,Q01383683-I1,
072996,NEXTGEN PHARMACEUTICALS,NEXTGEN PHARMACEUTICALS,NEXTGEN PHARMACEUTICALS,BROOKLYN,2030 EAST   14 STREET,08831,ALT-CO - New Building with Existing Elements to Remain,2026-04-01T04:00:00.000Z,,,B01233197-S5,
097789,NEXTGEN PHARMACEUTICALS,NEXTGEN PHARMACEUTICALS,NEXTGEN PHARMACEUTICALS,BROOKLYN,2030 EAST   14 STREET,11706,ALT-CO - New Building with Existing Elements to Remain,2026-03-31T04:00:00.000Z,,,B01233197-S3,
064004,NG 645 Madison Ave LLC,NG 645 Madison Ave LLC,NG 645 Madison Ave LLC,MANHATTAN,645 MADISON AVENUE,10595,Alteration,2026-04-01T04:00:00.000Z,,,M01193084-P2,
092329,Nicanor Jose Martinez,Nicanor Jose Martinez,Nicanor Jose Martinez,BROOKLYN,106 SHEPHERD AVENUE,11418,Alteration,2026-04-01T04:00:00.000Z,,,B01371538-I1,
093629,NINEDOT ENERGY,NINEDOT ENERGY,NINEDOT ENERGY,BRONX,2930 BOSTON ROAD,10953,Alteration,2026-04-07T04:00:00.000Z,JOHN LOIACONO,,X01382440-I1,
095460,NIRTOSAL INCORPORATED,NIRTOSAL INCORPORATED,NIRTOSAL INCORPORATED,MANHATTAN,25 COLUMBUS CIRCLE,07920,Alteration,2026-03-23T04:00:00.000Z,,,M01366396-P2,
079187,"NJNAM ASSET CO., LLC","NJNAM ASSET CO., LLC","NJNAM ASSET CO., LLC",MANHATTAN,123 EAST   86 STREET,10007,Alteration,2026-03-24T04:00:00.000Z,,,M01362250-I1,
045252,NMC PROPERTY MANAGEMENT,NMC PROPERTY MANAGEMENT,NMC PROPERTY MANAGEMENT,MANHATTAN,655 6 AVENUE,11215,Alteration,2026-03-31T04:00:00.000Z,,,M01327483-I1,
082390,NOBLE BX ENTERPRISES,NOBLE BX ENTERPRISES,NOBLE BX ENTERPRISES,BRONX,2443 POPLAR STREET,10002,Alteration,2026-04-02T04:00:00.000Z,,,X00660984-P4,
043690,NOBLE SALES INC,NOBLE SALES INC,NOBLE SALES INC,BROOKLYN,211 SCHERMERHORN STREET,00730,Alteration,2026-03-19T04:00:00.000Z,,,B01342934-S1,
107592,NOCRALA SIGN MANAGEMENT LLC,NOCRALA SIGN MANAGEMENT LLC,NOCRALA SIGN MANAGEMENT LLC,QUEENS,133-07 ROCKAWAY BOULEVARD,10016,Alteration,2026-03-24T04:00:00.000Z,,,Q01372475-I1,
085744,NOMA MANAGEMENT,NOMA MANAGEMENT,NOMA MANAGEMENT,MANHATTAN,106 PINEHURST AVENUE,11372,Alteration,2026-03-30T04:00:00.000Z,,,M01379549-I1,
069460,NORTHWELL HEALTH,NORTHWELL HEALTH,NORTHWELL HEALTH,QUEENS,270-27 76 AVENUE,10001,Alteration,2026-04-08T04:00:00.000Z,,,Q01372437-I1,
103643,NORTHWELL HEALTH,NORTHWELL HEALTH,NORTHWELL HEALTH,QUEENS,75-59 263 STREET,10122,Alteration,2026-04-09T04:00:00.000Z,,,Q01376499-I1,
036266,Northwell Health (SIUH),Northwell Health (SIUH),Northwell Health (SIUH),STATEN ISLAND,475 SEAVIEW AVENUE,10018,Alteration,2026-04-02T04:00:00.000Z,,,S01376491-I1,
085970,Northwell Health (SIUH),Northwell Health (SIUH),Northwell Health (SIUH),STATEN ISLAND,475 SEAVIEW AVENUE,10119,Alteration,2026-04-01T04:00:00.000Z,,,S01376496-I1,
087773,Northwell Health (SIUH),Northwell Health (SIUH),Northwell Health (SIUH),STATEN ISLAND,475 SEAVIEW AVENUE,10016,Alteration,2026-04-07T04:00:00.000Z,,,S01332639-I1,
088829,Northwell Health (SIUH),Northwell Health (SIUH),Northwell Health (SIUH),STATEN ISLAND,475 SEAVIEW AVENUE,10041,Alteration,2026-03-25T04:00:00.000Z,,,S01360908-S2,
041454,NORTHWELL HEALTH (SIUH),NORTHWELL HEALTH (SIUH),NORTHWELL HEALTH (SIUH),STATEN ISLAND,475 SEAVIEW AVENUE,30303,Alteration,2026-04-02T04:00:00.000Z,,,S01095601-P1,
090310,NORTHWELL HEALTH LENOX HILL HOSPITA,NORTHWELL HEALTH LENOX HILL HOSPITA,NORTHWELL HEALTH LENOX HILL HOSPITA,MANHATTAN,1345 3 AVENUE,10041,New Building,2026-04-13T04:00:00.000Z,,,M08013299-B5,
081461,NORWAX ASSOCIATES INC,NORWAX ASSOCIATES INC,NORWAX ASSOCIATES INC,BRONX,38 ELLIOT PLACE,10018,Alteration,2026-03-31T04:00:00.000Z,,,X01380445-I1,
040451,NOSTRAND LAND LLC,NOSTRAND LAND LLC,NOSTRAND LAND LLC,BROOKLYN,2255 NOSTRAND AVENUE,11205,New Building,2026-04-13T04:00:00.000Z,,,B00852545-A2,
010343,Not Applicable,Not Applicable,Not Applicable,QUEENS,31-10 47 STREET,10001,Alteration,2026-03-24T04:00:00.000Z,H APOSTOLIDIS,,Q01374655-I1,
010869,Not Applicable,Not Applicable,Not Applicable,BROOKLYN,2161 60 STREET,10018,Alteration,2026-03-19T04:00:00.000Z,C CARROLL,,B01368174-I1,
013469,Not Applicable,Not Applicable,Not Applicable,QUEENS,22-05 48 STREET,11103,Alteration,2026-04-07T04:00:00.000Z,JASON LA GREGA,,Q01125495-P5,
015807,Not Applicable,Not Applicable,Not Applicable,BRONX,558 GRAND CONCOURSE,10036,Alteration CO,2026-03-27T04:00:00.000Z,LUTHER ROLAN JR,,X01373793-I1,
015817,Not Applicable,Not Applicable,Not Applicable,QUEENS,32-35 QUEENS BOULEVARD,11354,New Building,2026-03-27T04:00:00.000Z,PAUL SAFINA,,Q01267989-I1,
016123,Not Applicable,Not Applicable,Not Applicable,MANHATTAN,115 EAST   81 STREET,10019,Alteration,2026-03-20T04:00:00.000Z,WILLIAM WALSH,,M01198549-P1,
016198,Not Applicable,Not Applicable,Not Applicable,MANHATTAN,250 VESEY STREET,10174,Alteration,2026-04-13T04:00:00.000Z,BERNARD WILLKOMM,,M01179427-P5,
016879,Not Applicable,Not Applicable,Not Applicable,QUEENS,155-37 100 STREET,11417,Alteration,2026-04-09T04:00:00.000Z,SALIH CHIOKE,,Q01065304-P1,
016907,Not Applicable,Not Applicable,Not Applicable,MANHATTAN,19 WEST   26 STREET,11021,Alteration CO,2026-04-02T04:00:00.000Z,HAROLD BAYER,,M01305508-I1,
017011,Not Applicable,Not Applicable,Not Applicable,MANHATTAN,821 MADISON AVENUE,10013,Alteration,2026-04-13T04:00:00.000Z,ROBERT DREYER,,M01378240-I1,
017206,Not Applicable,Not Applicable,Not Applicable,STATEN ISLAND,60 NANCY LANE,10310,Alteration,2026-03-26T04:00:00.000Z,JAMES FOGARTY,,S01371173-I1,
017489,Not Applicable,Not Applicable,Not Applicable,BRONX,12 FORT CHARLES PLACE,10044,Alteration,2026-03-27T04:00:00.000Z,FRED BARNES,,X01281202-I1,
017683,Not Applicable,Not Applicable,Not Applicable,BROOKLYN,1922 HENDRICKSON STREET,10018,Alteration,2026-03-31T04:00:00.000Z,MICHAEL FALCI,,B01309754-P1,
018215,Not Applicable,Not Applicable,Not Applicable,MANHATTAN,773 MADISON AVENUE,10004,Alteration,2026-03-26T04:00:00.000Z,SANFORD LAPSLEY,,M01357977-I1,
018270,Not Applicable,Not Applicable,Not Applicable,BROOKLYN,237 VAN SICKLEN STREET,11231,Alteration,2026-03-26T04:00:00.000Z,GARY GIDMAN,,B01377306-I1,
018358,Not Applicable,Not Applicable,Not Applicable,STATEN ISLAND,46 PRINCEWOOD AVENUE,10314,Alteration CO,2026-04-10T04:00:00.000Z,THOMAS MOSCHETTO,,S01330272-I1,
018459,Not Applicable,Not Applicable,Not Applicable,MANHATTAN,170 WEST END AVENUE,10023,Alteration,2026-04-14T04:00:00.000Z,ROBERT BENZE,,M01377470-I1,
018593,Not Applicable,Not Applicable,Not Applicable,MANHATTAN,494 BROADWAY,10018,Alteration CO,2026-03-29T04:00:00.000Z,LESTER LOYED,,M01371632-I1,
018684,Not Applicable,Not Applicable,Not Applicable,BRONX,242 GAR BALCOM AVENUE,10468,Alteration,2026-03-24T04:00:00.000Z,CORNEL SILVERA,,X01224960-S2,
018915,Not Applicable,Not Applicable,Not Applicable,QUEENS,104 WALNUT STREET,11418,Alteration,2026-04-01T04:00:00.000Z,STEPHEN SHUMAN,,Q01381607-I1,
018963,Not Applicable,Not Applicable,Not Applicable,STATEN ISLAND,750 BARCLAY AVENUE,10306,Alteration,2026-04-07T04:00:00.000Z,ROBERT SHAPIRO,,S01384027-I1,
019109,Not Applicable,Not Applicable,Not Applicable,QUEENS,39-24 46 STREET,11104,Alteration,2026-04-06T04:00:00.000Z,JOHN WAUGH,,Q01381181-I1,
019160,Not Applicable,Not Applicable,Not Applicable,BROOKLYN,37 GARNET STREET,11372,New Building,2026-04-03T04:00:00.000Z,NICHOLAS DI GERONIMO,,B01049462-P1,
019437,Not Applicable,Not Applicable,Not Applicable,BRONX,401 EAST  139 STREET,10550,New Building,2026-03-30T04:00:00.000Z,GREGORY COLEY,,X01353841-S2,
019488,Not Applicable,Not Applicable,Not Applicable,MANHATTAN,303 EAST    8 STREET,11754,Alteration,2026-04-11T04:00:00.000Z,THOMAS MCFARLAND,,M00850101-P3,
019517,Not Applicable,Not Applicable,Not Applicable,BROOKLYN,1810 AVENUE U,07676,Alteration,2026-04-14T04:00:00.000Z,NUNZIO CHIULLI,,B01386575-I1,
019548,Not Applicable,Not Applicable,Not Applicable,QUEENS,106-55 UNION HALL STREET,11435,Alteration,2026-04-01T04:00:00.000Z,DENNIS MORTENSEN,,Q01365609-S1,
019581,Not Applicable,Not Applicable,Not Applicable,QUEENS,45-40 PEARSON STREET,11201,New Building,2026-04-13T04:00:00.000Z,JOSEPH ASTARITA,,Q01317435-P2,
019756,Not Applicable,Not Applicable,Not Applicable,STATEN ISLAND,329 MCBAINE AVENUE,10304,Alteration,2026-04-14T04:00:00.000Z,TERRANCE BARNWELL,,S01317828-I1,
019910,Not Applicable,Not Applicable,Not Applicable,MANHATTAN,109 WEST  118 STREET,11101,Alteration,2026-04-14T04:00:00.000Z,CHRISTOPHER HARPER,,M01380442-I1,
019999,Not Applicable,Not Applicable,Not Applicable,MANHATTAN,1165 FIFTH AVENUE,10001,Alteration CO,2026-03-25T04:00:00.000Z,CHARLES BUBROWIECKI JR,,M01372575-I1,
027562,Not Applicable,Not Applicable,Not Applicable,QUEENS,130-27 218 STREET,20151,Alteration,2026-03-27T04:00:00.000Z,VITTORIO NIGRO,,Q01373314-I1,
029332,Not Applicable,Not Applicable,Not Applicable,BROOKLYN,375 2 STREET,11226,Alteration,2026-03-26T04:00:00.000Z,WILLIAM MORRIS,,B01370611-I1,
030672,Not Applicable,Not Applicable,Not Applicable,BROOKLYN,8417 5 AVENUE,10022,Alteration,2026-04-02T04:00:00.000Z,SAKET MIMIDINOVSKI,,B01370768-I1,
031076,Not Applicable,Not Applicable,Not Applicable,MANHATTAN,201 EAST  110 STREET,10016,Alteration,2026-03-27T04:00:00.000Z,KUMAR RAMSARRAN,,M01375655-I1,
038029,Not Applicable,Not Applicable,Not Applicable,BROOKLYN,357 CLINTON STREET,11231,Alteration,2026-03-28T04:00:00.000Z,DONALD LAINO,,B01335227-P1,
074129,Not Applicable,Not Applicable,Not Applicable,QUEENS,48-08 67 STREET,11001,Alteration,2026-04-14T04:00:00.000Z,DANIEL MEGNA,,Q01166291-P2,
083057,Not Applicable,Not Applicable,Not Applicable,MANHATTAN,254 WEST   35 STREET,11235,Alteration CO,2026-03-25T04:00:00.000Z,ANDREW WOLKE  II,,M01340670-S2,
083095,Not Applicable,Not Applicable,Not Applicable,BROOKLYN,245 DUFFIELD STREET,07081,New Building,2026-04-14T04:00:00.000Z,ERNEST SMITH,,B01276224-S6,
088010,Not Applicable,Not Applicable,Not Applicable,MANHATTAN,182 SULLIVAN STREET,07110-125,Alteration,2026-04-14T04:00:00.000Z,JOHN NOONAN,,M01246563-P3,
090004,Not Applicable,Not Applicable,Not Applicable,QUEENS,86-40 89 STREET,11106,Alteration,2026-03-23T04:00:00.000Z,LARRY KATZ,,Q01367841-S1,
093367,Not Applicable,Not Applicable,Not Applicable,BROOKLYN,248 20 STREET,10301,Alteration,2026-04-01T04:00:00.000Z,A SPERA,,B01380931-I1,
093795,Not Applicable,Not Applicable,Not Applicable,QUEENS,32-87 38 STREET,11021,Alteration,2026-03-24T04:00:00.000Z,N BECACCIO,,Q01374747-I1,
093829,Not Applicable,Not Applicable,Not Applicable,QUEENS,910 ONDERDONK AVENUE,11795,Full Demolition,2026-03-27T04:00:00.000Z,JOSEPH MC SHEA,,Q01378862-I1,
089728,NSACONTRACTING CO,NSACONTRACTING CO,NSACONTRACTING CO,QUEENS,481 FAIRVIEW AVENUE,08816,Alteration,2026-04-08T04:00:00.000Z,,,Q01384196-I1,
097645,NU3S LLC,NU3S LLC,NU3S LLC,QUEENS,130-29 MERRICK BOULEVARD,07677,Alteration,2026-03-27T04:00:00.000Z,,,Q00612477-P4,
096214,NUMI ACQUISITIONS,NUMI ACQUISITIONS,NUMI ACQUISITIONS,BROOKLYN,431 REMSEN AVENUE,10018,Alteration CO,2026-04-13T04:00:00.000Z,,,B01373019-I1,
080758,NUVEEN REAL ESTATE,NUVEEN REAL ESTATE,NUVEEN REAL ESTATE,MANHATTAN,730 3 AVENUE,10018,Alteration,2026-03-20T04:00:00.000Z,,,M01356720-S1,
098022,NW Bronx OZ Housing Preservation LP,NW Bronx OZ Housing Preservation LP,NW Bronx OZ Housing Preservation LP,BRONX,1010 EAST  178 STREET,10001,Alteration,2026-03-30T04:00:00.000Z,,,X01047055-P4,
090287,NY B&B PROPERTY LLC.,NY B&B PROPERTY LLC.,NY B&B PROPERTY LLC.,QUEENS,83-12 BROADWAY,11101,Alteration,2026-03-23T04:00:00.000Z,,,Q01369649-I1,
104414,NY CREATIVE DEVELOPERS INC,NY CREATIVE DEVELOPERS INC,NY CREATIVE DEVELOPERS INC,BROOKLYN,735 DEKALB AVENUE,11432,ALT-CO - New Building with Existing Elements to Remain,2026-03-24T04:00:00.000Z,,,B01331724-S8,
035290,NY MARKET REAL ESTATE,NY MARKET REAL ESTATE,NY MARKET REAL ESTATE,BRONX,1 VAN CORLEAR PLACE,07731,Alteration,2026-03-25T04:00:00.000Z,,,X01364176-I1,
083189,NY ONE REALTY INC.,NY ONE REALTY INC.,NY ONE REALTY INC.,BROOKLYN,213 NORTH    8 STREET,11354,ALT-CO - New Building with Existing Elements to Remain,2026-03-30T04:00:00.000Z,,,B08032765-A2,
071710,NYC DEP,NYC DEP,NYC DEP,BROOKLYN,12 2 AVENUE,10018,New Building,2026-03-26T04:00:00.000Z,,,B01368677-I1,
080645,NYC DEP,NYC DEP,NYC DEP,BROOKLYN,6700 SHORE ROAD,10591,Alteration,2026-03-26T04:00:00.000Z,,,B01196898-S1,
080880,NYC DEPARTMENT OF DESIGN AND CONSTR,NYC DEPARTMENT OF DESIGN AND CONSTR,NYC DEPARTMENT OF DESIGN AND CONSTR,QUEENS,80-45 126 STREET,10003,New Building,2026-03-24T04:00:00.000Z,,,Q01351364-S8,
084823,NYC DEPARTMENT OF DESIGN AND CONSTR,NYC DEPARTMENT OF DESIGN AND CONSTR,NYC DEPARTMENT OF DESIGN AND CONSTR,MANHATTAN,282 EAST    3 STREET,10005,Alteration,2026-03-27T04:00:00.000Z,,,M00839549-P2,
090287,NYC DEPARTMENT OF DESIGN AND CONSTR,NYC DEPARTMENT OF DESIGN AND CONSTR,NYC DEPARTMENT OF DESIGN AND CONSTR,BROOKLYN,275 ATLANTIC AVENUE,11101,New Building,2026-03-24T04:00:00.000Z,,,B00939362-A8,
090694,NYC DEPARTMENT OF DESIGN AND CONSTR,NYC DEPARTMENT OF DESIGN AND CONSTR,NYC DEPARTMENT OF DESIGN AND CONSTR,QUEENS,80-45 126 STREET,10122,New Building,2026-03-27T04:00:00.000Z,,,Q01351364-S2,
094055,NYC DEPARTMENT OF DESIGN AND CONSTR,NYC DEPARTMENT OF DESIGN AND CONSTR,NYC DEPARTMENT OF DESIGN AND CONSTR,QUEENS,80-45 126 STREET,10018,Alteration,2026-03-27T04:00:00.000Z,,,Q01371677-I1,
095254,NYC DEPARTMENT OF DESIGN AND CONSTR,NYC DEPARTMENT OF DESIGN AND CONSTR,NYC DEPARTMENT OF DESIGN AND CONSTR,QUEENS,80-45 126 STREET,11565,New Building,2026-03-27T04:00:00.000Z,,,Q01351364-S1,
096363,NYC DEPARTMENT OF DESIGN AND CONSTR,NYC DEPARTMENT OF DESIGN AND CONSTR,NYC DEPARTMENT OF DESIGN AND CONSTR,MANHATTAN,282 EAST    3 STREET,10038,Alteration,2026-03-27T04:00:00.000Z,,,M07994887-P2,
078499,NYC DEPARTMENT OF TRANSPORTATION,NYC DEPARTMENT OF TRANSPORTATION,NYC DEPARTMENT OF TRANSPORTATION,QUEENS,32-11 HARPER STREET,10003,Alteration,2026-03-30T04:00:00.000Z,,,Q01378024-S4,
089294,NYC DEPARTMENT OF TRANSPORTATION,NYC DEPARTMENT OF TRANSPORTATION,NYC DEPARTMENT OF TRANSPORTATION,QUEENS,32-11 HARPER STREET,10118,Alteration,2026-03-29T04:00:00.000Z,,,Q01378024-S6,
095254,NYC DEPARTMENT OF TRANSPORTATION,NYC DEPARTMENT OF TRANSPORTATION,NYC DEPARTMENT OF TRANSPORTATION,QUEENS,32-11 HARPER STREET,11565,Alteration,2026-03-27T04:00:00.000Z,,,Q01378024-S2,
085531,NYC Dept of Cultural Affairs,NYC Dept of Cultural Affairs,NYC Dept of Cultural Affairs,BRONX,1040 GRAND CONCOURSE,10005,Alteration,2026-04-14T04:00:00.000Z,,,X08016998-P2,
076847,NYC DEPT OF PARKS & RECREATION,NYC DEPT OF PARKS & RECREATION,NYC DEPT OF PARKS & RECREATION,QUEENS,199-02 UNION TURNPIKE,11701,Alteration,2026-04-09T04:00:00.000Z,,,Q00380408-P2,
086911,NYC DEPT OF PARKS & RECREATION,NYC DEPT OF PARKS & RECREATION,NYC DEPT OF PARKS & RECREATION,BRONX,1 ORCHARD BEACH,10005,Alteration CO,2026-04-13T04:00:00.000Z,,,X00642659-A3,
089098,NYC DEPT OF PARKS & RECREATION,NYC DEPT OF PARKS & RECREATION,NYC DEPT OF PARKS & RECREATION,MANHATTAN,719 10 AVENUE,08690,Alteration,2026-04-08T04:00:00.000Z,,,M00493099-S1,
097182,NYC DEPT OF PARKS & RECREATION,NYC DEPT OF PARKS & RECREATION,NYC DEPT OF PARKS & RECREATION,MANHATTAN,668 WEST  218 STREET,11368,Alteration,2026-03-31T04:00:00.000Z,,,M00794958-P3,
100790,NYC DEPT OF PARKS & RECREATION,NYC DEPT OF PARKS & RECREATION,NYC DEPT OF PARKS & RECREATION,QUEENS,117-02 ROOSEVELT AVENUE,10007,Alteration,2026-03-23T04:00:00.000Z,,,Q01370049-I1,
104611,NYC DEPT OF PARKS & RECREATION,NYC DEPT OF PARKS & RECREATION,NYC DEPT OF PARKS & RECREATION,MANHATTAN,61 AMSTERDAM AVENUE,10017,Alteration,2026-04-01T04:00:00.000Z,,,M01299104-S3,
017030,NYC ECONOMIC DEVELOPMENT CORP,NYC ECONOMIC DEVELOPMENT CORP,NYC ECONOMIC DEVELOPMENT CORP,MANHATTAN,495 11 AVENUE,10003,New Building,2026-03-26T04:00:00.000Z,,,M00601955-P2,
038324,NYC ECONOMIC DEVELOPMENT CORP,NYC ECONOMIC DEVELOPMENT CORP,NYC ECONOMIC DEVELOPMENT CORP,BROOKLYN,140A 58 STREET,10001,Alteration,2026-03-20T04:00:00.000Z,,,B01208452-P2,
063868,NYC ECONOMIC DEVELOPMENT CORP,NYC ECONOMIC DEVELOPMENT CORP,NYC ECONOMIC DEVELOPMENT CORP,MANHATTAN,100 ESSEX STREET,10018,New Building,2026-03-26T04:00:00.000Z,,,M01369116-S3,
064985,NYC ECONOMIC DEVELOPMENT CORP,NYC ECONOMIC DEVELOPMENT CORP,NYC ECONOMIC DEVELOPMENT CORP,BROOKLYN,552 2 AVENUE,10598,New Building,2026-04-07T04:00:00.000Z,,,B00895541-C6,
071851,NYC ECONOMIC DEVELOPMENT CORP,NYC ECONOMIC DEVELOPMENT CORP,NYC ECONOMIC DEVELOPMENT CORP,BRONX,410 HALLECK STREET,10474,Alteration,2026-03-19T04:00:00.000Z,,,X01366859-I1,
072488,NYC ECONOMIC DEVELOPMENT CORP,NYC ECONOMIC DEVELOPMENT CORP,NYC ECONOMIC DEVELOPMENT CORP,MANHATTAN,89 SOUTH STREET,11550,Alteration,2026-04-10T04:00:00.000Z,,,M01352371-P1,
074696,NYC ECONOMIC DEVELOPMENT CORP,NYC ECONOMIC DEVELOPMENT CORP,NYC ECONOMIC DEVELOPMENT CORP,MANHATTAN,124 EAST   14 STREET,10018,Alteration,2026-03-30T04:00:00.000Z,,,M01363739-S1,
074933,NYC ECONOMIC DEVELOPMENT CORP,NYC ECONOMIC DEVELOPMENT CORP,NYC ECONOMIC DEVELOPMENT CORP,MANHATTAN,96 SOUTH STREET,10005,Alteration,2026-04-10T04:00:00.000Z,,,M01363315-I1,
076082,NYC ECONOMIC DEVELOPMENT CORP,NYC ECONOMIC DEVELOPMENT CORP,NYC ECONOMIC DEVELOPMENT CORP,MANHATTAN,100 ESSEX STREET,10019,New Building,2026-03-27T04:00:00.000Z,,,M01369116-S6,
084989,NYC ECONOMIC DEVELOPMENT CORP,NYC ECONOMIC DEVELOPMENT CORP,NYC ECONOMIC DEVELOPMENT CORP,BROOKLYN,45 DEGRAW STREET,10170,Alteration,2026-04-09T04:00:00.000Z,,,B01355670-I1,
085573,NYC ECONOMIC DEVELOPMENT CORP,NYC ECONOMIC DEVELOPMENT CORP,NYC ECONOMIC DEVELOPMENT CORP,MANHATTAN,1616 PARK AVENUE,10158,Alteration,2026-03-23T04:00:00.000Z,,,M00973102-P2,
086911,NYC ECONOMIC DEVELOPMENT CORP,NYC ECONOMIC DEVELOPMENT CORP,NYC ECONOMIC DEVELOPMENT CORP,BROOKLYN,140A 58 STREET,10005,Alteration,2026-03-27T04:00:00.000Z,,,B01360885-I1,
087082,NYC ECONOMIC DEVELOPMENT CORP,NYC ECONOMIC DEVELOPMENT CORP,NYC ECONOMIC DEVELOPMENT CORP,BROOKLYN,140A 58 STREET,10041,Alteration,2026-03-25T04:00:00.000Z,,,B01346757-I1,
087490,NYC ECONOMIC DEVELOPMENT CORP,NYC ECONOMIC DEVELOPMENT CORP,NYC ECONOMIC DEVELOPMENT CORP,MANHATTAN,96 SOUTH STREET,10119,Alteration,2026-04-13T04:00:00.000Z,,,M01363305-I1,
087583,NYC ECONOMIC DEVELOPMENT CORP,NYC ECONOMIC DEVELOPMENT CORP,NYC ECONOMIC DEVELOPMENT CORP,BROOKLYN,140A 58 STREET,08840,Alteration,2026-04-14T04:00:00.000Z,,,B01371301-P1,
091112,NYC ECONOMIC DEVELOPMENT CORP,NYC ECONOMIC DEVELOPMENT CORP,NYC ECONOMIC DEVELOPMENT CORP,MANHATTAN,11 FULTON STREET,10018,Alteration,2026-03-25T04:00:00.000Z,,,M01317590-I1,
091911,NYC ECONOMIC DEVELOPMENT CORP,NYC ECONOMIC DEVELOPMENT CORP,NYC ECONOMIC DEVELOPMENT CORP,BROOKLYN,140A 58 STREET,10005,Alteration,2026-04-13T04:00:00.000Z,,,B01208479-P1,
097258,NYC ECONOMIC DEVELOPMENT CORP,NYC ECONOMIC DEVELOPMENT CORP,NYC ECONOMIC DEVELOPMENT CORP,BROOKLYN,552 2 AVENUE,11105,Alteration,2026-03-25T04:00:00.000Z,,,B01342704-I1,
097591,NYC ECONOMIC DEVELOPMENT CORP,NYC ECONOMIC DEVELOPMENT CORP,NYC ECONOMIC DEVELOPMENT CORP,MANHATTAN,89 SOUTH STREET,10010,Alteration,2026-03-25T04:00:00.000Z,,,M01347168-I1,
076707,NYC Educational COnstruction Fund,NYC Educational COnstruction Fund,NYC Educational COnstruction Fund,BROOKLYN,80 FLATBUSH AVENUE,19006,Alteration,2026-03-20T04:00:00.000Z,,,B01362616-I1,
099416,NYC H+H/BELLEVUE HOSPITAL,NYC H+H/BELLEVUE HOSPITAL,NYC H+H/BELLEVUE HOSPITAL,MANHATTAN,492 1 AVENUE,07601,Alteration,2026-04-08T04:00:00.000Z,,,M01359608-P1,
018133,NYC OCME,NYC OCME,NYC OCME,BROOKLYN,599 WINTHROP STREET,10018,Alteration,2026-03-23T04:00:00.000Z,ARTHUR FROMANN,,B01286405-P1,
077908,NYC OCME,NYC OCME,NYC OCME,QUEENS,160-15 82 DRIVE,12180,Alteration,2026-04-14T04:00:00.000Z,,,Q01375028-I1,
032119,NYC Parks,NYC Parks,NYC Parks,QUEENS,140-45 31 DRIVE,10018,Alteration,2026-03-25T04:00:00.000Z,,,Q01365284-I1,
033315,NYC Parks,NYC Parks,NYC Parks,STATEN ISLAND,250 ST MARKS PLACE,11368,Alteration CO,2026-03-26T04:00:00.000Z,,,S01370418-I1,
045433,NYC Parks,NYC Parks,NYC Parks,BRONX,1 FRONT BRONX RIVER PARKWAY,10004,Alteration,2026-03-27T04:00:00.000Z,,,X01378172-I1,
051416,NYC Parks,NYC Parks,NYC Parks,QUEENS,366 BEACH   75 STREET,10018,New Building,2026-04-13T04:00:00.000Z,,,Q00806670-B1,
064285,NYC Parks,NYC Parks,NYC Parks,BRONX,3036 JOHNSON AVENUE,11747,Alteration,2026-03-20T04:00:00.000Z,,,X01000931-P2,
064463,NYC Parks,NYC Parks,NYC Parks,STATEN ISLAND,250 ST MARKS PLACE,10465,Alteration CO,2026-03-26T04:00:00.000Z,,,S01370418-S2,
072550,NYC Parks,NYC Parks,NYC Parks,BROOKLYN,95 PROSPECT PARK WEST,11369,New Building,2026-04-02T04:00:00.000Z,,,B01026893-P2,
075451,NYC Parks,NYC Parks,NYC Parks,QUEENS,140-45 31 DRIVE,10018,Alteration,2026-03-26T04:00:00.000Z,,,Q01365284-S1,
076847,NYC Parks,NYC Parks,NYC Parks,BRONX,1 FRONT BRONX RIVER PARKWAY,11701,Alteration,2026-03-27T04:00:00.000Z,,,X01378280-I1,
078364,NYC Parks,NYC Parks,NYC Parks,QUEENS,144-13 232 STREET,10018,New Building,2026-03-20T04:00:00.000Z,,,Q01313017-S6,
079395,NYC Parks,NYC Parks,NYC Parks,QUEENS,138-30 LAFAYETTE STREET,10016,Alteration,2026-04-02T04:00:00.000Z,,,Q01370630-S2,
079764,NYC Parks,NYC Parks,NYC Parks,BROOKLYN,1405 ATLANTIC AVENUE,10017,New Building,2026-03-27T04:00:00.000Z,,,B01365516-S4,
081664,NYC Parks,NYC Parks,NYC Parks,QUEENS,35-16 126 STREET,10001,Alteration,2026-04-10T04:00:00.000Z,,,Q01339331-P1,
085495,NYC Parks,NYC Parks,NYC Parks,BRONX,4239 BRONX BOULEVARD,10018,Alteration,2026-04-14T04:00:00.000Z,,,X01076066-P2,
091644,NYC Parks,NYC Parks,NYC Parks,QUEENS,138-30 LAFAYETTE STREET,10005,Alteration,2026-04-03T04:00:00.000Z,,,Q01370630-S3,
092032,NYC Parks,NYC Parks,NYC Parks,STATEN ISLAND,250 ST MARKS PLACE,10005,Alteration CO,2026-03-26T04:00:00.000Z,,,S01370418-S3,
094481,NYC Parks,NYC Parks,NYC Parks,MANHATTAN,79 GANSEVOORT STREET,10005,Alteration,2026-04-07T04:00:00.000Z,,,M01363607-I1,
096376,NYC Parks,NYC Parks,NYC Parks,QUEENS,144-13 232 STREET,10018,New Building,2026-04-14T04:00:00.000Z,,,Q01313017-S7,
098945,NYC Parks,NYC Parks,NYC Parks,MANHATTAN,1741 2 AVENUE,11368,New Building,2026-03-26T04:00:00.000Z,,,M01374548-S2,
098981,NYC Parks,NYC Parks,NYC Parks,BROOKLYN,64 IRVING AVENUE,10017-723,Alteration,2026-04-09T04:00:00.000Z,,,B01158120-I1,
099459,NYC Parks,NYC Parks,NYC Parks,MANHATTAN,1741 2 AVENUE,11368,Alteration,2026-03-27T04:00:00.000Z,,,M01377838-I1,
101381,NYC Parks,NYC Parks,NYC Parks,BROOKLYN,302 SEA BREEZE AVENUE,11368,Alteration,2026-04-07T04:00:00.000Z,,,B01382120-I1,
095511,NYC PARKS,NYC PARKS,NYC PARKS,BROOKLYN,96 WASHINGTON STREET,10018,Alteration,2026-04-09T04:00:00.000Z,,,B01384684-I1,
018183,NYC SCA,NYC SCA,NYC SCA,BRONX,715 EAST  225 STREET,10013,Alteration,2026-03-23T04:00:00.000Z,SEAN MCGANN,,X01373049-I1,
027847,NYC SCHOOL CONSTRUCTION,NYC SCHOOL CONSTRUCTION,NYC SCHOOL CONSTRUCTION,QUEENS,23-70 WATERS EDGE DRIVE,10002,New Building,2026-04-06T04:00:00.000Z,JAE YOON JEONG,,Q08054172-P5,
020310,NYC SCHOOL CONSTRUCTION AUTHORITY,NYC SCHOOL CONSTRUCTION AUTHORITY,NYC SCHOOL CONSTRUCTION AUTHORITY,BROOKLYN,211 72 STREET,11232,Alteration,2026-03-24T04:00:00.000Z,OSCAR SANTANA,,B01121773-P1,
031840,NYC SCHOOL CONSTRUCTION AUTHORITY,NYC SCHOOL CONSTRUCTION AUTHORITY,NYC SCHOOL CONSTRUCTION AUTHORITY,BROOKLYN,9115 5 AVENUE,10118,Alteration,2026-04-01T04:00:00.000Z,,,B01350231-S1,
034116,NYC SCHOOL CONSTRUCTION AUTHORITY,NYC SCHOOL CONSTRUCTION AUTHORITY,NYC SCHOOL CONSTRUCTION AUTHORITY,BROOKLYN,106 AVENUE X,11101,New Building,2026-03-19T04:00:00.000Z,,,B00795046-A3,
040585,NYC SCHOOL CONSTRUCTION AUTHORITY,NYC SCHOOL CONSTRUCTION AUTHORITY,NYC SCHOOL CONSTRUCTION AUTHORITY,BROOKLYN,12524 FLATLANDS AVENUE,10017,New Building,2026-03-27T04:00:00.000Z,,,B01011532-B3,
046944,NYC SCHOOL CONSTRUCTION AUTHORITY,NYC SCHOOL CONSTRUCTION AUTHORITY,NYC SCHOOL CONSTRUCTION AUTHORITY,BROOKLYN,251 MACDOUGAL STREET,11101,Alteration,2026-04-14T04:00:00.000Z,,,B01322601-I1,
059168,NYC SCHOOL CONSTRUCTION AUTHORITY,NYC SCHOOL CONSTRUCTION AUTHORITY,NYC SCHOOL CONSTRUCTION AUTHORITY,STATEN ISLAND,80 MAPLE PARKWAY,07003,Alteration,2026-03-19T04:00:00.000Z,,,S00568524-P7,
062959,NYC SCHOOL CONSTRUCTION AUTHORITY,NYC SCHOOL CONSTRUCTION AUTHORITY,NYC SCHOOL CONSTRUCTION AUTHORITY,BROOKLYN,2200 GRAVESEND NECK ROAD,10018,Alteration,2026-03-19T04:00:00.000Z,,,B00953753-P2,
064399,NYC SCHOOL CONSTRUCTION AUTHORITY,NYC SCHOOL CONSTRUCTION AUTHORITY,NYC SCHOOL CONSTRUCTION AUTHORITY,BROOKLYN,2675 EAST   29 STREET,11358,Alteration,2026-04-07T04:00:00.000Z,,,B01367165-I1,
066283,NYC SCHOOL CONSTRUCTION AUTHORITY,NYC SCHOOL CONSTRUCTION AUTHORITY,NYC SCHOOL CONSTRUCTION AUTHORITY,STATEN ISLAND,45 CLEVELAND PLACE,11361,Alteration,2026-04-07T04:00:00.000Z,,,S01348776-P1,
069840,NYC SCHOOL CONSTRUCTION AUTHORITY,NYC SCHOOL CONSTRUCTION AUTHORITY,NYC SCHOOL CONSTRUCTION AUTHORITY,BROOKLYN,2953 BRIGHTON    6 STREET,10118,Alteration,2026-03-24T04:00:00.000Z,,,B01337707-S1,
069932,NYC SCHOOL CONSTRUCTION AUTHORITY,NYC SCHOOL CONSTRUCTION AUTHORITY,NYC SCHOOL CONSTRUCTION AUTHORITY,STATEN ISLAND,465 NEW DORP LANE,11733,Alteration,2026-03-31T04:00:00.000Z,,,S01380887-I1,
070592,NYC SCHOOL CONSTRUCTION AUTHORITY,NYC SCHOOL CONSTRUCTION AUTHORITY,NYC SCHOOL CONSTRUCTION AUTHORITY,BROOKLYN,911 FLATBUSH AVENUE,11101,Alteration,2026-04-01T04:00:00.000Z,,,B01380088-I1,
071333,NYC SCHOOL CONSTRUCTION AUTHORITY,NYC SCHOOL CONSTRUCTION AUTHORITY,NYC SCHOOL CONSTRUCTION AUTHORITY,BROOKLYN,106 AVENUE X,11766,Alteration,2026-03-31T04:00:00.000Z,,,B08021534-P3,
071758,NYC SCHOOL CONSTRUCTION AUTHORITY,NYC SCHOOL CONSTRUCTION AUTHORITY,NYC SCHOOL CONSTRUCTION AUTHORITY,BROOKLYN,180 CHAUNCEY STREET,07012,Alteration,2026-04-02T04:00:00.000Z,,,B00568919-P6,
072030,NYC SCHOOL CONSTRUCTION AUTHORITY,NYC SCHOOL CONSTRUCTION AUTHORITY,NYC SCHOOL CONSTRUCTION AUTHORITY,BROOKLYN,320 MANHATTAN AVENUE,100180000,Alteration,2026-04-08T04:00:00.000Z,,,B01367850-S4,
072550,NYC SCHOOL CONSTRUCTION AUTHORITY,NYC SCHOOL CONSTRUCTION AUTHORITY,NYC SCHOOL CONSTRUCTION AUTHORITY,STATEN ISLAND,11 VIRGINIA AVENUE,11369,Alteration,2026-04-07T04:00:00.000Z,,,S01383490-I1,
081394,NYC SCHOOL CONSTRUCTION AUTHORITY,NYC SCHOOL CONSTRUCTION AUTHORITY,NYC SCHOOL CONSTRUCTION AUTHORITY,STATEN ISLAND,105 HAMILTON AVENUE,08536,Alteration,2026-04-06T04:00:00.000Z,,,S01306533-P2,
082459,NYC SCHOOL CONSTRUCTION AUTHORITY,NYC SCHOOL CONSTRUCTION AUTHORITY,NYC SCHOOL CONSTRUCTION AUTHORITY,BROOKLYN,9115 5 AVENUE,12522,Alteration,2026-04-09T04:00:00.000Z,,,B01065080-P2,
085573,NYC SCHOOL CONSTRUCTION AUTHORITY,NYC SCHOOL CONSTRUCTION AUTHORITY,NYC SCHOOL CONSTRUCTION AUTHORITY,STATEN ISLAND,100 LUTEN AVENUE,10158,Alteration,2026-04-01T04:00:00.000Z,,,S00845039-S3,
086583,NYC SCHOOL CONSTRUCTION AUTHORITY,NYC SCHOOL CONSTRUCTION AUTHORITY,NYC SCHOOL CONSTRUCTION AUTHORITY,BROOKLYN,532 ALBANY AVENUE,11377,Alteration,2026-04-01T04:00:00.000Z,,,B01380078-S1,
089151,NYC SCHOOL CONSTRUCTION AUTHORITY,NYC SCHOOL CONSTRUCTION AUTHORITY,NYC SCHOOL CONSTRUCTION AUTHORITY,STATEN ISLAND,45 CLEVELAND PLACE,10023,Alteration,2026-04-07T04:00:00.000Z,,,S01370998-I1,
089624,NYC SCHOOL CONSTRUCTION AUTHORITY,NYC SCHOOL CONSTRUCTION AUTHORITY,NYC SCHOOL CONSTRUCTION AUTHORITY,BROOKLYN,231 OSBORN STREET,10016,Alteration,2026-04-01T04:00:00.000Z,,,B00795006-P1,
090880,NYC SCHOOL CONSTRUCTION AUTHORITY,NYC SCHOOL CONSTRUCTION AUTHORITY,NYC SCHOOL CONSTRUCTION AUTHORITY,BROOKLYN,106 AVENUE X,11101,New Building,2026-03-19T04:00:00.000Z,,,B00795046-A4,
091365,NYC SCHOOL CONSTRUCTION AUTHORITY,NYC SCHOOL CONSTRUCTION AUTHORITY,NYC SCHOOL CONSTRUCTION AUTHORITY,BROOKLYN,106 AVENUE X,95661,Alteration,2026-03-19T04:00:00.000Z,,,B01029846-P2,
092171,NYC SCHOOL CONSTRUCTION AUTHORITY,NYC SCHOOL CONSTRUCTION AUTHORITY,NYC SCHOOL CONSTRUCTION AUTHORITY,BROOKLYN,6565 FLATLANDS AVENUE,07013,Alteration,2026-04-06T04:00:00.000Z,,,B08004157-P4,
092433,NYC SCHOOL CONSTRUCTION AUTHORITY,NYC SCHOOL CONSTRUCTION AUTHORITY,NYC SCHOOL CONSTRUCTION AUTHORITY,BROOKLYN,696 JAMAICA AVENUE,10001,Alteration,2026-04-13T04:00:00.000Z,,,B01305632-S3,
093237,NYC SCHOOL CONSTRUCTION AUTHORITY,NYC SCHOOL CONSTRUCTION AUTHORITY,NYC SCHOOL CONSTRUCTION AUTHORITY,BROOKLYN,284 BALTIC STREET,10018,Alteration,2026-04-13T04:00:00.000Z,,,B01379256-S1,
094606,NYC SCHOOL CONSTRUCTION AUTHORITY,NYC SCHOOL CONSTRUCTION AUTHORITY,NYC SCHOOL CONSTRUCTION AUTHORITY,BROOKLYN,1171 65 STREET,07086,Alteration,2026-04-03T04:00:00.000Z,,,B01363260-S3,
095837,NYC SCHOOL CONSTRUCTION AUTHORITY,NYC SCHOOL CONSTRUCTION AUTHORITY,NYC SCHOOL CONSTRUCTION AUTHORITY,STATEN ISLAND,100F LUTEN AVENUE,11235,Alteration,2026-04-08T04:00:00.000Z,,,S00977346-P1,
097462,NYC SCHOOL CONSTRUCTION AUTHORITY,NYC SCHOOL CONSTRUCTION AUTHORITY,NYC SCHOOL CONSTRUCTION AUTHORITY,STATEN ISLAND,32 ELVERTON AVENUE,08820,Alteration,2026-03-23T04:00:00.000Z,,,S01372184-I1,
097518,NYC SCHOOL CONSTRUCTION AUTHORITY,NYC SCHOOL CONSTRUCTION AUTHORITY,NYC SCHOOL CONSTRUCTION AUTHORITY,BROOKLYN,251 MACDOUGAL STREET,11101,Alteration,2026-04-14T04:00:00.000Z,,,B01322601-S2,
097662,NYC SCHOOL CONSTRUCTION AUTHORITY,NYC SCHOOL CONSTRUCTION AUTHORITY,NYC SCHOOL CONSTRUCTION AUTHORITY,BROOKLYN,195 SANFORD STREET,11106,Alteration,2026-04-14T04:00:00.000Z,,,B01374051-I1,
098009,NYC SCHOOL CONSTRUCTION AUTHORITY,NYC SCHOOL CONSTRUCTION AUTHORITY,NYC SCHOOL CONSTRUCTION AUTHORITY,BROOKLYN,251 MACDOUGAL STREET,11101,Alteration,2026-04-14T04:00:00.000Z,WILLIAM GEFFKEN,,B01322601-S1,
099507,NYC SCHOOL CONSTRUCTION AUTHORITY,NYC SCHOOL CONSTRUCTION AUTHORITY,NYC SCHOOL CONSTRUCTION AUTHORITY,STATEN ISLAND,100 LUTEN AVENUE,10901,Alteration,2026-04-07T04:00:00.000Z,,,S01365776-S4,
101128,NYC SCHOOL CONSTRUCTION AUTHORITY,NYC SCHOOL CONSTRUCTION AUTHORITY,NYC SCHOOL CONSTRUCTION AUTHORITY,BROOKLYN,1328 PUTNAM AVENUE,11101,Alteration,2026-04-01T04:00:00.000Z,,,B01349224-I1,
101437,NYC SCHOOL CONSTRUCTION AUTHORITY,NYC SCHOOL CONSTRUCTION AUTHORITY,NYC SCHOOL CONSTRUCTION AUTHORITY,BROOKLYN,106 AVENUE X,11101,New Building,2026-04-14T04:00:00.000Z,,,B00795046-A6,
103182,NYC SCHOOL CONSTRUCTION AUTHORITY,NYC SCHOOL CONSTRUCTION AUTHORITY,NYC SCHOOL CONSTRUCTION AUTHORITY,STATEN ISLAND,380 GENESEE AVENUE,11370,Alteration,2026-04-07T04:00:00.000Z,,,S01334946-I1,
099745,NYC-ACS,NYC-ACS,NYC-ACS,BRONX,556 BROOK AVENUE,10011,Alteration,2026-03-27T04:00:00.000Z,,,X01311975-S5,
073737,NYCDEP,NYCDEP,NYCDEP,STATEN ISLAND,751 MILL ROAD,13202,Alteration,2026-03-30T04:00:00.000Z,,,S01373464-I1,
088137,NYCDEP,NYCDEP,NYCDEP,BROOKLYN,6002 FLATLANDS AVENUE,11201,Alteration,2026-03-27T04:00:00.000Z,,,B01345489-I1,
096829,NYCDEP,NYCDEP,NYCDEP,STATEN ISLAND,1270 VICTORY BOULEVARD,11368,Alteration,2026-04-01T04:00:00.000Z,,,S01248759-I1,
097906,NYCDEP,NYCDEP,NYCDEP,STATEN ISLAND,751 MILL ROAD,10018,Alteration,2026-03-27T04:00:00.000Z,,,S01378296-I1,
101163,NYCDEP,NYCDEP,NYCDEP,QUEENS,150-20 134 STREET,10018,Alteration,2026-03-27T04:00:00.000Z,,,Q01375793-S1,
102203,NYCDEP,NYCDEP,NYCDEP,BROOKLYN,2610 KNAPP STREET,07946,Alteration,2026-04-03T04:00:00.000Z,,,B01273592-I1,
102802,NYCDEP,NYCDEP,NYCDEP,STATEN ISLAND,1270 VICTORY BOULEVARD,11368,Alteration,2026-04-03T04:00:00.000Z,,,S01160972-I1,
017810,NYCHA,NYCHA,NYCHA,BROOKLYN,415 BALTIC STREET,10001,Alteration,2026-04-14T04:00:00.000Z,ZDZISLAW FORMUS,,B01228869-P1,
093871,NYCHA,NYCHA,NYCHA,STATEN ISLAND,20 LA GUARDIA AVENUE,10006,Alteration,2026-04-07T04:00:00.000Z,ATSUSHI TAKINO,,S01100039-P1,
018183,NYCSCA,NYCSCA,NYCSCA,MANHATTAN,200 MONROE STREET,10013,Alteration,2026-04-08T04:00:00.000Z,SEAN MCGANN,,M01147971-P1,
031840,NYCSCA,NYCSCA,NYCSCA,MANHATTAN,185 WADSWORTH AVENUE,10118,Alteration,2026-03-26T04:00:00.000Z,,,M00684759-P4,
035379,NYCSCA,NYCSCA,NYCSCA,MANHATTAN,650 ACADEMY STREET,10016,Alteration,2026-03-26T04:00:00.000Z,,,M01172491-I1,
058375,NYCSCA,NYCSCA,NYCSCA,MANHATTAN,650 ACADEMY STREET,10018,Alteration,2026-03-27T04:00:00.000Z,,,M01172491-S1,
068968,NYCSCA,NYCSCA,NYCSCA,MANHATTAN,122 AMSTERDAM AVENUE,11596,Alteration,2026-03-31T04:00:00.000Z,,,M00912039-P4,
070592,NYCSCA,NYCSCA,NYCSCA,MANHATTAN,630 ACADEMY STREET,11101,Alteration,2026-04-14T04:00:00.000Z,,,M01279590-I1,
080545,NYCSCA,NYCSCA,NYCSCA,MANHATTAN,327 CHERRY STREET,10001,Alteration,2026-04-08T04:00:00.000Z,,,M00578812-P3,
081394,NYCSCA,NYCSCA,NYCSCA,MANHATTAN,439 WEST   49 STREET,08536,Alteration,2026-04-07T04:00:00.000Z,,,M01273547-P1,
086583,NYCSCA,NYCSCA,NYCSCA,MANHATTAN,320 EAST   96 STREET,11377,Alteration,2026-04-14T04:00:00.000Z,,,M08030268-P8,
087866,NYCSCA,NYCSCA,NYCSCA,MANHATTAN,171 CHERRY STREET,11754,Full Demolition,2026-03-23T04:00:00.000Z,,,M01152639-S1,
093795,NYCSCA,NYCSCA,NYCSCA,MANHATTAN,225 WEST   24 STREET,11021,Alteration,2026-03-20T04:00:00.000Z,N BECACCIO,,M01336706-S4,
094606,NYCSCA,NYCSCA,NYCSCA,MANHATTAN,21 WEST  111 STREET,07086,Alteration,2026-03-23T04:00:00.000Z,,,M01337070-Z2,
097662,NYCSCA,NYCSCA,NYCSCA,MANHATTAN,549 AUDUBON AVENUE,11106,Alteration,2026-03-25T04:00:00.000Z,,,M01329689-P1,
016198,NYS COMMON RETIREMENT FUND,NYS COMMON RETIREMENT FUND,NYS COMMON RETIREMENT FUND,MANHATTAN,390 MADISON AVENUE,10174,Alteration,2026-03-30T04:00:00.000Z,BERNARD WILLKOMM,,M01281378-P1,
071143,NYS COMMON RETIREMENT FUND,NYS COMMON RETIREMENT FUND,NYS COMMON RETIREMENT FUND,MANHATTAN,390 MADISON AVENUE,10036,Alteration,2026-03-28T04:00:00.000Z,,,M01281388-P1,
010061,NYU LANGONE MEDICAL CENTER,NYU LANGONE MEDICAL CENTER,NYU LANGONE MEDICAL CENTER,MANHATTAN,562 FIRST AVENUE,10001,Alteration,2026-03-20T04:00:00.000Z,E MURRAY,,M01355260-I1,
035394,NYU LANGONE MEDICAL CENTER,NYU LANGONE MEDICAL CENTER,NYU LANGONE MEDICAL CENTER,BROOKLYN,150 55 STREET,10013,Alteration,2026-03-27T04:00:00.000Z,,,B01371459-I1,
036266,NYU LANGONE MEDICAL CENTER,NYU LANGONE MEDICAL CENTER,NYU LANGONE MEDICAL CENTER,MANHATTAN,562 FIRST AVENUE,10018,Alteration,2026-04-01T04:00:00.000Z,,,M01366756-I1,
041310,NYU LANGONE MEDICAL CENTER,NYU LANGONE MEDICAL CENTER,NYU LANGONE MEDICAL CENTER,BROOKLYN,150 55 STREET,10001,Alteration,2026-03-27T04:00:00.000Z,,,B01377358-I1,
070086,NYU LANGONE MEDICAL CENTER,NYU LANGONE MEDICAL CENTER,NYU LANGONE MEDICAL CENTER,MANHATTAN,240 EAST   38 STREET,11501,Alteration,2026-03-23T04:00:00.000Z,,,M01364064-I1,
072540,NYU LANGONE MEDICAL CENTER,NYU LANGONE MEDICAL CENTER,NYU LANGONE MEDICAL CENTER,MANHATTAN,424 EAST   34 STREET,11218,Alteration CO,2026-03-28T04:00:00.000Z,,,M01262482-S4,
085877,NYU LANGONE MEDICAL CENTER,NYU LANGONE MEDICAL CENTER,NYU LANGONE MEDICAL CENTER,MANHATTAN,433 EAST   30 STREET,10041,Alteration,2026-04-09T04:00:00.000Z,,,M00713657-P2,
088264,NYU LANGONE MEDICAL CENTER,NYU LANGONE MEDICAL CENTER,NYU LANGONE MEDICAL CENTER,BROOKLYN,150 55 STREET,10041,Alteration,2026-03-28T04:00:00.000Z,,,B01377358-S1,
089557,NYU LANGONE MEDICAL CENTER,NYU LANGONE MEDICAL CENTER,NYU LANGONE MEDICAL CENTER,MANHATTAN,562 FIRST AVENUE,10038,Alteration,2026-03-26T04:00:00.000Z,,,M01355291-I1,
090310,NYU LANGONE MEDICAL CENTER,NYU LANGONE MEDICAL CENTER,NYU LANGONE MEDICAL CENTER,MANHATTAN,562 FIRST AVENUE,10041,Alteration,2026-04-01T04:00:00.000Z,,,M01359990-S2,
091063,NYU LANGONE MEDICAL CENTER,NYU LANGONE MEDICAL CENTER,NYU LANGONE MEDICAL CENTER,BROOKLYN,150 55 STREET,10018,Alteration,2026-03-29T04:00:00.000Z,,,B01377358-S4,
091598,NYU LANGONE MEDICAL CENTER,NYU LANGONE MEDICAL CENTER,NYU LANGONE MEDICAL CENTER,MANHATTAN,540 FIRST AVENUE,11360,Alteration,2026-03-20T04:00:00.000Z,,,M01165443-P3,
093860,NYU LANGONE MEDICAL CENTER,NYU LANGONE MEDICAL CENTER,NYU LANGONE MEDICAL CENTER,BROOKLYN,150 55 STREET,10001,Alteration,2026-03-27T04:00:00.000Z,CHRISTOPHER FILOMIO,,B01371313-S1,
071504,OAC 550 OWNER LLC,OAC 550 OWNER LLC,OAC 550 OWNER LLC,MANHATTAN,550 MADISON AVENUE,10019,Alteration,2026-04-09T04:00:00.000Z,,,M01219948-P2,
062261,OAKWOOD CENTER LLC,OAKWOOD CENTER LLC,OAKWOOD CENTER LLC,STATEN ISLAND,3155 AMBOY ROAD,08830,Alteration,2026-04-10T04:00:00.000Z,,,S01157490-P1,
064508,OC CONSTRUCTION GROUP,OC CONSTRUCTION GROUP,OC CONSTRUCTION GROUP,BROOKLYN,368 VAN BRUNT STREET,11209,Alteration,2026-04-14T04:00:00.000Z,,,B01385257-I1,
074213,off white corp,off white corp,off white corp,MANHATTAN,38 WHITE STREET,10960,Alteration CO,2026-03-30T04:00:00.000Z,,,M01362868-S1,
096997,off white corp,off white corp,off white corp,MANHATTAN,38 WHITE STREET,10017,Alteration CO,2026-03-27T04:00:00.000Z,,,M01362868-S3,
018963,OFFICE,OFFICE,OFFICE,STATEN ISLAND,22 FARVIEW PLACE,10306,ALT-CO - New Building with Existing Elements to Remain,2026-04-09T04:00:00.000Z,ROBERT SHAPIRO,,S01370991-S3,
090259,OHEL CHILDREN'S HOME AND FAMILY SER,OHEL CHILDREN'S HOME AND FAMILY SER,OHEL CHILDREN'S HOME AND FAMILY SER,QUEENS,185-19 HILLSIDE AVENUE,11232,New Building,2026-04-07T04:00:00.000Z,,,Q01226562-P2,
100790,Old First Preservation & Community,Old First Preservation & Community,Old First Preservation & Community,BROOKLYN,729 CARROLL STREET,10007,Alteration,2026-03-31T04:00:00.000Z,,,B01370342-I1,
091710,OLD MASTER CONTRACTING CORP,OLD MASTER CONTRACTING CORP,OLD MASTER CONTRACTING CORP,QUEENS,109-11 124 STREET,11220,Alteration CO,2026-04-09T04:00:00.000Z,,,Q01133589-P2,
041347,OLSHAN PROPERTIES,OLSHAN PROPERTIES,OLSHAN PROPERTIES,BRONX,1380 METROPOLITAN AVENUE,10304,Alteration,2026-04-09T04:00:00.000Z,,,X01302588-I1,
034458,OMEARA ROZWAT ARCHITECTS,OMEARA ROZWAT ARCHITECTS,OMEARA ROZWAT ARCHITECTS,BROOKLYN,832 PRESIDENT STREET,11201,Alteration CO,2026-04-03T04:00:00.000Z,,,B00785761-P3,
047153,OMNI HOTELS,OMNI HOTELS,OMNI HOTELS,MANHATTAN,500 MADISON AVENUE,11354,Alteration,2026-03-20T04:00:00.000Z,,,M01346573-P2,
075985,OMNISPECTIVE,OMNISPECTIVE,OMNISPECTIVE,MANHATTAN,608 FIFTH AVENUE,10018,Alteration,2026-03-23T04:00:00.000Z,,,M00864966-P1,
032519,ONE BALTIC LLC,ONE BALTIC LLC,ONE BALTIC LLC,BROOKLYN,667 BALTIC STREET,11249,New Building,2026-03-27T04:00:00.000Z,,,B01332422-S9,
093697,ONE BALTIC LLC,ONE BALTIC LLC,ONE BALTIC LLC,BROOKLYN,667 BALTIC STREET,10105,New Building,2026-04-01T04:00:00.000Z,R CARRINGTON,,B01332422-S4,
094686,"One Broadway Owner, LLC","One Broadway Owner, LLC","One Broadway Owner, LLC",MANHATTAN,1 BROADWAY,11363,Alteration,2026-04-10T04:00:00.000Z,,,M01382410-I1,
075985,ONE FORDHAM PLAZA LLC,ONE FORDHAM PLAZA LLC,ONE FORDHAM PLAZA LLC,BRONX,1 FORDHAM PLAZA,10018,Alteration,2026-04-13T04:00:00.000Z,,,X01379645-I1,
094686,One Source Property Management,One Source Property Management,One Source Property Management,BRONX,2166 BRONX PARK EAST,11363,Alteration,2026-04-10T04:00:00.000Z,,,X01368773-I1,
046877,ONEVESTA PROPERTY MANAGEMENT,ONEVESTA PROPERTY MANAGEMENT,ONEVESTA PROPERTY MANAGEMENT,MANHATTAN,95 PARK TERRACE EAST,10001,Alteration,2026-03-30T04:00:00.000Z,,,M01378869-I1,
015029,OPEN DOORS REALTY SER LLC,OPEN DOORS REALTY SER LLC,OPEN DOORS REALTY SER LLC,BROOKLYN,518 THATFORD AVENUE,11219,New Building,2026-04-01T04:00:00.000Z,PETER TILIPKO,,B01046312-P3,
085948,OPTIMUM ASSET MGMT USA,OPTIMUM ASSET MGMT USA,OPTIMUM ASSET MGMT USA,MANHATTAN,228 EAST BROADWAY,10017,Alteration,2026-03-26T04:00:00.000Z,,,M00237272-P6,
097833,OPTIMUM BUILDING RESTORATION CORP,OPTIMUM BUILDING RESTORATION CORP,OPTIMUM BUILDING RESTORATION CORP,MANHATTAN,441 LEXINGTON AVENUE,11419,Alteration,2026-03-26T04:00:00.000Z,,,M01378220-I1,
042839,OPTIMUM PROPERTIES,OPTIMUM PROPERTIES,OPTIMUM PROPERTIES,MANHATTAN,291 GRAND STREET,11214,Alteration,2026-04-06T04:00:00.000Z,,,M01382469-I1,
018190,ORCHARD WEST LLC.,ORCHARD WEST LLC.,ORCHARD WEST LLC.,MANHATTAN,240 EAST   25 STREET,10022,Alteration,2026-04-13T04:00:00.000Z,OSWALD POWELL,,M01160364-P3,
104614,Oren Neria Apt 7A,Oren Neria Apt 7A,Oren Neria Apt 7A,BROOKLYN,551 LEXINGTON AVENUE,11354,Alteration,2026-03-20T04:00:00.000Z,,,B01233575-P1,
035621,ORIENT OVERSEAS ASSOCIATES,ORIENT OVERSEAS ASSOCIATES,ORIENT OVERSEAS ASSOCIATES,MANHATTAN,88 PINE STREET,11211,Alteration,2026-03-25T04:00:00.000Z,,,M01362040-I1,
071681,ORIENT OVERSEAS ASSOCIATES,ORIENT OVERSEAS ASSOCIATES,ORIENT OVERSEAS ASSOCIATES,MANHATTAN,88 PINE STREET,10010,Alteration,2026-03-25T04:00:00.000Z,,,M01362040-S1,
077136,Orsid New York,Orsid New York,Orsid New York,MANHATTAN,180 RIVERSIDE DRIVE,10606,Alteration,2026-04-03T04:00:00.000Z,,,M01359660-P3,
088892,Orsid New York,Orsid New York,Orsid New York,MANHATTAN,24 5 AVENUE,11563,Alteration,2026-04-10T04:00:00.000Z,,,M01351218-S2,
090287,ORSID NEW YORK,ORSID NEW YORK,ORSID NEW YORK,MANHATTAN,260 WEST END AVENUE,11101,Alteration,2026-03-31T04:00:00.000Z,,,M01373263-I1,
095119,Orsid NY,Orsid NY,Orsid NY,MANHATTAN,1991 BROADWAY,07904,Alteration,2026-03-30T04:00:00.000Z,,,M01379698-I1,
071109,ORSID NY,ORSID NY,ORSID NY,MANHATTAN,11 EAST   36 STREET,10018,Alteration,2026-03-23T04:00:00.000Z,,,M01352141-I1,
084422,ORSID NY,ORSID NY,ORSID NY,MANHATTAN,11 EAST   36 STREET,10506,Alteration,2026-03-23T04:00:00.000Z,,,M01173087-S1,
093928,ORSID NY,ORSID NY,ORSID NY,MANHATTAN,137 RIVERSIDE DRIVE,10018,Alteration,2026-03-20T04:00:00.000Z,STEVEN FERLAND,,M01356093-I1,
039097,Orsid Realty,Orsid Realty,Orsid Realty,MANHATTAN,255 WEST   84 STREET,10011,Alteration,2026-03-26T04:00:00.000Z,,,M01308211-P1,
090372,ORSID REALTY,ORSID REALTY,ORSID REALTY,MANHATTAN,45 TUDOR CITY PLACE,10038,Alteration,2026-04-03T04:00:00.000Z,,,M01365070-I1,
033924,Orsid Realty Corp,Orsid Realty Corp,Orsid Realty Corp,MANHATTAN,125 WATTS STREET,11216,Alteration,2026-04-07T04:00:00.000Z,,,M01377272-S1,
099535,Orsid Realty Corp,Orsid Realty Corp,Orsid Realty Corp,MANHATTAN,1500 2 AVENUE,11358,Alteration,2026-04-06T04:00:00.000Z,,,M01381665-I1,
065403,ORSID REALTY CORP,ORSID REALTY CORP,ORSID REALTY CORP,MANHATTAN,301 EAST   64 STREET,10553,Alteration,2026-04-13T04:00:00.000Z,,,M01380116-I1,
086805,ORSID REALTY CORP,ORSID REALTY CORP,ORSID REALTY CORP,MANHATTAN,1226 MADISON AVENUE,10004,Alteration,2026-04-07T04:00:00.000Z,,,M01338662-S2,
102362,Orsid Realty NY,Orsid Realty NY,Orsid Realty NY,MANHATTAN,148 EAST   93 STREET,11747,Alteration,2026-03-26T04:00:00.000Z,,,M01350667-I1,
105191,ORWELL MANAGEMENT,ORWELL MANAGEMENT,ORWELL MANAGEMENT,MANHATTAN,601 WEST  174 STREET,07030,Alteration,2026-03-20T04:00:00.000Z,,,M01230107-P4,
034762,OSB ENTERPRISE LLC.,OSB ENTERPRISE LLC.,OSB ENTERPRISE LLC.,MANHATTAN,517 SECOND AVENUE,10036,Alteration,2026-03-25T04:00:00.000Z,,,M00657966-P3,
097453,OSCII,OSCII,OSCII,BRONX,2521 BOSTON ROAD,07003,Alteration CO,2026-03-26T04:00:00.000Z,,,X01342094-S1,
015816,Owner,Owner,Owner,QUEENS,149-45 83 STREET,11414,Alteration,2026-03-26T04:00:00.000Z,,,Q01330692-S1,
033696,OWNER,OWNER,OWNER,QUEENS,116-60 SUTPHIN BOULEVARD,08732,Alteration CO,2026-03-25T04:00:00.000Z,,,Q01376081-I1,
091828,OWNER,OWNER,OWNER,BROOKLYN,232 OCEAN VIEW AVENUE,11229,Alteration,2026-03-23T04:00:00.000Z,,,B01376509-I1,
032647,Owner #3C,Owner #3C,Owner #3C,MANHATTAN,160 WEST   95 STREET,11204,Alteration,2026-03-26T04:00:00.000Z,,,M01268407-I1,
034322,OWNERS REP,OWNERS REP,OWNERS REP,BRONX,2962 3 AVENUE,10018,Alteration,2026-03-30T04:00:00.000Z,,,X01378366-I1,
052799,OWNERS REP,OWNERS REP,OWNERS REP,BROOKLYN,154GAR SOUTH OXFORD STREET,10001,Full Demolition,2026-03-24T04:00:00.000Z,,,B01318348-S1,
060234,OWNERS REP,OWNERS REP,OWNERS REP,BRONX,2970 3 AVENUE,11101,New Building,2026-04-06T04:00:00.000Z,,,X01360469-S2,
086757,OWNERS REP,OWNERS REP,OWNERS REP,BROOKLYN,262 BERGEN STREET,11237,Alteration,2026-04-14T04:00:00.000Z,,,B01386426-I1,
097111,OWNERS REP,OWNERS REP,OWNERS REP,QUEENS,45-11 23 STREET,07450,Alteration,2026-04-09T04:00:00.000Z,,,Q01384674-I1,
097789,OWNERS REP,OWNERS REP,OWNERS REP,BROOKLYN,158 SOUTH OXFORD STREET,11706,New Building,2026-03-27T04:00:00.000Z,,,B01329666-S4,
099501,OWNERS REP,OWNERS REP,OWNERS REP,QUEENS,54-08 MYRTLE AVENUE,11793,New Building,2026-03-29T04:00:00.000Z,,,Q01338971-S1,
101129,OWNERS REP,OWNERS REP,OWNERS REP,BROOKLYN,885 MYRTLE AVENUE,08844,Alteration,2026-04-09T04:00:00.000Z,,,B01384063-I1,
111774,OWNERS REP,OWNERS REP,OWNERS REP,MANHATTAN,211 EAST   83 STREET,07070,Alteration,2026-04-14T04:00:00.000Z,,,M01385828-I1,
078613,OXFORD ASSETS LLC,OXFORD ASSETS LLC,OXFORD ASSETS LLC,MANHATTAN,2128 SECOND AVENUE,10119,Alteration,2026-03-23T04:00:00.000Z,,,M01245490-I1,
095160,OXFORD ASSETS LLC,OXFORD ASSETS LLC,OXFORD ASSETS LLC,MANHATTAN,515 WEST   27 STREET,11510,New Building,2026-03-30T04:00:00.000Z,,,M01352841-S1,
083550,PAC PLUMBING,PAC PLUMBING,PAC PLUMBING,STATEN ISLAND,545 PORT RICHMOND AVENUE,10309,Alteration CO,2026-04-02T04:00:00.000Z,,,S00852555-S1,
096846,PACE UNIVERSITY,PACE UNIVERSITY,PACE UNIVERSITY,MANHATTAN,9 SPRUCE STREET,08857,Alteration,2026-03-22T04:00:00.000Z,,,M01363261-I1,
035215,PACT Renaissance Collaborative LLC,PACT Renaissance Collaborative LLC,PACT Renaissance Collaborative LLC,MANHATTAN,2340 AMSTERDAM AVENUE,11501,Alteration CO,2026-03-23T04:00:00.000Z,,,M01014440-P2,
044238,"PADILION NY, LLC","PADILION NY, LLC","PADILION NY, LLC",MANHATTAN,130 EAST   63 STREET,10036,Alteration,2026-04-13T04:00:00.000Z,,,M01363532-P1,
088804,PAKO REALTY CORP.,PAKO REALTY CORP.,PAKO REALTY CORP.,QUEENS,150-24 NORTHERN BOULEVARD,11361,Alteration CO,2026-04-06T04:00:00.000Z,,,Q01000182-P5,
032979,PALM TREE CONSULTING INC,PALM TREE CONSULTING INC,PALM TREE CONSULTING INC,BROOKLYN,267 KENT AVENUE,12184,Alteration,2026-03-20T04:00:00.000Z,,,B01362776-I1,
096921,PALM TREE CONSULTING INC,PALM TREE CONSULTING INC,PALM TREE CONSULTING INC,BROOKLYN,267 KENT AVENUE,14075,Alteration,2026-03-23T04:00:00.000Z,,,B01362776-S4,
100728,PALM TREE CONSULTING INC,PALM TREE CONSULTING INC,PALM TREE CONSULTING INC,BROOKLYN,267 KENT AVENUE,10038,Alteration,2026-03-20T04:00:00.000Z,,,B01362776-S2,
072050,PAN AM EQUITIES,PAN AM EQUITIES,PAN AM EQUITIES,MANHATTAN,18 EAST   50 STREET,10001,Alteration CO,2026-04-09T04:00:00.000Z,,,M01257434-P1,
084173,PAN AM EQUITIES,PAN AM EQUITIES,PAN AM EQUITIES,MANHATTAN,60 WEST   23 STREET,06877,Alteration,2026-04-12T04:00:00.000Z,,,M01283566-P2,
091999,"Pan-Brothers Associates, Inc.","Pan-Brothers Associates, Inc.","Pan-Brothers Associates, Inc.",MANHATTAN,52 EAST   64 STREET,11580,Alteration,2026-04-14T04:00:00.000Z,,,M01331151-I1,
089384,"Pantigo, LLC","Pantigo, LLC","Pantigo, LLC",MANHATTAN,15 CENTRAL PARK WEST,06851,Alteration,2026-04-08T04:00:00.000Z,,,M01125783-P4,
038942,PARAMOUNT GROUP,PARAMOUNT GROUP,PARAMOUNT GROUP,MANHATTAN,1633 BROADWAY,10001,Alteration,2026-04-06T04:00:00.000Z,,,M01300738-P1,
071143,PARAMOUNT GROUP,PARAMOUNT GROUP,PARAMOUNT GROUP,MANHATTAN,900 THIRD AVENUE,10036,Alteration,2026-04-02T04:00:00.000Z,,,M01300823-P1,
076082,PARAMOUNT GROUP,PARAMOUNT GROUP,PARAMOUNT GROUP,MANHATTAN,1633 BROADWAY,10019,Alteration,2026-03-30T04:00:00.000Z,,,M01300979-P1,
082331,PARAMOUNT GROUP,PARAMOUNT GROUP,PARAMOUNT GROUP,MANHATTAN,1633 BROADWAY,10017,Alteration,2026-03-27T04:00:00.000Z,,,M01366171-I1,
085429,PARAMOUNT GROUP,PARAMOUNT GROUP,PARAMOUNT GROUP,MANHATTAN,1633 BROADWAY,10001,Alteration,2026-03-23T04:00:00.000Z,,,M01365260-I1,
053178,"PARAMOUNT GROUP, INC.","PARAMOUNT GROUP, INC.","PARAMOUNT GROUP, INC.",MANHATTAN,1325 AVENUE OF THE AMERICAS,10005,Alteration,2026-04-13T04:00:00.000Z,,,M01364858-I1,
058375,"PARAMOUNT GROUP, INC.","PARAMOUNT GROUP, INC.","PARAMOUNT GROUP, INC.",MANHATTAN,1325 AVENUE OF THE AMERICAS,10018,Alteration,2026-04-14T04:00:00.000Z,,,M01093241-P1,
071143,"PARAMOUNT GROUP, INC.","PARAMOUNT GROUP, INC.","PARAMOUNT GROUP, INC.",MANHATTAN,1325 6 AVENUE,10036,Alteration,2026-03-23T04:00:00.000Z,,,M01367578-S2,
085429,"PARAMOUNT GROUP, INC.","PARAMOUNT GROUP, INC.","PARAMOUNT GROUP, INC.",MANHATTAN,1325 AVENUE OF THE AMERICAS,10001,Alteration,2026-04-13T04:00:00.000Z,,,M01368545-I1,
095958,PARK AVENUE ARMORY,PARK AVENUE ARMORY,PARK AVENUE ARMORY,MANHATTAN,643 PARK AVENUE,10018,Alteration,2026-04-14T04:00:00.000Z,,,M01385729-I1,
105568,PARK AVENUE ARMORY,PARK AVENUE ARMORY,PARK AVENUE ARMORY,MANHATTAN,643 PARK AVENUE,07645,Alteration,2026-04-11T04:00:00.000Z,,,M01381890-I1,
038812,Park Avenue dermatology,Park Avenue dermatology,Park Avenue dermatology,MANHATTAN,580 PARK AVENUE,10001,Alteration,2026-04-01T04:00:00.000Z,,,M01242925-P3,
010869,Park Cleaners,Park Cleaners,Park Cleaners,BROOKLYN,2226 COLEMAN STREET,10018,ALT-CO - New Building with Existing Elements to Remain,2026-03-20T04:00:00.000Z,C CARROLL,,B01358136-I1,
090954,Park Contracting Group LLC.,Park Contracting Group LLC.,Park Contracting Group LLC.,BRONX,1912 AMETHYST STREET,11423,Alteration,2026-04-01T04:00:00.000Z,,,X01381726-I1,
108976,Park Contracting Group LLC.,Park Contracting Group LLC.,Park Contracting Group LLC.,QUEENS,149-44 41 AVENUE,11423,Alteration,2026-04-11T04:00:00.000Z,,,Q01381357-I1,
073779,PARK GREEN CONSTRUCTION INC,PARK GREEN CONSTRUCTION INC,PARK GREEN CONSTRUCTION INC,QUEENS,131-01 140 STREET,11419,New Building,2026-03-26T04:00:00.000Z,,,Q01374664-I1,
011237,Park It Management,Park It Management,Park It Management,MANHATTAN,528 WEST  162 STREET,10027,ALT-CO - New Building with Existing Elements to Remain,2026-03-25T04:00:00.000Z,STEPHEN DELLO RUSSO,,M00579245-B2,
058375,PARK TOWER MANAGEMENT LTD,PARK TOWER MANAGEMENT LTD,PARK TOWER MANAGEMENT LTD,MANHATTAN,535 MADISON AVENUE,10018,Alteration,2026-04-01T04:00:00.000Z,,,M01366752-S4,
095780,PARK TYSEN ASSOCIATES LLC,PARK TYSEN ASSOCIATES LLC,PARK TYSEN ASSOCIATES LLC,STATEN ISLAND,2728 HYLAN BOULEVARD,08817,Alteration,2026-04-13T04:00:00.000Z,,,S01381314-S1,
038321,PARKPLUS,PARKPLUS,PARKPLUS,MANHATTAN,211 WEST   84 STREET,11209,Alteration,2026-03-20T04:00:00.000Z,,,M01374345-I1,
091710,PARKSIDE REALTY GROUP LLC,PARKSIDE REALTY GROUP LLC,PARKSIDE REALTY GROUP LLC,QUEENS,120-27 172 STREET,11220,ALT-CO - New Building with Existing Elements to Remain,2026-04-13T04:00:00.000Z,,,Q01251434-P1,
060234,PARKSITE CONSTRUCTION CORP,PARKSITE CONSTRUCTION CORP,PARKSITE CONSTRUCTION CORP,QUEENS,38-20 32 STREET,11101,New Building,2026-03-20T04:00:00.000Z,,,Q01228656-S8,
083941,Parkview Financial,Parkview Financial,Parkview Financial,MANHATTAN,3 SAINT MARKS PLACE,11040,Alteration,2026-04-06T04:00:00.000Z,,,M01376957-I1,
034627,PARKVIEW MANAGEMENT GROUP,PARKVIEW MANAGEMENT GROUP,PARKVIEW MANAGEMENT GROUP,BROOKLYN,410 EASTERN PARKWAY,10001,Alteration,2026-04-02T04:00:00.000Z,,,B01375341-S1,
102420,PARKVIEW MANAGEMENT GROUP,PARKVIEW MANAGEMENT GROUP,PARKVIEW MANAGEMENT GROUP,BROOKLYN,1001 FULTON STREET,11354,Alteration,2026-03-24T04:00:00.000Z,,,B01373566-I1,
101425,Parsons Beach LLC,Parsons Beach LLC,Parsons Beach LLC,QUEENS,37-04 233 PLACE,11742,Alteration CO,2026-03-27T04:00:00.000Z,,,Q01056265-S6,
089525,Partners Asset Management,Partners Asset Management,Partners Asset Management,MANHATTAN,170 EAST   80 STREET,11379,Alteration,2026-04-13T04:00:00.000Z,,,M01384790-I1,
019371,PC RICHARD AND SON,PC RICHARD AND SON,PC RICHARD AND SON,QUEENS,113-02 QUEENS BOULEVARD,11023,Alteration,2026-03-28T04:00:00.000Z,ERIC HAHN,,Q01367398-I1,
103242,"PEARL MEDIA, LLC","PEARL MEDIA, LLC","PEARL MEDIA, LLC",MANHATTAN,9 TIMES SQUARE,06840,Alteration,2026-04-06T04:00:00.000Z,,,M01348318-I1,
064004,PELICAN MANAGEMENT INC.,PELICAN MANAGEMENT INC.,PELICAN MANAGEMENT INC.,MANHATTAN,315 WEST   57 STREET,10595,Alteration,2026-03-24T04:00:00.000Z,,,M01360698-I1,
034045,PENN SOUTH CAPITAL MANAGEMENT LLC,PENN SOUTH CAPITAL MANAGEMENT LLC,PENN SOUTH CAPITAL MANAGEMENT LLC,MANHATTAN,137 ORCHARD STREET,10001,Alteration CO,2026-04-14T04:00:00.000Z,,,M01218681-P1,
086064,PENN SOUTH CAPITAL MANAGEMENT LLC,PENN SOUTH CAPITAL MANAGEMENT LLC,PENN SOUTH CAPITAL MANAGEMENT LLC,MANHATTAN,49 1/2 1 AVENUE,07719,Alteration,2026-04-09T04:00:00.000Z,,,M01252501-I1,
098415,PENN SOUTH CAPITAL MANAGEMENT LLC,PENN SOUTH CAPITAL MANAGEMENT LLC,PENN SOUTH CAPITAL MANAGEMENT LLC,MANHATTAN,137 ORCHARD STREET,10018,Alteration,2026-04-08T04:00:00.000Z,,,M01290123-P2,
036971,Pennbus Realties LLC,Pennbus Realties LLC,Pennbus Realties LLC,MANHATTAN,575 8 AVENUE,10566,Alteration,2026-04-07T04:00:00.000Z,,,M01333813-S1,
074696,"PENNROSE, LLC","PENNROSE, LLC","PENNROSE, LLC",BROOKLYN,125 PALMETTO STREET,11797,Alteration,2026-04-06T04:00:00.000Z,,,B00961342-P8,
062114,Peoples Firehouse Inc.,Peoples Firehouse Inc.,Peoples Firehouse Inc.,BROOKLYN,89 BERRY STREET,11375,Alteration,2026-03-24T04:00:00.000Z,,,B01313735-I1,
015046,PETER LUGER INC,PETER LUGER INC,PETER LUGER INC,BROOKLYN,852 DRIGGS AVENUE,11563,Alteration,2026-04-13T04:00:00.000Z,,,B01352690-I1,
088804,Petrossian Inc,Petrossian Inc,Petrossian Inc,QUEENS,11-36 46 ROAD,11361,Alteration,2026-04-06T04:00:00.000Z,,,Q01381853-I1,
047521,PGGL LLC,PGGL LLC,PGGL LLC,MANHATTAN,747 WASHINGTON STREET,02116,Alteration,2026-03-27T04:00:00.000Z,,,M01367569-I1,
059427,PGGL LLC,PGGL LLC,PGGL LLC,MANHATTAN,747 WASHINGTON STREET,06902,Alteration,2026-03-27T04:00:00.000Z,,,M01367569-S1,
092672,PGGL LLC,PGGL LLC,PGGL LLC,MANHATTAN,747 WASHINGTON STREET,10591,Alteration,2026-03-30T04:00:00.000Z,,,M01367569-S5,
090417,Phantom and Z Capital LLC,Phantom and Z Capital LLC,Phantom and Z Capital LLC,BRONX,240 BUTTRICK AVENUE,11361,New Building,2026-04-14T04:00:00.000Z,,,X01379447-S2,
106244,Phantom and Z Capital LLC,Phantom and Z Capital LLC,Phantom and Z Capital LLC,BRONX,4208 KEPLER AVENUE,11423,New Building,2026-04-12T04:00:00.000Z,,,X01325844-S5,
108777,Phantom and Z Capital LLC,Phantom and Z Capital LLC,Phantom and Z Capital LLC,BRONX,1517 ROSEDALE AVENUE,11801,New Building,2026-03-27T04:00:00.000Z,,,X01366351-S3,
101851,PHIL EMILY REAL ESTATE INC.,PHIL EMILY REAL ESTATE INC.,PHIL EMILY REAL ESTATE INC.,BROOKLYN,198 BAY   11 STREET,11220,Alteration,2026-04-02T04:00:00.000Z,,,B01382034-I1,
101149,Pikine African restaurant,Pikine African restaurant,Pikine African restaurant,MANHATTAN,243 WEST  116 STREET,11968,Alteration,2026-04-06T04:00:00.000Z,,,M01377412-S1,
081165,PILLAR PROPERTY MANAGEMENT,PILLAR PROPERTY MANAGEMENT,PILLAR PROPERTY MANAGEMENT,BRONX,647 ELTON AVENUE,10001,New Building,2026-03-25T04:00:00.000Z,,,X08035066-A3,
102028,PIONEER CONSTRUCTION,PIONEER CONSTRUCTION,PIONEER CONSTRUCTION,MANHATTAN,303 WEST   92 STREET,11218,Alteration,2026-04-05T04:00:00.000Z,,,M01379762-S1,
046361,Pistilli Management LLC,Pistilli Management LLC,Pistilli Management LLC,QUEENS,19-19 24 AVENUE,10001,Alteration,2026-03-20T04:00:00.000Z,,,Q01322381-I1,
092201,Pitkin Avenue Property Holding Corp,Pitkin Avenue Property Holding Corp,Pitkin Avenue Property Holding Corp,BROOKLYN,1721 PITKIN AVENUE,10473,Alteration,2026-04-08T04:00:00.000Z,,,B01383742-I1,
096200,PJ LUCKY REALTY LLC,PJ LUCKY REALTY LLC,PJ LUCKY REALTY LLC,QUEENS,151-14 21 AVENUE,11357,New Building,2026-04-07T04:00:00.000Z,,,Q01219561-S2,
068029,PLATINUM,PLATINUM,PLATINUM,QUEENS,115-69 SUTPHIN BOULEVARD,11358,Alteration,2026-04-01T04:00:00.000Z,,,Q01365202-P1,
079934,Platinum Construction Services,Platinum Construction Services,Platinum Construction Services,QUEENS,66-36 58 AVENUE,11743,ALT-CO - New Building with Existing Elements to Remain,2026-03-27T04:00:00.000Z,,,Q01376026-I1,
089728,Platinum Construction Services,Platinum Construction Services,Platinum Construction Services,QUEENS,66-36 58 AVENUE,08816,Alteration,2026-03-30T04:00:00.000Z,,,Q01378709-I1,
084139,PLATINUM MAINTENANCE SERVICES CORP.,PLATINUM MAINTENANCE SERVICES CORP.,PLATINUM MAINTENANCE SERVICES CORP.,MANHATTAN,79 LAIGHT STREET,10038,Alteration,2026-04-01T04:00:00.000Z,,,M01069758-P1,
094545,PLATINUM REALTY ASSOCIATES,PLATINUM REALTY ASSOCIATES,PLATINUM REALTY ASSOCIATES,BROOKLYN,3910 CHURCH AVENUE,11375,Alteration,2026-04-05T04:00:00.000Z,,,B01382051-I1,
073403,Plaza Athenee Hotel Company Limited,Plaza Athenee Hotel Company Limited,Plaza Athenee Hotel Company Limited,MANHATTAN,37 EAST   64 STREET,10005,Alteration,2026-04-10T04:00:00.000Z,,,M01296130-P1,
104157,PLAZA MANAGEMENT,PLAZA MANAGEMENT,PLAZA MANAGEMENT,BROOKLYN,80 HUDSON AVENUE,11576,Alteration,2026-03-26T04:00:00.000Z,,,B01370010-I1,
083057,PLG Parkson Development,PLG Parkson Development,PLG Parkson Development,BROOKLYN,2018 BEDFORD AVENUE,11235,New Building,2026-03-27T04:00:00.000Z,ANDREW WOLKE  II,,B01363430-S4,
072827,PM Re Managament LLC,PM Re Managament LLC,PM Re Managament LLC,BROOKLYN,103 WALWORTH STREET,12533,ALT-CO - New Building with Existing Elements to Remain,2026-04-14T04:00:00.000Z,,,B01280224-S4,
099501,PM Re Managament LLC,PM Re Managament LLC,PM Re Managament LLC,BROOKLYN,107 WALWORTH STREET,11793,ALT-CO - New Building with Existing Elements to Remain,2026-03-30T04:00:00.000Z,,,B01324801-S4,
102862,PM Re Managament LLC,PM Re Managament LLC,PM Re Managament LLC,BROOKLYN,103 WALWORTH STREET,11374,ALT-CO - New Building with Existing Elements to Remain,2026-04-13T04:00:00.000Z,,,B01280224-S5,
053771,"PONTE EQUITIES, INC.","PONTE EQUITIES, INC.","PONTE EQUITIES, INC.",MANHATTAN,57 BEACH STREET,11746,Alteration,2026-04-08T04:00:00.000Z,,,M01256102-P3,
075458,POPEYES,POPEYES,POPEYES,QUEENS,133-29 SPRINGFIELD BOULEVARD,12309,New Building,2026-04-06T04:00:00.000Z,,,Q01291471-S4,
091935,POPEYES,POPEYES,POPEYES,QUEENS,133-29 SPRINGFIELD BOULEVARD,08012,New Building,2026-04-11T04:00:00.000Z,,,Q01291471-S2,
087678,PORYTKO PROPERTIES LLC,PORYTKO PROPERTIES LLC,PORYTKO PROPERTIES LLC,MANHATTAN,337 EAST    5 STREET,11003,Alteration,2026-04-07T04:00:00.000Z,,,M01066291-P1,
011774,PR,PR,PR,BROOKLYN,716 BROADWAY,11101,Alteration,2026-03-24T04:00:00.000Z,MICHAEL BANKS,,B01251344-P1,
012094,PR,PR,PR,BRONX,200 BAYCHESTER AVENUE,07470,Alteration,2026-03-23T04:00:00.000Z,JEFFERSON NECKLES,,X01352083-I1,
012462,PR,PR,PR,BROOKLYN,668 EASTERN PARKWAY,10012,New Building,2026-03-26T04:00:00.000Z,DEREK MOHAN,,B08050637-P2,
013306,PR,PR,PR,QUEENS,88-24 AUBREY AVENUE,11378,Alteration,2026-04-11T04:00:00.000Z,BLAKE MOSKOWITZ,,Q01030983-P1,
013469,PR,PR,PR,QUEENS,49-13 31 AVENUE,11103,Alteration CO,2026-04-06T04:00:00.000Z,JASON LA GREGA,,Q00531713-P8,
014692,PR,PR,PR,MANHATTAN,551 5 AVENUE,10176,Alteration,2026-03-30T04:00:00.000Z,FRANK CANHA,,M01232235-P2,
016173,PR,PR,PR,STATEN ISLAND,272 ROSS AVENUE,10306,Alteration CO,2026-03-30T04:00:00.000Z,THOMAS FITZGERALD,,S00765016-S1,
016325,PR,PR,PR,MANHATTAN,51 MACDOUGAL STREET,10004,Alteration CO,2026-04-08T04:00:00.000Z,JOHN ENGLER,,M00794106-P5,
016879,PR,PR,PR,QUEENS,100-25 93 AVENUE,11417,Alteration,2026-03-26T04:00:00.000Z,SALIH CHIOKE,,Q00478315-P2,
016907,PR,PR,PR,QUEENS,63-28 83 PLACE,11021,Alteration,2026-03-25T04:00:00.000Z,HAROLD BAYER,,Q01377598-I1,
016909,PR,PR,PR,MANHATTAN,799 PARK AVENUE,10038,Alteration,2026-04-06T04:00:00.000Z,JOSEPH MAZZITELLI,,M01376063-I1,
017070,PR,PR,PR,MANHATTAN,201 WEST   34 STREET,10001,Alteration,2026-03-31T04:00:00.000Z,ANDREW HOUSTON,,M01164588-I1,
017489,PR,PR,PR,QUEENS,72-38 66 DRIVE,10044,New Building,2026-03-27T04:00:00.000Z,FRED BARNES,,Q00789436-P2,
017735,PR,PR,PR,MANHATTAN,1972 BROADWAY,07974,Alteration,2026-04-10T04:00:00.000Z,THOMAS MANGIOLOMINI,,M01369748-I1,
017908,PR,PR,PR,MANHATTAN,55 HUDSON STREET,11101,Alteration,2026-03-23T04:00:00.000Z,WINSTON DELAWAR,,M01360767-I1,
018105,PR,PR,PR,MANHATTAN,354 WEST   12 STREET,10549,Alteration,2026-03-23T04:00:00.000Z,HILTON HEYWOOD,,M01373580-I1,
018142,PR,PR,PR,BROOKLYN,1670 72 STREET,11204,Alteration,2026-04-06T04:00:00.000Z,DORRELL MANAHAN,,B01376694-I1,
018300,PR,PR,PR,MANHATTAN,125 WEST   57 STREET,06902,Alteration,2026-03-26T04:00:00.000Z,GUY TEDALDI,,M01371067-I1,
018525,PR,PR,PR,BROOKLYN,65 BAY   46 STREET,11219,New Building,2026-04-13T04:00:00.000Z,JOHN WALSH,,B00852798-P2,
018545,PR,PR,PR,BRONX,3040 SCENIC PLACE,10471,ALT-CO - New Building with Existing Elements to Remain,2026-04-14T04:00:00.000Z,PHANUEL MARKIN,,X00961593-P6,
018593,PR,PR,PR,MANHATTAN,1900 BROADWAY,10018,Alteration,2026-04-13T04:00:00.000Z,LESTER LOYED,,M01238302-P1,
018684,PR,PR,PR,BRONX,3044 TIEMANN AVENUE,10468,Alteration CO,2026-03-25T04:00:00.000Z,CORNEL SILVERA,,X01118377-P3,
018876,PR,PR,PR,BROOKLYN,420 CARROLL STREET,11021,Alteration,2026-03-25T04:00:00.000Z,KEVIN SCOTT,,B01370508-I1,
018963,PR,PR,PR,STATEN ISLAND,84 DISCALA LANE,10306,New Building,2026-04-09T04:00:00.000Z,ROBERT SHAPIRO,,S01371002-S3,
019086,PR,PR,PR,MANHATTAN,300 WEST   53 STREET,10023,Alteration,2026-04-01T04:00:00.000Z,WADE STOREY,,M01345372-P1,
019437,PR,PR,PR,BRONX,1609 CROSBY AVENUE,10550,New Building,2026-03-27T04:00:00.000Z,GREGORY COLEY,,X01374029-S2,
019488,PR,PR,PR,QUEENS,89-05 RUTLEDGE AVENUE,11754,Alteration,2026-03-23T04:00:00.000Z,THOMAS MCFARLAND,,Q00820313-P1,
019509,PR,PR,PR,MANHATTAN,426 WEST   58 STREET,10005,Alteration,2026-03-27T04:00:00.000Z,RICHARD BLUMBERG,,M01309086-P1,
019517,PR,PR,PR,BROOKLYN,580 EAST   48 STREET,07676,Alteration,2026-04-13T04:00:00.000Z,NUNZIO CHIULLI,,B01383318-I1,
019534,PR,PR,PR,MANHATTAN,641 EAST   13 STREET,10004,Alteration,2026-03-23T04:00:00.000Z,FRANCIS TALTY,,M01164309-P1,
019536,PR,PR,PR,BRONX,735 LADD ROAD,10001,Alteration,2026-04-13T04:00:00.000Z,VITALY GIMELSHTEYN,,X01020985-P6,
019756,PR,PR,PR,STATEN ISLAND,141 DUTCHESS AVENUE,10304,Alteration,2026-03-27T04:00:00.000Z,TERRANCE BARNWELL,,S01343370-I1,
019868,PR,PR,PR,BROOKLYN,137 COOPER STREET,11701,Alteration,2026-03-24T04:00:00.000Z,WILLIAM FARRELL,,B01205130-P2,
026028,PR,PR,PR,QUEENS,46-03 192 STREET,11362,New Building,2026-04-07T04:00:00.000Z,ANGELO LATEMPA,,Q01227683-P2,
026694,PR,PR,PR,BROOKLYN,169 INDIA STREET,11231,ALT-CO - New Building with Existing Elements to Remain,2026-04-14T04:00:00.000Z,EMOKE HAMZA,,B00726524-P1,
027562,PR,PR,PR,BRONX,659 ST LAWRENCE AVENUE,20151,Alteration,2026-04-06T04:00:00.000Z,VITTORIO NIGRO,,X01380567-I1,
029332,PR,PR,PR,BROOKLYN,141 NORTH    4 STREET,11226,Alteration,2026-03-26T04:00:00.000Z,WILLIAM MORRIS,,B01378442-I1,
029545,PR,PR,PR,BROOKLYN,244 FLATBUSH AVENUE,07024,Alteration,2026-04-08T04:00:00.000Z,TAOFEEQ AJIBADE,,B01330255-P3,
030672,PR,PR,PR,MANHATTAN,2 WEST   45 STREET,10022,Alteration,2026-04-07T04:00:00.000Z,SAKET MIMIDINOVSKI,,M01383843-I1,
031076,PR,PR,PR,BROOKLYN,343 BOND STREET,10016,New Building,2026-03-30T04:00:00.000Z,KUMAR RAMSARRAN,,B00600073-A7,
079022,PR,PR,PR,MANHATTAN,77 WEST   55 STREET,10002,Alteration,2026-04-08T04:00:00.000Z,ANTHONY DISANZA,,M01256569-I1,
083057,PR,PR,PR,BROOKLYN,236 GOLD STREET,11235,New Building,2026-04-13T04:00:00.000Z,ANDREW WOLKE  II,,B00741148-Z2,
085006,PR,PR,PR,BROOKLYN,916 PRESIDENT STREET,10005,Alteration CO,2026-03-24T04:00:00.000Z,VINCENT RATTY,,B01079036-P4,
088010,PR,PR,PR,MANHATTAN,430 WEST   23 STREET,07110-125,Alteration,2026-04-10T04:00:00.000Z,JOHN NOONAN,,M01381216-I1,
093367,PR,PR,PR,QUEENS,82-19 QUEENS BOULEVARD,10301,ALT-CO - New Building with Existing Elements to Remain,2026-04-14T04:00:00.000Z,A SPERA,,Q01362385-S1,
093697,PR,PR,PR,STATEN ISLAND,47 FARVIEW PLACE,10105,New Building,2026-04-14T04:00:00.000Z,R CARRINGTON,,S00966109-S4,
093787,PR,PR,PR,MANHATTAN,30 PARK AVENUE,10305,Alteration,2026-03-31T04:00:00.000Z,DAVID WAITHE,,M01358919-I1,
093795,PR,PR,PR,BROOKLYN,536 MYRTLE AVENUE,11021,Alteration,2026-04-14T04:00:00.000Z,N BECACCIO,,B01304585-P2,
093829,PR,PR,PR,BROOKLYN,918 ATLANTIC AVENUE,11795,Full Demolition,2026-03-20T04:00:00.000Z,JOSEPH MC SHEA,,B01260393-P3,
093860,PR,PR,PR,MANHATTAN,1428 MADISON AVENUE,10001,Alteration,2026-04-02T04:00:00.000Z,CHRISTOPHER FILOMIO,,M01369012-S2,
080991,PRADA USA CORP,PRADA USA CORP,PRADA USA CORP,MANHATTAN,609 WEST   51 STREET,10018,Alteration,2026-03-27T04:00:00.000Z,,,M01366966-S1,
107126,PRADA USA CORP,PRADA USA CORP,PRADA USA CORP,MANHATTAN,609 WEST   51 STREET,16051,Alteration,2026-03-27T04:00:00.000Z,,,M01366966-I1,
034142,PRECISION OWNERS,PRECISION OWNERS,PRECISION OWNERS,BROOKLYN,128 LIVONIA AVENUE,10901,New Building,2026-04-10T04:00:00.000Z,,,B00680413-A5,
099501,PRECISION OWNERS,PRECISION OWNERS,PRECISION OWNERS,BROOKLYN,128 LIVONIA AVENUE,11793,New Building,2026-03-30T04:00:00.000Z,,,B00680413-A6,
041347,PREMIER EQUITIES,PREMIER EQUITIES,PREMIER EQUITIES,MANHATTAN,129 WEST   20 STREET,10304,Alteration,2026-03-25T04:00:00.000Z,,,M01368420-I1,
047153,PREMIER EQUITIES,PREMIER EQUITIES,PREMIER EQUITIES,MANHATTAN,1293 3 AVENUE,11354,Alteration,2026-03-20T04:00:00.000Z,,,M01318336-P1,
095837,PREMIER EQUITIES,PREMIER EQUITIES,PREMIER EQUITIES,MANHATTAN,151 WOOSTER STREET,11235,Alteration,2026-03-27T04:00:00.000Z,,,M01371281-I1,
076707,PRESERV BUILDING RESTORATION MANAGE,PRESERV BUILDING RESTORATION MANAGE,PRESERV BUILDING RESTORATION MANAGE,BROOKLYN,96 14 STREET,19006,Alteration,2026-03-24T04:00:00.000Z,,,B01357768-I1,
090954,PRESERV BUILDING RESTORATION MANAGE,PRESERV BUILDING RESTORATION MANAGE,PRESERV BUILDING RESTORATION MANAGE,MANHATTAN,3 EAST   78 STREET,11423,Alteration,2026-04-02T04:00:00.000Z,,,M01378677-I1,
108976,PRESERV BUILDING RESTORATION MANAGE,PRESERV BUILDING RESTORATION MANAGE,PRESERV BUILDING RESTORATION MANAGE,BROOKLYN,380 HENRY STREET,11423,Alteration,2026-04-03T04:00:00.000Z,,,B01378590-P1,
069888,PRESIDENT,PRESIDENT,PRESIDENT,MANHATTAN,5 EAST   62 STREET,10005,Alteration,2026-04-10T04:00:00.000Z,,,M01364103-S1,
102028,PRESPECTIVE GENERAL CONSTRUCTION IN,PRESPECTIVE GENERAL CONSTRUCTION IN,PRESPECTIVE GENERAL CONSTRUCTION IN,BRONX,274 EAST  175 STREET,11218,Alteration,2026-03-26T04:00:00.000Z,,,X01374019-I1,
082512,PRESTIGE CONSTRUCTION NY LLC,PRESTIGE CONSTRUCTION NY LLC,PRESTIGE CONSTRUCTION NY LLC,MANHATTAN,18 WEST  116 STREET,11207,Alteration,2026-04-01T04:00:00.000Z,,,M01362433-I1,
101280,PRESTIGE CONSTRUCTION NY LLC,PRESTIGE CONSTRUCTION NY LLC,PRESTIGE CONSTRUCTION NY LLC,MANHATTAN,180 EAST  125 STREET,11101,Alteration,2026-03-27T04:00:00.000Z,,,M01378385-I1,
080350,PRIME ALLIANCE LLC,PRIME ALLIANCE LLC,PRIME ALLIANCE LLC,QUEENS,21-49 32 STREET,11435,Alteration CO,2026-04-02T04:00:00.000Z,,,Q01237278-P2,
098751,PRIME ZONE BUILDING CONSULTING,PRIME ZONE BUILDING CONSULTING,PRIME ZONE BUILDING CONSULTING,QUEENS,45-21 76 STREET,11354,Alteration CO,2026-04-06T04:00:00.000Z,,,Q01256282-P1,
104614,PRIME ZONE BUILDING CONSULTING,PRIME ZONE BUILDING CONSULTING,PRIME ZONE BUILDING CONSULTING,QUEENS,45-21 76 STREET,11354,Alteration,2026-03-19T04:00:00.000Z,,,Q01288443-P3,
107579,PRINCE ST HOTPOT,PRINCE ST HOTPOT,PRINCE ST HOTPOT,MANHATTAN,111 EAST   23 STREET,11373,Alteration,2026-03-25T04:00:00.000Z,,,M01256022-P2,
018861,PRIVATE,PRIVATE,PRIVATE,MANHATTAN,135 EAST   57 STREET,10004,Alteration,2026-04-02T04:00:00.000Z,KEITH ADAMS,,M01370308-I1,
042725,PRIVATE,PRIVATE,PRIVATE,STATEN ISLAND,119 HENDRICKS AVENUE,07013,Alteration,2026-03-22T04:00:00.000Z,,,S01365749-I1,
082046,PRIVATE,PRIVATE,PRIVATE,BROOKLYN,15 OAK STREET,10601,New Building,2026-03-20T04:00:00.000Z,,,B01312761-S7,
083125,PRIVATE,PRIVATE,PRIVATE,MANHATTAN,135 EAST   57 STREET,10704,Alteration,2026-03-25T04:00:00.000Z,STEPHEN RYCHLICKI,,M01376328-I1,
086043,PRIVATE,PRIVATE,PRIVATE,MANHATTAN,135 EAST   57 STREET,10036,Alteration,2026-04-02T04:00:00.000Z,,,M01367826-I1,
086757,PRIVATE,PRIVATE,PRIVATE,MANHATTAN,135 EAST   57 STREET,11237,Alteration,2026-03-23T04:00:00.000Z,,,M01371784-I1,
095911,PRO BUILDING MANAGEMENT LLC,PRO BUILDING MANAGEMENT LLC,PRO BUILDING MANAGEMENT LLC,QUEENS,12-10 166 STREET,11356,ALT-CO - New Building with Existing Elements to Remain,2026-04-07T04:00:00.000Z,,,Q00762035-A2,
093795,PROCIDA CONSTRUCTION CORP.,PROCIDA CONSTRUCTION CORP.,PROCIDA CONSTRUCTION CORP.,BRONX,200 WEST TREMONT AVENUE,11021,Alteration CO,2026-03-27T04:00:00.000Z,N BECACCIO,,X00853200-A4,
104468,Professional Housekeeper,Professional Housekeeper,Professional Housekeeper,BRONX,662 SAGAMORE STREET,07080,Alteration,2026-04-06T04:00:00.000Z,,,X01383133-I1,
086597,"PROJECT RENEWAL, INC","PROJECT RENEWAL, INC","PROJECT RENEWAL, INC",MANHATTAN,448 WEST   48 STREET,10036,Alteration,2026-03-27T04:00:00.000Z,,,M01308166-S1,
086757,"PROJECT RENEWAL, INC","PROJECT RENEWAL, INC","PROJECT RENEWAL, INC",MANHATTAN,225 EAST 45 STREET,11237,Alteration,2026-04-02T04:00:00.000Z,,,M01091319-P4,
088704,Prompt Builders,Prompt Builders,Prompt Builders,BROOKLYN,5716 NEW UTRECHT AVENUE,11235,New Building,2026-04-01T04:00:00.000Z,,,B00813821-P7,
095847,PROPERTY,PROPERTY,PROPERTY,QUEENS,10-61 JACKSON AVENUE,11747,Alteration,2026-03-23T04:00:00.000Z,,,Q01374569-I1,
104611,PROPERTY,PROPERTY,PROPERTY,QUEENS,10-61 JACKSON AVENUE,10017,Alteration,2026-04-06T04:00:00.000Z,,,Q01135056-S1,
081019,PROPERTY COMPLIANCE LLC,PROPERTY COMPLIANCE LLC,PROPERTY COMPLIANCE LLC,BROOKLYN,139 NEVINS STREET,11219,Alteration,2026-04-01T04:00:00.000Z,,,B01320178-P1,
070906,Property Resources Corporation,Property Resources Corporation,Property Resources Corporation,BROOKLYN,1355 EAST   18 STREET,06905,Alteration,2026-03-30T04:00:00.000Z,,,B01250013-P1,
069868,Proskauer,Proskauer,Proskauer,MANHATTAN,64 HORATIO STREET,11050,Alteration CO,2026-04-02T04:00:00.000Z,,,M01297014-S3,
085187,PROSPECT DEVELOPERS II,PROSPECT DEVELOPERS II,PROSPECT DEVELOPERS II,MANHATTAN,460 10 AVENUE,10001,New Building,2026-03-20T04:00:00.000Z,,,M01370578-S4,
091112,PROSPECT DEVELOPERS II,PROSPECT DEVELOPERS II,PROSPECT DEVELOPERS II,BROOKLYN,127 KENT AVENUE,10018,New Building,2026-03-31T04:00:00.000Z,,,B00624212-B2,
088368,"PROVENANT ENTERPRISE, LLC.","PROVENANT ENTERPRISE, LLC.","PROVENANT ENTERPRISE, LLC.",QUEENS,41-25 KISSENA BOULEVARD,10038,Alteration,2026-03-30T04:00:00.000Z,,,Q01359151-I1,
080545,"Providence House, Inc.","Providence House, Inc.","Providence House, Inc.",BROOKLYN,703 LEXINGTON AVENUE,10001,New Building,2026-03-27T04:00:00.000Z,,,B01376426-S7,
097665,PSA BROOKLYN DEVELOPMENT LLC,PSA BROOKLYN DEVELOPMENT LLC,PSA BROOKLYN DEVELOPMENT LLC,BROOKLYN,73 MONROE STREET,10469,Alteration CO,2026-04-14T04:00:00.000Z,,,B01369214-S2,
102029,PSC,PSC,PSC,BRONX,1919 MCGRAW AVENUE,10001,Alteration,2026-03-27T04:00:00.000Z,,,X00959181-P1,
102329,PYRAMID APEX CORP,PYRAMID APEX CORP,PYRAMID APEX CORP,MANHATTAN,176 7 AVENUE SOUTH,11418,Alteration,2026-04-10T04:00:00.000Z,,,M01005957-P1,
096200,Q & C 195 LLC,Q & C 195 LLC,Q & C 195 LLC,QUEENS,47-69 195 STREET,11357,Alteration,2026-03-25T04:00:00.000Z,,,Q01366877-I1,
095521,QINGHELI,QINGHELI,QINGHELI,BROOKLYN,5413 8 AVENUE,11220,Alteration,2026-04-08T04:00:00.000Z,,,B01279051-P2,
092050,"QUEEN ANNE CO., LLC","QUEEN ANNE CO., LLC","QUEEN ANNE CO., LLC",QUEENS,30-60 CRESCENT STREET,10018,Alteration,2026-03-31T04:00:00.000Z,,,Q01375499-I1,
108063,QUEENS,QUEENS,QUEENS,QUEENS,74-15 NORTHERN BOULEVARD,07060,Alteration,2026-03-24T04:00:00.000Z,,,Q01357674-I1,
081788,QUEENS CENTERS FOR PROGRESS,QUEENS CENTERS FOR PROGRESS,QUEENS CENTERS FOR PROGRESS,QUEENS,82-25 164 STREET,10018,Alteration,2026-04-13T04:00:00.000Z,,,Q01374202-S1,
071143,QUEENS COMMUNITY HOUSE,QUEENS COMMUNITY HOUSE,QUEENS COMMUNITY HOUSE,QUEENS,108-25 62 DRIVE,10036,Alteration,2026-03-19T04:00:00.000Z,,,Q01077547-P7,
089081,QUICKWASH,QUICKWASH,QUICKWASH,BRONX,4046 BOSTON ROAD,11357,Alteration,2026-03-23T04:00:00.000Z,,,X01366124-I1,
092361,Quontic Bank,Quontic Bank,Quontic Bank,QUEENS,31-01 BROADWAY,11801,Alteration,2026-04-08T04:00:00.000Z,,,Q01383755-I1,
016362,R.A. COHEN & ASSOC. INC.,R.A. COHEN & ASSOC. INC.,R.A. COHEN & ASSOC. INC.,MANHATTAN,230 RIVERSIDE DRIVE,11231,Alteration,2026-03-23T04:00:00.000Z,,,M01370130-I1,
037330,R.A. COHEN & ASSOC. INC.,R.A. COHEN & ASSOC. INC.,R.A. COHEN & ASSOC. INC.,MANHATTAN,63 BEDFORD STREET,11725,Alteration,2026-04-14T04:00:00.000Z,,,M01272985-P2,
091999,R&A CONSTRUCTION SERVICES INC.,R&A CONSTRUCTION SERVICES INC.,R&A CONSTRUCTION SERVICES INC.,MANHATTAN,4 EAST  116 STREET,11580,Alteration,2026-04-08T04:00:00.000Z,,,M01362736-I1,
104468,R&SS GENERAL CONSTRUCTION CORP,R&SS GENERAL CONSTRUCTION CORP,R&SS GENERAL CONSTRUCTION CORP,BROOKLYN,470 BERRIMAN STREET,07080,Alteration,2026-04-07T04:00:00.000Z,,,B01384029-I1,
081645,RA 280 DEVELOPMENT LLC,RA 280 DEVELOPMENT LLC,RA 280 DEVELOPMENT LLC,MANHATTAN,261 WEST   24 STREET,10036,New Building,2026-03-23T04:00:00.000Z,,,M00696323-C2,
038942,RABINA PROPERTIES,RABINA PROPERTIES,RABINA PROPERTIES,MANHATTAN,520 FIFTH AVENUE,10001,Alteration,2026-03-30T04:00:00.000Z,,,M01361879-I1,
071143,RABINA PROPERTIES,RABINA PROPERTIES,RABINA PROPERTIES,MANHATTAN,520 FIFTH AVENUE,10036,Alteration,2026-03-30T04:00:00.000Z,,,M01361879-S1,
090372,RACHLIN MANAGEMENT,RACHLIN MANAGEMENT,RACHLIN MANAGEMENT,QUEENS,7234 AUSTIN STREET,10038,Alteration,2026-03-23T04:00:00.000Z,,,Q01061699-P1,
070154,Rahamu one corp,Rahamu one corp,Rahamu one corp,QUEENS,145-45 123 AVENUE,11415,Alteration,2026-03-30T04:00:00.000Z,,,Q01380065-I1,
089068,Rahamu one corp,Rahamu one corp,Rahamu one corp,QUEENS,146-05 133 AVENUE,11415,Alteration,2026-04-01T04:00:00.000Z,,,Q01380248-I1,
100821,RAINES OPTICAL COMPANY LLC,RAINES OPTICAL COMPANY LLC,RAINES OPTICAL COMPANY LLC,QUEENS,1047 BEACH   21 STREET,07621,Alteration,2026-03-26T04:00:00.000Z,,,Q01299664-P1,
091151,RALPH HOLD LLC,RALPH HOLD LLC,RALPH HOLD LLC,STATEN ISLAND,1990 HYLAN BOULEVARD,11228,Full Demolition,2026-04-07T04:00:00.000Z,,,S01380188-I1,
071681,RAM HOLDINGS,RAM HOLDINGS,RAM HOLDINGS,MANHATTAN,580 BROADWAY,10010,Alteration,2026-04-13T04:00:00.000Z,,,M01294262-P1,
081788,"RAMBAM FAMILY HEALTH CENTER, INC","RAMBAM FAMILY HEALTH CENTER, INC","RAMBAM FAMILY HEALTH CENTER, INC",BROOKLYN,1122 CHESTNUT AVENUE,10018,Alteration,2026-03-31T04:00:00.000Z,,,B01364373-S2,
016854,RANCO CAPITAL LLC,RANCO CAPITAL LLC,RANCO CAPITAL LLC,BROOKLYN,643 GRAND STREET,10007,New Building,2026-03-26T04:00:00.000Z,HENRY VAN ROSSEM,,B01248951-P2,
040451,RANCO CAPITAL LLC,RANCO CAPITAL LLC,RANCO CAPITAL LLC,BROOKLYN,1084 PACIFIC STREET,11205,New Building,2026-03-23T04:00:00.000Z,,,B01373413-I1,
103696,RANCO CAPITAL LLC,RANCO CAPITAL LLC,RANCO CAPITAL LLC,BROOKLYN,1084 PACIFIC STREET,10005,Full Demolition,2026-03-30T04:00:00.000Z,,,B01358604-S1,
036490,RANCO MANAGEMENT LLC,RANCO MANAGEMENT LLC,RANCO MANAGEMENT LLC,BROOKLYN,294 BEDFORD AVENUE,11358,Alteration,2026-03-29T04:00:00.000Z,,,B01376835-I1,
073779,RANGASAMMY VEERAPN CONSTRUCTION,RANGASAMMY VEERAPN CONSTRUCTION,RANGASAMMY VEERAPN CONSTRUCTION,QUEENS,179-06 146 ROAD,11419,Alteration CO,2026-04-08T04:00:00.000Z,,,Q01308060-S2,
074354,RATHOD,RATHOD,RATHOD,BROOKLYN,1045 FLATBUSH AVENUE,07036,Alteration,2026-04-09T04:00:00.000Z,,,B00560402-P3,
018485,raymour & flanigan,raymour & flanigan,raymour & flanigan,QUEENS,94-11 ROCKAWAY BOULEVARD,11101,Alteration CO,2026-04-07T04:00:00.000Z,WILLIAM RICE,,Q00679516-A4,
092742,RB REALTY CAPITAL LLC,RB REALTY CAPITAL LLC,RB REALTY CAPITAL LLC,QUEENS,141-15 78 AVENUE,10011,Alteration,2026-03-30T04:00:00.000Z,,,Q01353843-S2,
092770,RB REALTY CAPITAL LLC,RB REALTY CAPITAL LLC,RB REALTY CAPITAL LLC,QUEENS,141-15 78 AVENUE,10036,Alteration,2026-03-27T04:00:00.000Z,,,Q01353843-S4,
063353,RBA DEVELOPERS LLC,RBA DEVELOPERS LLC,RBA DEVELOPERS LLC,BRONX,4121 3 AVENUE,10514,Alteration,2026-03-22T04:00:00.000Z,,,X01272215-I1,
071143,"RCPI LANDMARK PROPERTIES, LLC","RCPI LANDMARK PROPERTIES, LLC","RCPI LANDMARK PROPERTIES, LLC",MANHATTAN,600 5 AVENUE,10036,Alteration,2026-04-14T04:00:00.000Z,,,M00973357-P2,
037900,RCPI Landmarks LLC,RCPI Landmarks LLC,RCPI Landmarks LLC,MANHATTAN,520 MADISON AVENUE,10001,Alteration CO,2026-03-23T04:00:00.000Z,,,M01355353-S1,
071504,RCPI Landmarks LLC,RCPI Landmarks LLC,RCPI Landmarks LLC,MANHATTAN,520 MADISON AVENUE,10019,Alteration CO,2026-03-23T04:00:00.000Z,,,M01355353-S3,
089399,RCPI Landmarks LLC,RCPI Landmarks LLC,RCPI Landmarks LLC,MANHATTAN,520 MADISON AVENUE,10005,Alteration CO,2026-03-23T04:00:00.000Z,,,M01355353-S5,
047591,RCR MANAGEMENT GROUP LLC,RCR MANAGEMENT GROUP LLC,RCR MANAGEMENT GROUP LLC,MANHATTAN,124 WEST   79 STREET,08701,Alteration,2026-03-24T04:00:00.000Z,,,M01376510-I1,
093829,REALPORT GROUP LLC,REALPORT GROUP LLC,REALPORT GROUP LLC,QUEENS,133-34 36 ROAD,11795,Full Demolition,2026-03-31T04:00:00.000Z,JOSEPH MC SHEA,,Q01354983-I1,
083103,"REALTY WITH ELAN, LLC","REALTY WITH ELAN, LLC","REALTY WITH ELAN, LLC",BROOKLYN,297 BAINBRIDGE STREET,11510,Alteration,2026-03-20T04:00:00.000Z,ROBERT FROEHLICH,,B00887888-P2,
095847,REBEKAH REHAB & EXTENDED CARE CENTE,REBEKAH REHAB & EXTENDED CARE CENTE,REBEKAH REHAB & EXTENDED CARE CENTE,BRONX,1060 HAVEMEYER AVENUE,11747,Alteration,2026-04-02T04:00:00.000Z,,,X01377314-I1,
017489,RED APPLE GROUP,RED APPLE GROUP,RED APPLE GROUP,MANHATTAN,600 WEST   57 STREET,10044,Alteration,2026-03-26T04:00:00.000Z,FRED BARNES,,M01344608-I1,
073820,RED SNAPPER LATIN CUISINE LLC,RED SNAPPER LATIN CUISINE LLC,RED SNAPPER LATIN CUISINE LLC,MANHATTAN,29 WEST   36 STREET,11368,Alteration,2026-03-25T04:00:00.000Z,,,M01345398-P1,
042839,REEP-OFC 757 Third Avenue NY LLC,REEP-OFC 757 Third Avenue NY LLC,REEP-OFC 757 Third Avenue NY LLC,MANHATTAN,757 3 AVENUE,11214,Alteration,2026-04-02T04:00:00.000Z,,,M01165169-P2,
043509,REGENCY CENTERS,REGENCY CENTERS,REGENCY CENTERS,QUEENS,91-02 ATLANTIC AVENUE,11377,Alteration,2026-03-29T04:00:00.000Z,,,Q01376965-I1,
100821,REGENCY CENTERS,REGENCY CENTERS,REGENCY CENTERS,QUEENS,92-10 ATLANTIC AVENUE,07621,Alteration,2026-04-08T04:00:00.000Z,,,Q01308847-P3,
069933,REGIS HIGH SCHOOL,REGIS HIGH SCHOOL,REGIS HIGH SCHOOL,MANHATTAN,55 EAST   84 STREET,10001,Alteration,2026-04-06T04:00:00.000Z,,,M01378526-S2,
075303,REGIS HIGH SCHOOL,REGIS HIGH SCHOOL,REGIS HIGH SCHOOL,MANHATTAN,55 EAST   84 STREET,10010,Alteration,2026-03-30T04:00:00.000Z,,,M01378526-S1,
014980,RELATED HUDSON YARDS MANAGER,RELATED HUDSON YARDS MANAGER,RELATED HUDSON YARDS MANAGER,MANHATTAN,500 WEST   33 STREET,10036,Alteration,2026-03-26T04:00:00.000Z,GEORGE MULLER,,M01371732-I1,
071143,RELATED HUDSON YARDS MANAGER,RELATED HUDSON YARDS MANAGER,RELATED HUDSON YARDS MANAGER,MANHATTAN,30 HUDSON YARDS,10036,Alteration,2026-04-08T04:00:00.000Z,,,M01131822-P3,
076030,RELATED HUDSON YARDS MANAGER,RELATED HUDSON YARDS MANAGER,RELATED HUDSON YARDS MANAGER,MANHATTAN,500 WEST   33 STREET,10016,Alteration,2026-03-30T04:00:00.000Z,,,M01371732-S2,
019160,RELATED MANAGEMENT COMPANY,RELATED MANAGEMENT COMPANY,RELATED MANAGEMENT COMPANY,MANHATTAN,533 WEST   23 STREET,11372,Alteration,2026-04-05T04:00:00.000Z,NICHOLAS DI GERONIMO,,M01370298-I1,
043544,RELATED MANAGEMENT COMPANY,RELATED MANAGEMENT COMPANY,RELATED MANAGEMENT COMPANY,MANHATTAN,527 WEST   23 STREET,10019,Alteration,2026-03-20T04:00:00.000Z,,,M01341775-S2,
070154,"RELIABLE CUSTOM BUILDERS, INC.","RELIABLE CUSTOM BUILDERS, INC.","RELIABLE CUSTOM BUILDERS, INC.",QUEENS,161-12 129 AVENUE,11415,Alteration CO,2026-04-02T04:00:00.000Z,,,Q01377051-I1,
079440,"RELIANT ELECTRICAL CONTRACTING, INC","RELIANT ELECTRICAL CONTRACTING, INC","RELIANT ELECTRICAL CONTRACTING, INC",BROOKLYN,155 CLARKSON AVENUE,11417,Alteration,2026-03-23T04:00:00.000Z,,,B00727383-P3,
097321,"RELIANT REALTY SERVICES, LLC","RELIANT REALTY SERVICES, LLC","RELIANT REALTY SERVICES, LLC",BROOKLYN,99 WILSON STREET,11358,Alteration,2026-03-26T04:00:00.000Z,,,B01364963-P1,
060234,RENAISSANCE REALTY GROUP,RENAISSANCE REALTY GROUP,RENAISSANCE REALTY GROUP,BROOKLYN,291 EASTERN PARKWAY,11101,New Building,2026-03-31T04:00:00.000Z,,,B00863621-Z8,
099501,RENAISSANCE REALTY GROUP,RENAISSANCE REALTY GROUP,RENAISSANCE REALTY GROUP,BROOKLYN,291 EASTERN PARKWAY,11793,New Building,2026-03-31T04:00:00.000Z,,,B00863621-Z7,
078396,RENAISSANCE SPECIAL,RENAISSANCE SPECIAL,RENAISSANCE SPECIAL,BRONX,230 WILLIS AVENUE,07646,Alteration,2026-03-19T04:00:00.000Z,,,X01374842-I1,
100790,REPUBLIC SCAFFOLD & HOIST CORP,REPUBLIC SCAFFOLD & HOIST CORP,REPUBLIC SCAFFOLD & HOIST CORP,MANHATTAN,64 FULTON STREET,10007,Alteration,2026-04-13T04:00:00.000Z,,,M01347859-I1,
061028,RESIDENZA483,RESIDENZA483,RESIDENZA483,MANHATTAN,23 EAST    9 STREET,11021,Alteration CO,2026-04-07T04:00:00.000Z,,,M01138887-S1,
086614,Resolution Real Estate,Resolution Real Estate,Resolution Real Estate,MANHATTAN,18 EAST   41 STREET,10036,Alteration,2026-04-07T04:00:00.000Z,,,M01338759-P1,
101716,RESOLUTION REAL ESTATE,RESOLUTION REAL ESTATE,RESOLUTION REAL ESTATE,MANHATTAN,251 WEST   30 STREET,07002,Alteration,2026-04-08T04:00:00.000Z,,,M01235880-S3,
103706,RESTORE RITE NY CORP,RESTORE RITE NY CORP,RESTORE RITE NY CORP,BROOKLYN,228 PALMETTO STREET,11803,Alteration,2026-04-11T04:00:00.000Z,,,B01384212-S2,
065567,RESTORED HOMES HDFC,RESTORED HOMES HDFC,RESTORED HOMES HDFC,BROOKLYN,635 CHAUNCEY STREET,11563,Alteration,2026-03-31T04:00:00.000Z,,,B00509777-P2,
052799,REVAMP NYC,REVAMP NYC,REVAMP NYC,BRONX,1175 GRANT AVENUE,10001,Alteration CO,2026-03-30T04:00:00.000Z,,,X01233836-S5,
091045,REVAMP NYC,REVAMP NYC,REVAMP NYC,MANHATTAN,312 EAST  106 STREET,11101,Alteration,2026-03-24T04:00:00.000Z,,,M01310272-S2,
099501,REVAMP NYC,REVAMP NYC,REVAMP NYC,BRONX,3196 WEBSTER AVENUE,11793,ALT-CO - New Building with Existing Elements to Remain,2026-04-14T04:00:00.000Z,,,X01208498-A2,
107592,REVAMP NYC,REVAMP NYC,REVAMP NYC,BRONX,1027 WARD AVENUE,10016,Alteration CO,2026-03-19T04:00:00.000Z,,,X01290986-P2,
101758,REVEL TRANSIT,REVEL TRANSIT,REVEL TRANSIT,QUEENS,30-50 77 STREET,07054,Alteration,2026-04-08T04:00:00.000Z,,,Q01360926-I1,
079716,REXCO,REXCO,REXCO,BRONX,2865 3 AVENUE,07676,Alteration,2026-03-19T04:00:00.000Z,,,X01208188-P2,
035880,RFR REALTY LLC,RFR REALTY LLC,RFR REALTY LLC,MANHATTAN,475 5 AVENUE,10013,Alteration,2026-03-19T04:00:00.000Z,,,M01272144-P1,
038942,RFR REALTY LLC,RFR REALTY LLC,RFR REALTY LLC,MANHATTAN,375 PARK AVENUE,10001,Alteration,2026-03-24T04:00:00.000Z,,,M01363730-I1,
066709,RFR REALTY LLC,RFR REALTY LLC,RFR REALTY LLC,MANHATTAN,17 STATE STREET,10001,Alteration,2026-04-13T04:00:00.000Z,,,M01237010-P2,
072488,RFR REALTY LLC,RFR REALTY LLC,RFR REALTY LLC,MANHATTAN,475 5 AVENUE,11550,Alteration,2026-04-06T04:00:00.000Z,,,M01379250-I1,
032252,"RFR REALTY, LLC","RFR REALTY, LLC","RFR REALTY, LLC",MANHATTAN,1728 1 AVENUE,06830,Alteration CO,2026-03-26T04:00:00.000Z,,,M01366909-I1,
064095,"RFR REALTY, LLC","RFR REALTY, LLC","RFR REALTY, LLC",MANHATTAN,477 MADISON AVENUE,10001,Alteration CO,2026-04-01T04:00:00.000Z,,,M01305583-S4,
076082,"RFR REALTY, LLC","RFR REALTY, LLC","RFR REALTY, LLC",MANHATTAN,477 MADISON AVENUE,10019,Alteration CO,2026-03-26T04:00:00.000Z,,,M01305583-S2,
079743,"RFR REALTY, LLC","RFR REALTY, LLC","RFR REALTY, LLC",MANHATTAN,1728 1 AVENUE,07960,Alteration CO,2026-03-26T04:00:00.000Z,,,M01366909-S3,
082331,"RFR REALTY, LLC","RFR REALTY, LLC","RFR REALTY, LLC",MANHATTAN,1728 1 AVENUE,10017,Alteration,2026-03-27T04:00:00.000Z,,,M01281201-P1,
108063,Richie's n Joe's Auto,Richie's n Joe's Auto,Richie's n Joe's Auto,STATEN ISLAND,125 PAGE AVENUE,07060,Alteration,2026-04-02T04:00:00.000Z,,,S01344502-I1,
096395,"RINSE 103, LLC","RINSE 103, LLC","RINSE 103, LLC",QUEENS,80-23 64 LANE,07102,Alteration,2026-04-03T04:00:00.000Z,,,Q01237381-S3,
087878,Riona Realty LLC,Riona Realty LLC,Riona Realty LLC,BROOKLYN,271 11 STREET,10002,ALT-CO - New Building with Existing Elements to Remain,2026-03-30T04:00:00.000Z,,,B01359222-S4,
093795,Riona Realty LLC,Riona Realty LLC,Riona Realty LLC,BROOKLYN,271 11 STREET,11021,ALT-CO - New Building with Existing Elements to Remain,2026-03-25T04:00:00.000Z,N BECACCIO,,B01359222-S3,
110381,RIPCO MANAGEMENT,RIPCO MANAGEMENT,RIPCO MANAGEMENT,QUEENS,89-11 NORTHERN BOULEVARD,08057,Alteration,2026-04-07T04:00:00.000Z,,,Q01358697-S1,
060272,"RiseWell Community Services, Inc.","RiseWell Community Services, Inc.","RiseWell Community Services, Inc.",BRONX,10 VAN CORTLANDT AVENUE EAST,10606,New Building,2026-03-24T04:00:00.000Z,,,X01166460-P4,
085879,RISING GROUND,RISING GROUND,RISING GROUND,BROOKLYN,1272 SUTTER AVENUE,10601,Alteration,2026-04-07T04:00:00.000Z,,,B01164781-P1,
102420,RIVERCREST REALTY ASSOCIATES,RIVERCREST REALTY ASSOCIATES,RIVERCREST REALTY ASSOCIATES,STATEN ISLAND,7001 AMBOY ROAD,11354,Alteration,2026-04-01T04:00:00.000Z,,,S01367349-S2,
072627,RIVERCROSS TENANTS CORP.,RIVERCROSS TENANTS CORP.,RIVERCROSS TENANTS CORP.,MANHATTAN,531 MAIN STREET,11791,Alteration,2026-03-20T04:00:00.000Z,,,M01366890-I1,
038947,RIVERSIDE DEVELOPERS,RIVERSIDE DEVELOPERS,RIVERSIDE DEVELOPERS,BROOKLYN,41 FRANKLIN AVENUE,07712,New Building,2026-03-23T04:00:00.000Z,,,B00698051-A1,
083462,RiverSpring Living,RiverSpring Living,RiverSpring Living,BRONX,5921 PALISADE AVENUE,10474,New Building,2026-04-14T04:00:00.000Z,,,X00975648-Z2,
073548,"RIVERWALK 9, LLC","RIVERWALK 9, LLC","RIVERWALK 9, LLC",MANHATTAN,430 MAIN STREET,10018,Alteration,2026-04-09T04:00:00.000Z,,,M00215961-P7,
059357,RIVINGTON COMPANY,RIVINGTON COMPANY,RIVINGTON COMPANY,MANHATTAN,140 FULTON STREET,10018,New Building,2026-03-25T04:00:00.000Z,,,M01306253-S4,
072050,RIVINGTON COMPANY,RIVINGTON COMPANY,RIVINGTON COMPANY,BROOKLYN,185 MARCY AVENUE,10001,Alteration CO,2026-03-30T04:00:00.000Z,,,B01267350-S3,
109243,RIVINGTON COMPANY,RIVINGTON COMPANY,RIVINGTON COMPANY,BROOKLYN,601 THROOP AVENUE,92618,Alteration,2026-03-19T04:00:00.000Z,,,B01343360-P1,
037560,RJ CAPITAL CONSTRUCTION LTD,RJ CAPITAL CONSTRUCTION LTD,RJ CAPITAL CONSTRUCTION LTD,BROOKLYN,451 5 AVENUE,11552,Alteration,2026-03-29T04:00:00.000Z,,,B01366113-I1,
043509,RJ CAPITAL CONSTRUCTION LTD,RJ CAPITAL CONSTRUCTION LTD,RJ CAPITAL CONSTRUCTION LTD,QUEENS,98-14 66 AVENUE,11377,Alteration,2026-03-29T04:00:00.000Z,,,Q01368205-I1,
076707,RJ CAPITAL CONSTRUCTION LTD,RJ CAPITAL CONSTRUCTION LTD,RJ CAPITAL CONSTRUCTION LTD,BROOKLYN,445 5 AVENUE,19006,Alteration,2026-04-07T04:00:00.000Z,,,B01343984-I1,
102434,RJ CAPITAL CONSTRUCTION LTD,RJ CAPITAL CONSTRUCTION LTD,RJ CAPITAL CONSTRUCTION LTD,QUEENS,98-75 QUEENS BOULEVARD,11435,Alteration,2026-04-14T04:00:00.000Z,,,Q01362324-S2,
085541,RJM Group Home Improvement LLC,RJM Group Home Improvement LLC,RJM Group Home Improvement LLC,MANHATTAN,425 WEST   53 STREET,10962,Alteration,2026-04-01T04:00:00.000Z,,,M01369577-I1,
089068,RM72 LLC,RM72 LLC,RM72 LLC,QUEENS,109-20 221 STREET,11415,Alteration,2026-03-30T04:00:00.000Z,,,Q01272128-P1,
018105,"ROBERT E. HILL, INC.","ROBERT E. HILL, INC.","ROBERT E. HILL, INC.",BRONX,190 EAST MOSHOLU PARKWAY SOUTH,10549,Alteration,2026-03-30T04:00:00.000Z,HILTON HEYWOOD,,X01375212-I1,
046877,"ROBERT E. HILL, INC.","ROBERT E. HILL, INC.","ROBERT E. HILL, INC.",MANHATTAN,562 WEST  190 STREET,10001,Alteration,2026-03-23T04:00:00.000Z,,,M01356123-I1,
012462,ROBERT EBERHART REAL ESTATE,ROBERT EBERHART REAL ESTATE,ROBERT EBERHART REAL ESTATE,MANHATTAN,421 EAST   65 STREET,10012,Alteration,2026-03-20T04:00:00.000Z,DEREK MOHAN,,M01373178-S1,
033680,RocaLee LLC,RocaLee LLC,RocaLee LLC,BROOKLYN,728 FULTON STREET,10011,Alteration CO,2026-04-06T04:00:00.000Z,,,B01377564-I1,
084333,ROCHDALE VILLAGE INC.,ROCHDALE VILLAGE INC.,ROCHDALE VILLAGE INC.,QUEENS,134-15 166 PLACE,11370,Alteration,2026-03-23T04:00:00.000Z,CHRISTOPHER WATT,,Q01369411-I1,
016198,Rockefeller Group,Rockefeller Group,Rockefeller Group,MANHATTAN,1271 AVENUE OF THE AMERICAS,10174,Alteration,2026-03-30T04:00:00.000Z,BERNARD WILLKOMM,,M01363338-I1,
071143,Rockefeller Group,Rockefeller Group,Rockefeller Group,MANHATTAN,1271 AVENUE OF THE AMERICAS,10036,Alteration,2026-03-30T04:00:00.000Z,,,M01363347-I1,
095819,Rockefeller Group,Rockefeller Group,Rockefeller Group,MANHATTAN,1271 AVENUE OF THE AMERICAS,07102,Alteration,2026-03-30T04:00:00.000Z,,,M01371374-I1,
016965,"ROCKEFELLER GROUP, INC.","ROCKEFELLER GROUP, INC.","ROCKEFELLER GROUP, INC.",MANHATTAN,1221 AVENUE OF THE AMERICAS,10005,Alteration,2026-03-25T04:00:00.000Z,,,M00900067-P4,
071143,"ROCKEFELLER GROUP, INC.","ROCKEFELLER GROUP, INC.","ROCKEFELLER GROUP, INC.",MANHATTAN,1221 AVENUE OF THE AMERICAS,10036,Alteration,2026-04-08T04:00:00.000Z,,,M01306339-P1,
088829,Rockefeller Group/Barclays,Rockefeller Group/Barclays,Rockefeller Group/Barclays,MANHATTAN,745 7 AVENUE,10041,Alteration,2026-03-24T04:00:00.000Z,,,M01354541-S1,
090310,Rockefeller Group/Barclays,Rockefeller Group/Barclays,Rockefeller Group/Barclays,MANHATTAN,745 7 AVENUE,10041,Alteration,2026-03-23T04:00:00.000Z,,,M01354541-S3,
027847,ROCKLYN ASSET CORP,ROCKLYN ASSET CORP,ROCKLYN ASSET CORP,BROOKLYN,141 VAN SICLEN AVENUE,10002,New Building,2026-04-01T04:00:00.000Z,JAE YOON JEONG,,B01377452-I1,
053854,ROCKLYN ASSET CORP,ROCKLYN ASSET CORP,ROCKLYN ASSET CORP,BROOKLYN,88 VISITATION PLACE,11743,Alteration,2026-04-07T04:00:00.000Z,,,B01380020-I1,
079475,ROCKLYN ASSET CORP,ROCKLYN ASSET CORP,ROCKLYN ASSET CORP,BROOKLYN,860 PACIFIC STREET,10119,Alteration,2026-03-27T04:00:00.000Z,,,B01378819-S2,
090694,ROCKLYN ASSET CORP,ROCKLYN ASSET CORP,ROCKLYN ASSET CORP,BROOKLYN,141 VAN SICLEN AVENUE,10122,New Building,2026-04-06T04:00:00.000Z,,,B01377452-S2,
100728,ROCKLYN ASSET CORP,ROCKLYN ASSET CORP,ROCKLYN ASSET CORP,BROOKLYN,141 VAN SICLEN AVENUE,10038,New Building,2026-04-01T04:00:00.000Z,,,B01377452-S5,
109811,ROCKLYN ASSET CORP,ROCKLYN ASSET CORP,ROCKLYN ASSET CORP,BROOKLYN,141 VAN SICLEN AVENUE,10005,New Building,2026-04-02T04:00:00.000Z,,,B01377452-S3,
018920,ROCKROSE DEVELOPMENT,ROCKROSE DEVELOPMENT,ROCKROSE DEVELOPMENT,QUEENS,43-25 HUNTER STREET,07079,Alteration,2026-03-25T04:00:00.000Z,RONALD FEASTER,,Q01369809-I1,
040647,ROCKROSE DEVELOPMENT,ROCKROSE DEVELOPMENT,ROCKROSE DEVELOPMENT,QUEENS,43-10 CRESCENT STREET,10036,Alteration,2026-04-13T04:00:00.000Z,,,Q01364902-I1,
100821,Rocky Group LLC,Rocky Group LLC,Rocky Group LLC,BROOKLYN,11 BROADWAY,07621,Alteration,2026-04-09T04:00:00.000Z,,,B01316512-P1,
029545,"RODELEVEN SERVICE STATIONS, INC.","RODELEVEN SERVICE STATIONS, INC.","RODELEVEN SERVICE STATIONS, INC.",QUEENS,75-15 LIBERTY AVENUE,07024,Alteration,2026-03-20T04:00:00.000Z,TAOFEEQ AJIBADE,,Q01351115-I1,
035880,RODNEY CORPORATION,RODNEY CORPORATION,RODNEY CORPORATION,MANHATTAN,555 MADISON AVENUE,10013,Alteration,2026-03-23T04:00:00.000Z,,,M01371743-I1,
086620,RODNEY CORPORATION,RODNEY CORPORATION,RODNEY CORPORATION,MANHATTAN,177 EAST   75 STREET,11714,Alteration,2026-03-23T04:00:00.000Z,,,M01366821-I1,
098022,RODNEY CORPORATION,RODNEY CORPORATION,RODNEY CORPORATION,MANHATTAN,555 MADISON AVENUE,10001,Alteration,2026-03-23T04:00:00.000Z,,,M01371743-S3,
043109,Roebling Management LLC,Roebling Management LLC,Roebling Management LLC,BROOKLYN,225 ROEBLING STREET,11427,Alteration CO,2026-04-01T04:00:00.000Z,,,B01202115-P2,
099501,ROGERS BUILDERS & DEVEL,ROGERS BUILDERS & DEVEL,ROGERS BUILDERS & DEVEL,BROOKLYN,75 CALYER STREET,11793,ALT-CO - New Building with Existing Elements to Remain,2026-03-27T04:00:00.000Z,,,B00912183-A1,
099197,ROKHSAR REALTY INC,ROKHSAR REALTY INC,ROKHSAR REALTY INC,MANHATTAN,1020 LEXINGTON AVENUE,11361,Alteration,2026-04-14T04:00:00.000Z,,,M01370371-I1,
079924,ROLEX USA,ROLEX USA,ROLEX USA,QUEENS,12-16 43 AVENUE,10271,Alteration,2026-04-09T04:00:00.000Z,,,Q01376842-I1,
101192,ROLEX USA,ROLEX USA,ROLEX USA,MANHATTAN,665 5 AVENUE,10036,Alteration,2026-03-24T04:00:00.000Z,,,M01377212-I1,
090206,ROOBY HOLDINGS,ROOBY HOLDINGS,ROOBY HOLDINGS,BROOKLYN,1545 DEAN STREET,11101,Alteration CO,2026-03-20T04:00:00.000Z,,,B01350455-I1,
042821,Rose Associates,Rose Associates,Rose Associates,MANHATTAN,2419 SECOND AVENUE,07110,Alteration,2026-03-25T04:00:00.000Z,,,M01352410-I1,
067502,Rose Associates,Rose Associates,Rose Associates,MANHATTAN,30 BROAD STREET,11746,Alteration CO,2026-03-31T04:00:00.000Z,,,M01300953-S3,
079953,Rose Associates,Rose Associates,Rose Associates,MANHATTAN,30 BROAD STREET,11563,Alteration,2026-04-01T04:00:00.000Z,,,M01380738-S1,
097542,ROSE ASSOCIATES,ROSE ASSOCIATES,ROSE ASSOCIATES,MANHATTAN,6 EAST   23 STREET,33603,Alteration,2026-03-25T04:00:00.000Z,,,M00375790-P2,
093450,"ROSEN, GLUCK & MAY","ROSEN, GLUCK & MAY","ROSEN, GLUCK & MAY",MANHATTAN,1 EAST   33 STREET,11375,Alteration,2026-03-28T04:00:00.000Z,,,M01379435-I1,
036120,ROSS DRESS FOR LESS,ROSS DRESS FOR LESS,ROSS DRESS FOR LESS,MANHATTAN,1372 BROADWAY,10158,Alteration,2026-03-31T04:00:00.000Z,,,M01360829-I1,
094450,ROSS DRESS FOR LESS,ROSS DRESS FOR LESS,ROSS DRESS FOR LESS,MANHATTAN,1372 BROADWAY,07003,Alteration,2026-04-01T04:00:00.000Z,,,M01360833-I1,
104327,ROSS DRESS FOR LESS,ROSS DRESS FOR LESS,ROSS DRESS FOR LESS,MANHATTAN,1372 BROADWAY,10001,Alteration,2026-04-01T04:00:00.000Z,,,M01360844-I1,
060234,"ROUNDSQUARE DEVELOPMENT, LLC","ROUNDSQUARE DEVELOPMENT, LLC","ROUNDSQUARE DEVELOPMENT, LLC",MANHATTAN,227 WEST   19 STREET,11101,New Building,2026-03-26T04:00:00.000Z,,,M00999305-B6,
090583,"ROUNDSQUARE DEVELOPMENT, LLC","ROUNDSQUARE DEVELOPMENT, LLC","ROUNDSQUARE DEVELOPMENT, LLC",MANHATTAN,244 WAVERLY PLACE,10001,Alteration CO,2026-03-24T04:00:00.000Z,,,M01129209-P4,
097789,"ROUNDSQUARE DEVELOPMENT, LLC","ROUNDSQUARE DEVELOPMENT, LLC","ROUNDSQUARE DEVELOPMENT, LLC",MANHATTAN,227 WEST   19 STREET,11706,New Building,2026-04-06T04:00:00.000Z,,,M00999305-B4,
098231,"ROUNDSQUARE DEVELOPMENT, LLC","ROUNDSQUARE DEVELOPMENT, LLC","ROUNDSQUARE DEVELOPMENT, LLC",MANHATTAN,244 WAVERLY PLACE,10001,Alteration CO,2026-03-24T04:00:00.000Z,,,M01129209-P3,
073791,"ROYAL CP HOTEL HOLDINGS, L.P.","ROYAL CP HOTEL HOLDINGS, L.P.","ROYAL CP HOTEL HOLDINGS, L.P.",QUEENS,25-06 42 ROAD,11354,New Building,2026-03-26T04:00:00.000Z,,,Q00555969-S5,
040765,ROYAL PROPERTY MANAGEMENT,ROYAL PROPERTY MANAGEMENT,ROYAL PROPERTY MANAGEMENT,BROOKLYN,490 DEKALB AVENUE,07677,Alteration CO,2026-04-01T04:00:00.000Z,,,B01377692-I1,
080350,ROYAL T&E LLC,ROYAL T&E LLC,ROYAL T&E LLC,BRONX,1731 ZEREGA AVENUE,11435,Alteration,2026-04-03T04:00:00.000Z,,,X01215701-P3,
072792,ROYALTY CONSTRUCTION GROUP INC,ROYALTY CONSTRUCTION GROUP INC,ROYALTY CONSTRUCTION GROUP INC,QUEENS,12-36 31 DRIVE,11358,Alteration CO,2026-03-23T04:00:00.000Z,,,Q00886112-A1,
108976,"RPH Hotels 48th Street Owners, LLC","RPH Hotels 48th Street Owners, LLC","RPH Hotels 48th Street Owners, LLC",MANHATTAN,851 8 AVENUE,11423,Alteration,2026-04-11T04:00:00.000Z,,,M01383207-I1,
104675,RUBI MANAGEMENT LLC,RUBI MANAGEMENT LLC,RUBI MANAGEMENT LLC,BROOKLYN,637 ROCKAWAY PARKWAY,11432,Alteration CO,2026-03-29T04:00:00.000Z,,,B01378804-I1,
037589,Rudd Realty,Rudd Realty,Rudd Realty,MANHATTAN,40 WEST   67 STREET,11216,Alteration,2026-03-31T04:00:00.000Z,,,M01351705-I1,
080959,Rudd Realty,Rudd Realty,Rudd Realty,MANHATTAN,1107 FIFTH AVENUE,10604,Alteration,2026-03-31T04:00:00.000Z,,,M01231974-I1,
095460,Rudd Realty,Rudd Realty,Rudd Realty,MANHATTAN,1133 FIFTH AVENUE,07920,Alteration,2026-04-01T04:00:00.000Z,,,M00520738-P5,
022409,RUDD REALTY,RUDD REALTY,RUDD REALTY,MANHATTAN,28 BEDFORD STREET,10010,Alteration,2026-04-07T04:00:00.000Z,MICHAEL JAYNE,,M01052541-P2,
088829,RUDIN MANAGEMENT,RUDIN MANAGEMENT,RUDIN MANAGEMENT,MANHATTAN,415 MADISON AVENUE,10041,New Building,2026-03-26T04:00:00.000Z,,,M00759520-S5,
085429,RUDIN MANAGEMENT CO INC,RUDIN MANAGEMENT CO INC,RUDIN MANAGEMENT CO INC,MANHATTAN,345 PARK AVENUE,10001,Alteration,2026-03-24T04:00:00.000Z,,,M01260075-P1,
089862,RUDIN MANAGEMENT CO INC,RUDIN MANAGEMENT CO INC,RUDIN MANAGEMENT CO INC,MANHATTAN,1 7 AVENUE,07731,Alteration,2026-03-27T04:00:00.000Z,,,M01359513-I1,
090971,RUDIN MANAGEMENT CO INC,RUDIN MANAGEMENT CO INC,RUDIN MANAGEMENT CO INC,MANHATTAN,38 EAST   52 STREET,10017,Full Demolition,2026-03-23T04:00:00.000Z,,,M01297786-P1,
062597,"RUDIN MANAGEMENT CO., INC.","RUDIN MANAGEMENT CO., INC.","RUDIN MANAGEMENT CO., INC.",MANHATTAN,32 AVENUE OF THE AMERICAS,10119,Alteration,2026-03-30T04:00:00.000Z,,,M01377776-I1,
086805,"RUDIN MANAGEMENT CO., INC.","RUDIN MANAGEMENT CO., INC.","RUDIN MANAGEMENT CO., INC.",MANHATTAN,32 6 AVENUE,10004,Alteration,2026-03-27T04:00:00.000Z,,,M01360742-S1,
097111,RUDIN MANAGEMENT INC,RUDIN MANAGEMENT INC,RUDIN MANAGEMENT INC,MANHATTAN,355 LEXINGTON AVENUE,07450,Alteration,2026-04-08T04:00:00.000Z,,,M01348118-I1,
098022,RUDIN MANAGEMENT INC,RUDIN MANAGEMENT INC,RUDIN MANAGEMENT INC,MANHATTAN,41 MADISON AVENUE,10001,Alteration,2026-03-20T04:00:00.000Z,,,M01347949-S2,
072803,Rulin Restaurant group,Rulin Restaurant group,Rulin Restaurant group,MANHATTAN,15 EAST   13 STREET,11354,Alteration,2026-04-02T04:00:00.000Z,,,M01234614-P3,
041372,RUPPERT HOUSING CO INC.,RUPPERT HOUSING CO INC.,RUPPERT HOUSING CO INC.,MANHATTAN,60 BEACH STREET,11590,Alteration,2026-03-27T04:00:00.000Z,,,M01270807-S1,
068029,RW 705 FRANKLIN LLC,RW 705 FRANKLIN LLC,RW 705 FRANKLIN LLC,STATEN ISLAND,438 PORT RICHMOND AVENUE,11358,Alteration,2026-03-25T04:00:00.000Z,,,S01369019-I1,
017178,RW Real Estate Group,RW Real Estate Group,RW Real Estate Group,BROOKLYN,711 FRANKLIN AVENUE,10016,Alteration,2026-03-26T04:00:00.000Z,,,B01375677-I1,
065346,RW Real Estate Group,RW Real Estate Group,RW Real Estate Group,BROOKLYN,711 FRANKLIN AVENUE,10001,Alteration,2026-03-30T04:00:00.000Z,,,B01375677-S2,
016198,RXR 590 MADISON OWNER LLC,RXR 590 MADISON OWNER LLC,RXR 590 MADISON OWNER LLC,MANHATTAN,590 MADISON AVENUE,10174,Alteration,2026-03-25T04:00:00.000Z,BERNARD WILLKOMM,,M01371985-I1,
071143,RXR 590 MADISON OWNER LLC,RXR 590 MADISON OWNER LLC,RXR 590 MADISON OWNER LLC,MANHATTAN,590 MADISON AVENUE,10036,Alteration,2026-03-25T04:00:00.000Z,,,M01372005-I1,
078127,RXR 590 MADISON OWNER LLC,RXR 590 MADISON OWNER LLC,RXR 590 MADISON OWNER LLC,MANHATTAN,590 MADISON AVENUE,110300019,Alteration,2026-04-02T04:00:00.000Z,,,M01376886-I1,
018861,RXR 61 Broadway Owner LLC,RXR 61 Broadway Owner LLC,RXR 61 Broadway Owner LLC,MANHATTAN,57 BROADWAY,10004,Alteration CO,2026-03-26T04:00:00.000Z,KEITH ADAMS,,M01315725-P1,
092491,RXR LIU PII DEVELOPER TRS LLC,RXR LIU PII DEVELOPER TRS LLC,RXR LIU PII DEVELOPER TRS LLC,BROOKLYN,89 DEKALB AVENUE,10119,New Building,2026-04-10T04:00:00.000Z,,,B00664860-B6,
015837,RXR SL OWNER LLC,RXR SL OWNER LLC,RXR SL OWNER LLC,MANHATTAN,75 ROCKEFELLER PLAZA,11788,Alteration,2026-03-26T04:00:00.000Z,,,M01369957-I1,
090312,RXR SL OWNER LLC,RXR SL OWNER LLC,RXR SL OWNER LLC,MANHATTAN,75 ROCKEFELLER PLAZA,10001,Alteration CO,2026-03-31T04:00:00.000Z,,,M01247347-P1,
104370,RXR SL OWNER LLC,RXR SL OWNER LLC,RXR SL OWNER LLC,MANHATTAN,75 ROCKEFELLER PLAZA,10017,Alteration,2026-03-26T04:00:00.000Z,,,M01370009-I1,
013250,"RXR SL Owner, LLC","RXR SL Owner, LLC","RXR SL Owner, LLC",MANHATTAN,212 12 AVENUE,11530,Alteration,2026-04-02T04:00:00.000Z,HARUN HOSGOREN KING,,M01367216-I1,
038010,"RXR SL Owner, LLC","RXR SL Owner, LLC","RXR SL Owner, LLC",MANHATTAN,601 WEST   26 STREET,10001,Alteration,2026-03-25T04:00:00.000Z,DONALD AHERNE,,M01368739-I1,
090310,"RXR SL Owner, LLC","RXR SL Owner, LLC","RXR SL Owner, LLC",MANHATTAN,601 WEST   26 STREET,10041,Alteration,2026-03-25T04:00:00.000Z,,,M01370638-I1,
092382,"RXR SL Owner, LLC","RXR SL Owner, LLC","RXR SL Owner, LLC",MANHATTAN,601 WEST   26 STREET,10041,Alteration,2026-03-24T04:00:00.000Z,,,M01368746-I1,
040647,"RY MANAGEMENT CO., INC.","RY MANAGEMENT CO., INC.","RY MANAGEMENT CO., INC.",MANHATTAN,21 SPRING STREET,10036,Alteration,2026-04-10T04:00:00.000Z,,,M01317814-P2,
082997,RYAN HEALTH,RYAN HEALTH,RYAN HEALTH,MANHATTAN,110 WEST   97 STREET,10038,Alteration,2026-03-25T04:00:00.000Z,,,M01251659-P1,
038063,RYBAK DEVELOPMENT CORP,RYBAK DEVELOPMENT CORP,RYBAK DEVELOPMENT CORP,MANHATTAN,23 EAST   36 STREET,11232,Alteration,2026-03-26T04:00:00.000Z,JAMES REDDY,,M01377694-I1,
094452,RYCO NYC LLC,RYCO NYC LLC,RYCO NYC LLC,MANHATTAN,153 2 AVENUE,11374,Alteration,2026-04-13T04:00:00.000Z,,,M01380929-I1,
107592,RYCO NYC LLC,RYCO NYC LLC,RYCO NYC LLC,MANHATTAN,153 SECOND AVENUE,10016,Alteration,2026-04-07T04:00:00.000Z,,,M01375669-I1,
015029,S & G CONTRACTING CORP,S & G CONTRACTING CORP,S & G CONTRACTING CORP,BROOKLYN,152 NELSON STREET,11219,Alteration,2026-03-25T04:00:00.000Z,PETER TILIPKO,,B01375185-I1,
101149,SACKMAN ENTERPRISES,SACKMAN ENTERPRISES,SACKMAN ENTERPRISES,MANHATTAN,552 COLUMBUS AVENUE,11968,Alteration,2026-03-25T04:00:00.000Z,,,M01342935-P1,
111379,SAFIR BAKERY,SAFIR BAKERY,SAFIR BAKERY,BROOKLYN,1801 KINGS HIGHWAY,11412,Alteration,2026-04-06T04:00:00.000Z,,,B01382900-I1,
036862,SAGE REALTY CORP,SAGE REALTY CORP,SAGE REALTY CORP,MANHATTAN,437 MADISON AVENUE,10013,Alteration,2026-03-25T04:00:00.000Z,,,M01369499-I1,
041347,SAGE REALTY CORP,SAGE REALTY CORP,SAGE REALTY CORP,MANHATTAN,437 MADISON AVENUE,10304,Alteration,2026-03-23T04:00:00.000Z,,,M01360711-I1,
058375,SAGE REALTY CORP,SAGE REALTY CORP,SAGE REALTY CORP,MANHATTAN,777 3 AVENUE,10018,Alteration,2026-03-27T04:00:00.000Z,,,M01256291-P1,
084183,SAGE REALTY CORP,SAGE REALTY CORP,SAGE REALTY CORP,MANHATTAN,437 MADISON AVENUE,10001,Alteration,2026-03-28T04:00:00.000Z,,,M01356775-S1,
092749,SAGE REALTY CORP,SAGE REALTY CORP,SAGE REALTY CORP,MANHATTAN,437 MADISON AVENUE,07719,Alteration,2026-03-30T04:00:00.000Z,,,M01356775-S4,
093450,SAGE REALTY CORP,SAGE REALTY CORP,SAGE REALTY CORP,MANHATTAN,747 THIRD AVENUE,11375,Alteration,2026-03-27T04:00:00.000Z,,,M01352737-I1,
097591,SAGE REALTY CORP,SAGE REALTY CORP,SAGE REALTY CORP,MANHATTAN,437 MADISON AVENUE,10010,Alteration,2026-04-09T04:00:00.000Z,,,M01380640-I1,
103302,SAINT DAVID'S SCHOOL,SAINT DAVID'S SCHOOL,SAINT DAVID'S SCHOOL,MANHATTAN,15 EAST   88 STREET,83669,Alteration,2026-04-07T04:00:00.000Z,,,M01364527-I1,
065567,SAINT JOSEPH'S MEDICAL CENTER,SAINT JOSEPH'S MEDICAL CENTER,SAINT JOSEPH'S MEDICAL CENTER,STATEN ISLAND,382 WESTERVELT AVENUE,11563,Alteration,2026-03-26T04:00:00.000Z,,,S01375266-S4,
096997,SALMAR PROPERTIES LLC,SALMAR PROPERTIES LLC,SALMAR PROPERTIES LLC,BROOKLYN,850 THIRD AVENUE,10017,Alteration,2026-04-01T04:00:00.000Z,,,B01314122-P5,
017201,SALVATORE CULOTTA,SALVATORE CULOTTA,SALVATORE CULOTTA,STATEN ISLAND,1018 IONIA AVENUE,07731,New Building,2026-04-14T04:00:00.000Z,JOHN MCGRATH,,S01338820-I1,
104072,SALVATORE CULOTTA,SALVATORE CULOTTA,SALVATORE CULOTTA,STATEN ISLAND,79C SOUTH GOFF AVENUE,10309,New Building,2026-04-07T04:00:00.000Z,,,S01231060-S2,
035290,Samba Energy,Samba Energy,Samba Energy,BROOKLYN,1088 EAST    8 STREET,07731,Alteration,2026-03-24T04:00:00.000Z,,,B01374288-I1,
095221,Samba Energy,Samba Energy,Samba Energy,BROOKLYN,1901 OCEAN PARKWAY,10306,Alteration,2026-04-01T04:00:00.000Z,,,B01236167-I1,
031777,SAMCO PROPERTIES,SAMCO PROPERTIES,SAMCO PROPERTIES,MANHATTAN,333 7 AVENUE,10016,Alteration,2026-04-10T04:00:00.000Z,,,M01364795-I1,
074163,SAMCO PROPERTIES,SAMCO PROPERTIES,SAMCO PROPERTIES,MANHATTAN,333 7 AVENUE,10310,Alteration,2026-04-08T04:00:00.000Z,,,M01368926-I1,
082390,SAMCO PROPERTIES,SAMCO PROPERTIES,SAMCO PROPERTIES,MANHATTAN,116 EAST   27 STREET,10002,Alteration,2026-04-09T04:00:00.000Z,,,M01019646-P4,
094586,SAMCO PROPERTIES,SAMCO PROPERTIES,SAMCO PROPERTIES,MANHATTAN,333 7 AVENUE,10036,Alteration,2026-04-12T04:00:00.000Z,,,M01364795-S1,
103302,SAMCO PROPERTIES,SAMCO PROPERTIES,SAMCO PROPERTIES,MANHATTAN,112 MADISON AVENUE,83669,Alteration,2026-04-07T04:00:00.000Z,,,M01377150-I1,
108976,SAMCO PROPERTIES,SAMCO PROPERTIES,SAMCO PROPERTIES,MANHATTAN,104 WEST   29 STREET,11423,Alteration,2026-03-31T04:00:00.000Z,,,M01380338-I1,
088950,SAMSON MANAGEMENT LLC,SAMSON MANAGEMENT LLC,SAMSON MANAGEMENT LLC,QUEENS,144-67 41 AVENUE,10016,Alteration,2026-04-03T04:00:00.000Z,,,Q01216142-I1,
094686,SAMSON MANAGEMENT LLC,SAMSON MANAGEMENT LLC,SAMSON MANAGEMENT LLC,MANHATTAN,120 LIBERTY STREET,11363,Alteration,2026-04-03T04:00:00.000Z,,,M01326835-P5,
035839,Sandra Blackwood,Sandra Blackwood,Sandra Blackwood,BRONX,3037 MICKLE AVENUE,11714,Alteration,2026-03-30T04:00:00.000Z,,,X01360527-S1,
015029,SAPOL CONSTRUCTION LLC,SAPOL CONSTRUCTION LLC,SAPOL CONSTRUCTION LLC,BROOKLYN,417 78 STREET,11219,New Building,2026-03-20T04:00:00.000Z,PETER TILIPKO,,B00591834-P9,
083057,SAPOL CONSTRUCTION LLC,SAPOL CONSTRUCTION LLC,SAPOL CONSTRUCTION LLC,BROOKLYN,1279 80 STREET,11235,Alteration,2026-03-30T04:00:00.000Z,ANDREW WOLKE  II,,B01379686-S2,
076561,"SARRAF ASSOCIATES, L.P.","SARRAF ASSOCIATES, L.P.","SARRAF ASSOCIATES, L.P.",MANHATTAN,155 EAST   88 STREET,08648,Alteration,2026-04-13T04:00:00.000Z,,,M01166872-P1,
108144,Satz Property Group,Satz Property Group,Satz Property Group,STATEN ISLAND,82 KEMBALL AVENUE,10301,Alteration,2026-04-06T04:00:00.000Z,,,S01376153-I1,
104468,SAVI & VENI CORP.,SAVI & VENI CORP.,SAVI & VENI CORP.,STATEN ISLAND,221 WILLOWBROOK ROAD,07080,Alteration,2026-04-10T04:00:00.000Z,,,S01385440-I1,
072169,SBH HEALTH SYSTEM BRONX,SBH HEALTH SYSTEM BRONX,SBH HEALTH SYSTEM BRONX,BRONX,4422 THIRD AVENUE,08830,Alteration,2026-03-27T04:00:00.000Z,,,X01349187-S2,
099501,SCG realty inc,SCG realty inc,SCG realty inc,BRONX,124 EAST  140 STREET,11793,Alteration CO,2026-03-23T04:00:00.000Z,,,X01325890-P1,
099830,Schuman GP LLC,Schuman GP LLC,Schuman GP LLC,QUEENS,34-19 STEINWAY STREET,11235,Alteration,2026-03-30T04:00:00.000Z,,,Q01372228-I1,
032789,SD BUILDERS AND CONSTRUCTION LLC,SD BUILDERS AND CONSTRUCTION LLC,SD BUILDERS AND CONSTRUCTION LLC,QUEENS,138-50 QUEENS BOULEVARD,10901,New Building,2026-03-27T04:00:00.000Z,,,Q01375903-I1,
033126,SD BUILDERS AND CONSTRUCTION LLC,SD BUILDERS AND CONSTRUCTION LLC,SD BUILDERS AND CONSTRUCTION LLC,MANHATTAN,118 WEST   13 STREET,10010,Alteration CO,2026-03-24T04:00:00.000Z,,,M00635385-A6,
063868,SD BUILDERS AND CONSTRUCTION LLC,SD BUILDERS AND CONSTRUCTION LLC,SD BUILDERS AND CONSTRUCTION LLC,MANHATTAN,339 5 AVENUE,10018,New Building,2026-04-10T04:00:00.000Z,,,M01376293-S2,
082064,SD BUILDERS AND CONSTRUCTION LLC,SD BUILDERS AND CONSTRUCTION LLC,SD BUILDERS AND CONSTRUCTION LLC,QUEENS,9-16 27 AVENUE,11050,New Building,2026-04-09T04:00:00.000Z,,,Q01311038-S3,
086597,SD BUILDERS AND CONSTRUCTION LLC,SD BUILDERS AND CONSTRUCTION LLC,SD BUILDERS AND CONSTRUCTION LLC,MANHATTAN,339 5 AVENUE,10036,New Building,2026-04-13T04:00:00.000Z,,,M01376293-S7,
096363,SD BUILDERS AND CONSTRUCTION LLC,SD BUILDERS AND CONSTRUCTION LLC,SD BUILDERS AND CONSTRUCTION LLC,QUEENS,138-50 QUEENS BOULEVARD,10038,New Building,2026-03-27T04:00:00.000Z,,,Q01375903-S4,
037417,SDC CONSULTING,SDC CONSULTING,SDC CONSULTING,QUEENS,30-20 85 STREET,07055,Alteration,2026-04-01T04:00:00.000Z,,,Q01363324-I1,
045983,SDC CONSULTING,SDC CONSULTING,SDC CONSULTING,BRONX,929 TELLER AVENUE,08873,Alteration CO,2026-03-30T04:00:00.000Z,,,X00620588-P6,
045111,SDG MANAGEMENT CORP,SDG MANAGEMENT CORP,SDG MANAGEMENT CORP,MANHATTAN,3778 BROADWAY,07047,Alteration,2026-04-08T04:00:00.000Z,,,M01381342-I1,
075700,SDG MANAGEMENT CORP,SDG MANAGEMENT CORP,SDG MANAGEMENT CORP,MANHATTAN,550 WEST  157 STREET,08628,Alteration,2026-04-09T04:00:00.000Z,,,M01377168-I1,
095159,SDN Property LLC,SDN Property LLC,SDN Property LLC,BROOKLYN,420 42 STREET,11208,Alteration,2026-04-14T04:00:00.000Z,,,B01287590-P1,
100790,SEA-DAR ENTERPRISE,SEA-DAR ENTERPRISE,SEA-DAR ENTERPRISE,MANHATTAN,350 EAST   69 STREET,10007,Alteration,2026-04-02T04:00:00.000Z,,,M01290675-P1,
033791,Seagoat Monkey LLC,Seagoat Monkey LLC,Seagoat Monkey LLC,BROOKLYN,12 STERLING PLACE,11106,Alteration,2026-03-31T04:00:00.000Z,,,B01356278-S1,
098153,Seaport Entertainment Group,Seaport Entertainment Group,Seaport Entertainment Group,MANHATTAN,89 SOUTH STREET,37067,Alteration,2026-04-06T04:00:00.000Z,,,M01383309-I1,
074213,SEBCO DEVELOPMENT INC.,SEBCO DEVELOPMENT INC.,SEBCO DEVELOPMENT INC.,BRONX,1876 BELMONT AVENUE,10960,Alteration,2026-03-24T04:00:00.000Z,,,X01376763-I1,
085006,SECOND AVE SOLOW DEV CORP,SECOND AVE SOLOW DEV CORP,SECOND AVE SOLOW DEV CORP,MANHATTAN,9 WEST   57 STREET,10005,Alteration,2026-03-24T04:00:00.000Z,VINCENT RATTY,,M01364057-S3,
049458,SELA GROUP LLC,SELA GROUP LLC,SELA GROUP LLC,BROOKLYN,448A 17 STREET,11358,ALT-CO - New Building with Existing Elements to Remain,2026-04-09T04:00:00.000Z,,,B01260494-S8,
087830,SELECT OR ENTER,SELECT OR ENTER,SELECT OR ENTER,BROOKLYN,428 IRVING AVENUE,10271,Alteration CO,2026-03-20T04:00:00.000Z,,,B00975395-P1,
084951,Seneca Group,Seneca Group,Seneca Group,MANHATTAN,522 5 AVENUE,06831-4915,Alteration,2026-04-09T04:00:00.000Z,,,M01384585-I1,
090345,"SERENA CONSTRUCTION MANAGEMENT, INC","SERENA CONSTRUCTION MANAGEMENT, INC","SERENA CONSTRUCTION MANAGEMENT, INC",QUEENS,21-26 37 STREET,11103,Alteration,2026-03-20T04:00:00.000Z,,,Q01371437-I1,
037293,SERGIO KIELMANOWICZ,SERGIO KIELMANOWICZ,SERGIO KIELMANOWICZ,MANHATTAN,290 5 AVENUE,07624,Alteration,2026-04-07T04:00:00.000Z,,,M01343039-S1,
070045,SERGIO KIELMANOWICZ,SERGIO KIELMANOWICZ,SERGIO KIELMANOWICZ,MANHATTAN,290 5 AVENUE,10001,Alteration,2026-04-06T04:00:00.000Z,,,M01364271-S2,
104862,SERGIO KIELMANOWICZ,SERGIO KIELMANOWICZ,SERGIO KIELMANOWICZ,MANHATTAN,290 5 AVENUE,10001,Alteration,2026-04-13T04:00:00.000Z,,,M01343039-S3,
017269,"Serina p.s. Cheung D.D.S., P.C.","Serina p.s. Cheung D.D.S., P.C.","Serina p.s. Cheung D.D.S., P.C.",MANHATTAN,114 BOWERY,11216,Alteration,2026-03-25T04:00:00.000Z,PATRICK SMITH,,M01377566-I1,
019540,SETTLEMENT HOUSING FUND,SETTLEMENT HOUSING FUND,SETTLEMENT HOUSING FUND,MANHATTAN,50 CLIFF STREET,10018,New Building,2026-03-25T04:00:00.000Z,0ICHAEL HALLORAN,,M01377138-I1,
093946,SETTLEMENT HOUSING FUND,SETTLEMENT HOUSING FUND,SETTLEMENT HOUSING FUND,MANHATTAN,50 CLIFF STREET,10001,New Building,2026-03-25T04:00:00.000Z,GREGORY RODMAN,,M01377138-S1,
096363,SETTLEMENT HOUSING FUND,SETTLEMENT HOUSING FUND,SETTLEMENT HOUSING FUND,MANHATTAN,50 CLIFF STREET,10038,New Building,2026-03-25T04:00:00.000Z,,,M01377138-S6,
096924,SETTLEMENT HOUSING FUND,SETTLEMENT HOUSING FUND,SETTLEMENT HOUSING FUND,MANHATTAN,50 CLIFF STREET,10018,New Building,2026-03-25T04:00:00.000Z,,,M01377138-S2,
046877,Seward Park Housing Corp,Seward Park Housing Corp,Seward Park Housing Corp,MANHATTAN,465 GRAND STREET,10001,Alteration,2026-03-24T04:00:00.000Z,,,M01371600-I1,
106250,SHALBRO CONSTRUCTION GROUP,SHALBRO CONSTRUCTION GROUP,SHALBRO CONSTRUCTION GROUP,BRONX,333 EAST  181 STREET,11001,Alteration,2026-03-30T04:00:00.000Z,,,X01108014-P1,
091999,SHANIK BROS,SHANIK BROS,SHANIK BROS,QUEENS,40-02 QUEENS BOULEVARD,11580,Alteration,2026-03-25T04:00:00.000Z,,,Q01241977-P3,
081090,SHARON REALTY NY CORP,SHARON REALTY NY CORP,SHARON REALTY NY CORP,MANHATTAN,37 EAST   28 STREET,10016,Alteration,2026-04-01T04:00:00.000Z,,,M01362640-I1,
089081,SHARON REALTY NY CORP,SHARON REALTY NY CORP,SHARON REALTY NY CORP,MANHATTAN,37 EAST   28 STREET,11357,Alteration,2026-03-25T04:00:00.000Z,,,M01374129-I1,
091999,SHARP MANAGEMENT CORP.,SHARP MANAGEMENT CORP.,SHARP MANAGEMENT CORP.,BRONX,15 EVELYN PLACE,11580,Alteration,2026-04-10T04:00:00.000Z,,,X01368727-I1,
071257,SHELL EXPEDITING CORP,SHELL EXPEDITING CORP,SHELL EXPEDITING CORP,MANHATTAN,2515 7 AVENUE,07090,Alteration,2026-04-02T04:00:00.000Z,,,M01377865-I1,
100814,SHER,SHER,SHER,QUEENS,37-20 114 STREET,07202,Alteration,2026-03-31T04:00:00.000Z,,,Q01144509-S1,
102362,SHERMAN REAL ESTATE INVESTMENTS,SHERMAN REAL ESTATE INVESTMENTS,SHERMAN REAL ESTATE INVESTMENTS,BROOKLYN,216 PACIFIC STREET,11747,Alteration,2026-03-25T04:00:00.000Z,,,B01373787-I1,
072039,"SHERR EQUITIES, LLC","SHERR EQUITIES, LLC","SHERR EQUITIES, LLC",MANHATTAN,167 ORCHARD STREET,10016,Alteration,2026-04-07T04:00:00.000Z,,,M01191339-P4,
034045,SHIMING TAM,SHIMING TAM,SHIMING TAM,MANHATTAN,310 WEST   80 STREET,10001,Alteration,2026-04-10T04:00:00.000Z,,,M01138392-P1,
095887,SHK ESTATE LLC,SHK ESTATE LLC,SHK ESTATE LLC,BRONX,748 EAST  182 STREET,10550,New Building,2026-03-20T04:00:00.000Z,,,X01350912-S2,
107592,SHOBRO MANAGEMENT,SHOBRO MANAGEMENT,SHOBRO MANAGEMENT,BRONX,1458 EAST GUN HILL ROAD,10016,Alteration CO,2026-03-31T04:00:00.000Z,,,X01380365-I1,
089862,Shops at Atlas Park,Shops at Atlas Park,Shops at Atlas Park,QUEENS,8016 COOPER AVENUE,07731,Alteration,2026-04-07T04:00:00.000Z,,,Q01319719-P1,
095847,SHP MANAGEMENT,SHP MANAGEMENT,SHP MANAGEMENT,MANHATTAN,14 WEST  107 STREET,11747,Alteration,2026-04-13T04:00:00.000Z,,,M01250612-P2,
090920,SHUN HE LLC.,SHUN HE LLC.,SHUN HE LLC.,QUEENS,140-20 58 ROAD,11354,Alteration CO,2026-04-02T04:00:00.000Z,,,Q01279976-P1,
042821,SI MANOR 995 LLC,SI MANOR 995 LLC,SI MANOR 995 LLC,STATEN ISLAND,901 HUGUENOT AVENUE,07110,Alteration,2026-03-26T04:00:00.000Z,,,S01184629-P1,
102362,SIBA MGT. INC.,SIBA MGT. INC.,SIBA MGT. INC.,MANHATTAN,150 EAST   18 STREET,11747,Alteration,2026-04-09T04:00:00.000Z,,,M01351634-P2,
097638,SIGNATURE MANAGEMENT,SIGNATURE MANAGEMENT,SIGNATURE MANAGEMENT,BROOKLYN,286 RUTLAND ROAD,10022,Alteration,2026-04-10T04:00:00.000Z,,,B01355225-S1,
073820,SIGNORE & SONS PLBG CORP,SIGNORE & SONS PLBG CORP,SIGNORE & SONS PLBG CORP,MANHATTAN,401 WEST  219 STREET,11368,Alteration,2026-03-23T04:00:00.000Z,,,M01337536-P1,
108976,"SILNOR #2, LP","SILNOR #2, LP","SILNOR #2, LP",QUEENS,33-00 47 AVENUE,11423,Alteration,2026-03-24T04:00:00.000Z,,,Q01374247-I1,
043509,"SILVER OAK REALTY GROUP, INC.","SILVER OAK REALTY GROUP, INC.","SILVER OAK REALTY GROUP, INC.",QUEENS,147-34 NORTHERN BOULEVARD,11377,Alteration,2026-04-05T04:00:00.000Z,,,Q01374988-I1,
043509,SILVER STAR PROPERTIES CORP.,SILVER STAR PROPERTIES CORP.,SILVER STAR PROPERTIES CORP.,MANHATTAN,3500 BROADWAY,11377,Alteration,2026-04-11T04:00:00.000Z,,,M01374485-I1,
015478,SILVERCUP SCAFFOLDING LLC,SILVERCUP SCAFFOLDING LLC,SILVERCUP SCAFFOLDING LLC,BROOKLYN,555 PACIFIC STREET,11238,Alteration CO,2026-03-19T04:00:00.000Z,,,B01371659-I1,
104211,SILVERLINE CONSTRUCTION MANAGEMENT,SILVERLINE CONSTRUCTION MANAGEMENT,SILVERLINE CONSTRUCTION MANAGEMENT,QUEENS,30-78 29 STREET,11377,Alteration,2026-04-02T04:00:00.000Z,,,Q00990135-P3,
066709,SILVERSTEIN PROPERTIES INC.,SILVERSTEIN PROPERTIES INC.,SILVERSTEIN PROPERTIES INC.,MANHATTAN,120 WALL STREET,10001,Alteration,2026-03-31T04:00:00.000Z,,,M01212127-P1,
076084,SIMLEKA REALTY LLC,SIMLEKA REALTY LLC,SIMLEKA REALTY LLC,BRONX,2767 MORRIS AVENUE,10461,Alteration,2026-03-25T04:00:00.000Z,,,X01368712-I1,
065567,SISTERS OF CHARITY HOUSING DEVELOPM,SISTERS OF CHARITY HOUSING DEVELOPM,SISTERS OF CHARITY HOUSING DEVELOPM,MANHATTAN,209 EAST  118 STREET,11563,Alteration CO,2026-03-25T04:00:00.000Z,,,M01220000-S2,
106033,Sisu Garden Corporation,Sisu Garden Corporation,Sisu Garden Corporation,MANHATTAN,3764 9 AVENUE,10562,Alteration,2026-04-14T04:00:00.000Z,,,M01386648-I1,
064477,Sitex Group,Sitex Group,Sitex Group,BRONX,4215 BOSTON ROAD,10016,Alteration,2026-04-12T04:00:00.000Z,,,X01368670-S2,
088010,"SJLL, LLC","SJLL, LLC","SJLL, LLC",BROOKLYN,33 LINCOLN PLACE,07110-125,Alteration,2026-03-24T04:00:00.000Z,JOHN NOONAN,,B00360104-P2,
105039,SJSC “State real estate” (Latvia),SJSC “State real estate” (Latvia),SJSC “State real estate” (Latvia),MANHATTAN,331 EAST   50 STREET,20007,Alteration CO,2026-03-25T04:00:00.000Z,,,M00596080-A1,
073548,SK DEVELOPMENT,SK DEVELOPMENT,SK DEVELOPMENT,MANHATTAN,122 EAST   11 STREET,10018,New Building,2026-03-26T04:00:00.000Z,,,M01373193-S4,
074933,SK DEVELOPMENT,SK DEVELOPMENT,SK DEVELOPMENT,MANHATTAN,122 EAST   11 STREET,10005,New Building,2026-03-30T04:00:00.000Z,,,M01373193-S1,
098231,SK DEVELOPMENT,SK DEVELOPMENT,SK DEVELOPMENT,MANHATTAN,122 EAST   11 STREET,10001,New Building,2026-03-27T04:00:00.000Z,,,M01373193-S3,
099501,SKY BLU HOLDINGS LLC,SKY BLU HOLDINGS LLC,SKY BLU HOLDINGS LLC,BRONX,608 EAST FORDHAM ROAD,11793,ALT-CO - New Building with Existing Elements to Remain,2026-03-31T04:00:00.000Z,,,X00990614-P6,
100790,SKY EQUITY GROUP LLC,SKY EQUITY GROUP LLC,SKY EQUITY GROUP LLC,MANHATTAN,260 EAST   72 STREET,10007,Alteration,2026-04-13T04:00:00.000Z,,,M01371757-I1,
016162,SKY MANAGEMENT CORP,SKY MANAGEMENT CORP,SKY MANAGEMENT CORP,MANHATTAN,2 BANK STREET,10001,Alteration,2026-03-26T04:00:00.000Z,,,M01363765-S1,
074163,SKY MANAGEMENT CORP,SKY MANAGEMENT CORP,SKY MANAGEMENT CORP,MANHATTAN,188 EAST   93 STREET,10310,Alteration,2026-03-25T04:00:00.000Z,,,M01221892-P1,
077896,SKY MANAGEMENT CORP,SKY MANAGEMENT CORP,SKY MANAGEMENT CORP,MANHATTAN,2 BANK STREET,11375,Alteration,2026-04-01T04:00:00.000Z,,,M01314073-P1,
095847,SKY MANAGEMENT CORP.,SKY MANAGEMENT CORP.,SKY MANAGEMENT CORP.,MANHATTAN,231 EAST   14 STREET,11747,Alteration,2026-04-02T04:00:00.000Z,,,M00854855-P1,
032042,Sky One Group LLC,Sky One Group LLC,Sky One Group LLC,BROOKLYN,16 REAR SCHOLES STREET,11220,New Building,2026-04-13T04:00:00.000Z,,,B01201310-P3,
033868,Sky One Group LLC,Sky One Group LLC,Sky One Group LLC,BROOKLYN,16 REAR SCHOLES STREET,11220,Alteration,2026-03-25T04:00:00.000Z,,,B01377311-S2,
101851,Sky One Group LLC,Sky One Group LLC,Sky One Group LLC,BROOKLYN,16 REAR SCHOLES STREET,11220,New Building,2026-04-08T04:00:00.000Z,,,B01201310-P2,
059357,SKYLINE DEVELOPERS CONSTRUCTION,SKYLINE DEVELOPERS CONSTRUCTION,SKYLINE DEVELOPERS CONSTRUCTION,MANHATTAN,185 EAST   80 STREET,10018,New Building,2026-03-30T04:00:00.000Z,,,M01189399-S8,
104468,SKYRISE GENERAL CONSTRUCTION,SKYRISE GENERAL CONSTRUCTION,SKYRISE GENERAL CONSTRUCTION,STATEN ISLAND,202 HUNTER AVENUE,07080,Alteration,2026-04-14T04:00:00.000Z,,,S01380987-I1,
103102,Skyview GC Corp,Skyview GC Corp,Skyview GC Corp,QUEENS,94-32 221 STREET,11417,Alteration,2026-03-26T04:00:00.000Z,,,Q01376126-I1,
041347,SL Green,SL Green,SL Green,MANHATTAN,800 3 AVENUE,10304,Alteration,2026-04-13T04:00:00.000Z,,,M01375522-I1,
066709,SL Green,SL Green,SL Green,MANHATTAN,420 LEXINGTON AVENUE,10001,Alteration,2026-04-07T04:00:00.000Z,,,M01377508-I1,
076882,SL Green,SL Green,SL Green,MANHATTAN,800 THIRD AVENUE,10004,Alteration,2026-03-26T04:00:00.000Z,,,M01352510-S2,
032037,SL GREEN REALTY CORP,SL GREEN REALTY CORP,SL GREEN REALTY CORP,MANHATTAN,11 MADISON AVENUE,10019,Alteration,2026-04-14T04:00:00.000Z,,,M01272188-P1,
034858,SL GREEN REALTY CORP,SL GREEN REALTY CORP,SL GREEN REALTY CORP,MANHATTAN,1 MADISON AVENUE,10279,Alteration,2026-03-24T04:00:00.000Z,,,M01373567-I1,
037900,SL GREEN REALTY CORP,SL GREEN REALTY CORP,SL GREEN REALTY CORP,MANHATTAN,1 MADISON AVENUE,10001,Alteration,2026-04-09T04:00:00.000Z,,,M01362879-I1,
040921,SL GREEN REALTY CORP,SL GREEN REALTY CORP,SL GREEN REALTY CORP,MANHATTAN,1 MADISON AVENUE,10012,Alteration,2026-03-27T04:00:00.000Z,,,M01377288-I1,
058375,SL GREEN REALTY CORP,SL GREEN REALTY CORP,SL GREEN REALTY CORP,MANHATTAN,11 MADISON AVENUE,10018,Alteration,2026-03-30T04:00:00.000Z,,,M01360860-I1,
063868,SL GREEN REALTY CORP,SL GREEN REALTY CORP,SL GREEN REALTY CORP,MANHATTAN,125 PARK AVENUE,10018,Alteration,2026-03-27T04:00:00.000Z,,,M01369913-S4,
066144,SL GREEN REALTY CORP,SL GREEN REALTY CORP,SL GREEN REALTY CORP,MANHATTAN,11 MADISON AVENUE,10016,Alteration,2026-04-09T04:00:00.000Z,,,M01096594-P1,
066709,SL GREEN REALTY CORP,SL GREEN REALTY CORP,SL GREEN REALTY CORP,MANHATTAN,1 MADISON AVENUE,10001,Alteration,2026-04-13T04:00:00.000Z,,,M01312521-P1,
071143,SL GREEN REALTY CORP,SL GREEN REALTY CORP,SL GREEN REALTY CORP,MANHATTAN,245 PARK AVENUE,10036,Alteration,2026-04-14T04:00:00.000Z,,,M01160939-P1,
071504,SL GREEN REALTY CORP,SL GREEN REALTY CORP,SL GREEN REALTY CORP,MANHATTAN,1185 AVENUE OF THE AMERICAS,10019,Alteration,2026-03-27T04:00:00.000Z,,,M01371460-I1,
072803,SL GREEN REALTY CORP,SL GREEN REALTY CORP,SL GREEN REALTY CORP,MANHATTAN,1185 6 AVENUE,11354,Alteration,2026-04-02T04:00:00.000Z,,,M01379961-I1,
074116,SL GREEN REALTY CORP,SL GREEN REALTY CORP,SL GREEN REALTY CORP,MANHATTAN,810 SEVENTH AVENUE,10036,Alteration,2026-04-08T04:00:00.000Z,LUIS VILELLA,,M01379975-I1,
074142,SL GREEN REALTY CORP,SL GREEN REALTY CORP,SL GREEN REALTY CORP,MANHATTAN,1350 AVENUE OF THE AMERICAS,11101,Alteration,2026-03-27T04:00:00.000Z,,,M01339770-I1,
076882,SL GREEN REALTY CORP,SL GREEN REALTY CORP,SL GREEN REALTY CORP,MANHATTAN,450 PARK AVENUE,10004,Alteration,2026-04-03T04:00:00.000Z,,,M01375634-I1,
077896,SL GREEN REALTY CORP,SL GREEN REALTY CORP,SL GREEN REALTY CORP,MANHATTAN,885 THIRD AVENUE,11375,Alteration,2026-04-09T04:00:00.000Z,,,M01284653-P2,
082331,SL GREEN REALTY CORP,SL GREEN REALTY CORP,SL GREEN REALTY CORP,MANHATTAN,245 PARK AVENUE,10017,Alteration,2026-03-25T04:00:00.000Z,,,M01360838-I1,
084183,SL GREEN REALTY CORP,SL GREEN REALTY CORP,SL GREEN REALTY CORP,MANHATTAN,245 PARK AVENUE,10001,Alteration,2026-03-24T04:00:00.000Z,,,M01360804-I1,
085877,SL GREEN REALTY CORP,SL GREEN REALTY CORP,SL GREEN REALTY CORP,MANHATTAN,1 MADISON AVENUE,10041,Alteration,2026-03-26T04:00:00.000Z,,,M01373606-I1,
086447,SL GREEN REALTY CORP,SL GREEN REALTY CORP,SL GREEN REALTY CORP,MANHATTAN,1568 BROADWAY,10018,Alteration,2026-03-25T04:00:00.000Z,,,M01358119-I1,
087490,SL GREEN REALTY CORP,SL GREEN REALTY CORP,SL GREEN REALTY CORP,MANHATTAN,10 VANDERBILT AVENUE,10119,Alteration,2026-04-03T04:00:00.000Z,,,M01303403-P1,
087714,SL GREEN REALTY CORP,SL GREEN REALTY CORP,SL GREEN REALTY CORP,MANHATTAN,500 PARK AVENUE,10562,Alteration,2026-03-27T04:00:00.000Z,,,M01359360-I1,
090310,SL GREEN REALTY CORP,SL GREEN REALTY CORP,SL GREEN REALTY CORP,MANHATTAN,1 MADISON AVENUE,10041,Alteration,2026-03-26T04:00:00.000Z,,,M01373644-I1,
091787,SL GREEN REALTY CORP,SL GREEN REALTY CORP,SL GREEN REALTY CORP,MANHATTAN,1 MADISON AVENUE,10018,Alteration,2026-03-25T04:00:00.000Z,,,M01373702-I1,
099301,SL GREEN REALTY CORP,SL GREEN REALTY CORP,SL GREEN REALTY CORP,MANHATTAN,185 BROADWAY,63026,Alteration,2026-04-09T04:00:00.000Z,,,M01331120-P1,
101217,SL GREEN REALTY CORP,SL GREEN REALTY CORP,SL GREEN REALTY CORP,MANHATTAN,461 5 AVENUE,11104,Alteration,2026-04-06T04:00:00.000Z,,,M01173062-P3,
104588,SL GREEN REALTY CORP,SL GREEN REALTY CORP,SL GREEN REALTY CORP,MANHATTAN,461 5 AVENUE,11235,Alteration,2026-04-08T04:00:00.000Z,,,M01309219-I1,
034089,SLATE PG,SLATE PG,SLATE PG,MANHATTAN,45 WHITE STREET,11215,Alteration,2026-03-27T04:00:00.000Z,,,M01345129-I1,
086597,SLATE PG,SLATE PG,SLATE PG,MANHATTAN,45 WHITE STREET,10036,Alteration,2026-03-27T04:00:00.000Z,,,M01345129-S3,
101225,SLATE PG,SLATE PG,SLATE PG,MANHATTAN,600 COLUMBUS AVENUE,07002,Alteration,2026-03-26T04:00:00.000Z,,,M01375751-I1,
071719,SM Housing BD Inc,SM Housing BD Inc,SM Housing BD Inc,BRONX,2041 WATSON AVENUE,11377,Alteration,2026-04-07T04:00:00.000Z,,,X01340215-I1,
039963,"SM MMS MANAGEMENT CO., L.L.C.","SM MMS MANAGEMENT CO., L.L.C.","SM MMS MANAGEMENT CO., L.L.C.",MANHATTAN,510 WEST   21 STREET,10580,Alteration,2026-04-13T04:00:00.000Z,,,M01360335-I1,
086757,"SM MMS MANAGEMENT CO., L.L.C.","SM MMS MANAGEMENT CO., L.L.C.","SM MMS MANAGEMENT CO., L.L.C.",MANHATTAN,645 WEST   44 STREET,11237,Alteration,2026-03-27T04:00:00.000Z,,,M01355512-I1,
072039,SMITH MURDOCK CO,SMITH MURDOCK CO,SMITH MURDOCK CO,MANHATTAN,561 BROADWAY,10016,Alteration,2026-03-24T04:00:00.000Z,,,M01366618-S1,
098231,SMITH PROPERTIES LLC,SMITH PROPERTIES LLC,SMITH PROPERTIES LLC,BROOKLYN,261 BOND STREET,10001,Alteration,2026-04-02T04:00:00.000Z,,,B01377312-I1,
104211,SMRT PROPERTIES LLC,SMRT PROPERTIES LLC,SMRT PROPERTIES LLC,BROOKLYN,1163 FULTON STREET,11377,New Building,2026-03-26T04:00:00.000Z,,,B01282353-S2,
042245,SOFT STONE DEVELOPMENT GROUP LLC,SOFT STONE DEVELOPMENT GROUP LLC,SOFT STONE DEVELOPMENT GROUP LLC,BROOKLYN,129 MC DONALD AVENUE,11206,New Building,2026-03-25T04:00:00.000Z,,,B00712067-Y4,
047513,SOGO Design Build,SOGO Design Build,SOGO Design Build,MANHATTAN,221 WEST   82 STREET,11024,Alteration,2026-03-23T04:00:00.000Z,,,M01367073-I1,
041772,SOHO PLAZA CORP.,SOHO PLAZA CORP.,SOHO PLAZA CORP.,MANHATTAN,66 CROSBY STREET,10451,Alteration,2026-04-04T04:00:00.000Z,,,M01364218-S1,
018920,Sohotel,Sohotel,Sohotel,MANHATTAN,351 BROOME STREET,07079,Alteration,2026-03-26T04:00:00.000Z,RONALD FEASTER,,M01370312-I1,
107579,SOLOMON EQUITIES,SOLOMON EQUITIES,SOLOMON EQUITIES,MANHATTAN,4910 BROADWAY,11373,Alteration,2026-03-26T04:00:00.000Z,,,M01368659-I1,
085450,SOLOMON SCHWIMMER,SOLOMON SCHWIMMER,SOLOMON SCHWIMMER,BROOKLYN,1267 57 STREET,10007,Alteration,2026-03-31T04:00:00.000Z,,,B01380699-I1,
034341,SOLSTICE RESIDENTIAL GROUP,SOLSTICE RESIDENTIAL GROUP,SOLSTICE RESIDENTIAL GROUP,MANHATTAN,313 WEST  119 STREET,11101,Alteration,2026-04-01T04:00:00.000Z,,,M01295874-S1,
102166,SOLSTICE RESIDENTIAL GROUP,SOLSTICE RESIDENTIAL GROUP,SOLSTICE RESIDENTIAL GROUP,MANHATTAN,313 WEST  119 STREET,10012,Alteration,2026-04-10T04:00:00.000Z,,,M01295874-S2,
038472,"SOLSTICE RESIDENTIAL GROUP, LLC","SOLSTICE RESIDENTIAL GROUP, LLC","SOLSTICE RESIDENTIAL GROUP, LLC",BROOKLYN,75 POPLAR STREET,10018,Alteration,2026-04-01T04:00:00.000Z,,,B01187432-I1,
091164,"SOLTAGE, LLC","SOLTAGE, LLC","SOLTAGE, LLC",BROOKLYN,29 GRAND AVENUE,10953,Alteration CO,2026-04-10T04:00:00.000Z,,,B01232643-S4,
093629,"SOLTAGE, LLC","SOLTAGE, LLC","SOLTAGE, LLC",BROOKLYN,29 GRAND AVENUE,10953,Alteration CO,2026-04-13T04:00:00.000Z,JOHN LOIACONO,,B01232643-S1,
014928,SONIA J CONSTRUCTION CORP,SONIA J CONSTRUCTION CORP,SONIA J CONSTRUCTION CORP,BROOKLYN,378 EAST    7 STREET,10983,Alteration,2026-04-08T04:00:00.000Z,SIMEON MCALEER,,B01331429-P1,
070154,SOUTH HOMES INC.,SOUTH HOMES INC.,SOUTH HOMES INC.,BROOKLYN,2780 FULTON STREET,11415,Alteration,2026-03-26T04:00:00.000Z,,,B01378609-I1,
089068,SOUTHRIDGE COOPERATIVE SECTION 1,SOUTHRIDGE COOPERATIVE SECTION 1,SOUTHRIDGE COOPERATIVE SECTION 1,QUEENS,33-04 93 STREET,11415,Alteration,2026-04-08T04:00:00.000Z,,,Q01373420-I1,
017431,SOUTHSIDE UNITED-LOS SURES MANAGEME,SOUTHSIDE UNITED-LOS SURES MANAGEME,SOUTHSIDE UNITED-LOS SURES MANAGEME,BROOKLYN,27 BEAVER STREET,11220,Alteration,2026-04-10T04:00:00.000Z,KENNETH SCHOENFELDER,,B00910968-P5,
086064,SOUTHSIDE UNITED-LOS SURES MANAGEME,SOUTHSIDE UNITED-LOS SURES MANAGEME,SOUTHSIDE UNITED-LOS SURES MANAGEME,BROOKLYN,234 METROPOLITAN AVENUE,07719,Alteration,2026-03-20T04:00:00.000Z,,,B01346522-I1,
045339,Spa Laundries,Spa Laundries,Spa Laundries,STATEN ISLAND,2028 RICHMOND TERRACE,10312,Alteration,2026-04-14T04:00:00.000Z,,,S01185194-S2,
058375,SPAXEL,SPAXEL,SPAXEL,BRONX,2250 AQUEDUCT AVENUE,10018,Alteration,2026-04-06T04:00:00.000Z,,,X00578523-P4,
086064,SPIGRO MANAGMENT LLC,SPIGRO MANAGMENT LLC,SPIGRO MANAGMENT LLC,BROOKLYN,25 PARADE PLACE,07719,Alteration,2026-03-25T04:00:00.000Z,,,B01326729-I1,
092183,SPITZER ENTERPRISES,SPITZER ENTERPRISES,SPITZER ENTERPRISES,MANHATTAN,985 5 AVENUE,10001,Full Demolition,2026-03-25T04:00:00.000Z,,,M00965827-P3,
087878,SPL 889 LLC,SPL 889 LLC,SPL 889 LLC,BROOKLYN,2049 71 STREET,10002,Alteration,2026-03-25T04:00:00.000Z,,,B01373825-I1,
060234,SQ 34 LLC,SQ 34 LLC,SQ 34 LLC,QUEENS,32-73 STEINWAY STREET,11101,New Building,2026-03-20T04:00:00.000Z,,,Q01363441-S1,
092183,SQ 34 LLC,SQ 34 LLC,SQ 34 LLC,QUEENS,32-75 STEINWAY STREET,10001,Full Demolition,2026-03-31T04:00:00.000Z,,,Q01326488-S2,
074129,SR EQUITIES,SR EQUITIES,SR EQUITIES,QUEENS,219-16 141 AVENUE,11001,ALT-CO - New Building with Existing Elements to Remain,2026-03-25T04:00:00.000Z,DANIEL MEGNA,,Q01225777-P3,
083189,"SRG PROPERTY GROUP, LLC","SRG PROPERTY GROUP, LLC","SRG PROPERTY GROUP, LLC",BROOKLYN,16 PARK PLACE,11354,Alteration CO,2026-03-31T04:00:00.000Z,,,B01181924-S7,
093450,"SRG PROPERTY GROUP, LLC","SRG PROPERTY GROUP, LLC","SRG PROPERTY GROUP, LLC",BROOKLYN,16 PARK PLACE,11375,Alteration CO,2026-03-26T04:00:00.000Z,,,B01181924-S5,
031629,SRII ASSOCIATES LLC,SRII ASSOCIATES LLC,SRII ASSOCIATES LLC,BRONX,2325 WESTCHESTER AVENUE,10028,Alteration,2026-03-27T04:00:00.000Z,,,X01149603-P2,
101262,SSTRLZ LLC,SSTRLZ LLC,SSTRLZ LLC,QUEENS,67-04 64 PLACE,11228,New Building,2026-03-23T04:00:00.000Z,,,Q01284610-S1,
015826,ST FRANIS FRIENDS OF THE POOR,ST FRANIS FRIENDS OF THE POOR,ST FRANIS FRIENDS OF THE POOR,MANHATTAN,151 WEST   22 STREET,10003,Alteration,2026-04-01T04:00:00.000Z,,,M00886208-P1,
065567,ST FRANIS FRIENDS OF THE POOR,ST FRANIS FRIENDS OF THE POOR,ST FRANIS FRIENDS OF THE POOR,MANHATTAN,125 EAST   24 STREET,11563,Alteration,2026-03-23T04:00:00.000Z,,,M00886278-P7,
082997,ST PETER'S CHURCH,ST PETER'S CHURCH,ST PETER'S CHURCH,MANHATTAN,22 BARCLAY STREET,10038,Alteration,2026-04-06T04:00:00.000Z,,,M01373845-I1,
085429,ST PETER'S CHURCH,ST PETER'S CHURCH,ST PETER'S CHURCH,MANHATTAN,22 BARCLAY STREET,10001,Alteration,2026-04-02T04:00:00.000Z,,,M01374539-I1,
018963,ST PETERS BOYS HIGH SCHOOL,ST PETERS BOYS HIGH SCHOOL,ST PETERS BOYS HIGH SCHOOL,STATEN ISLAND,200 CLINTON AVENUE,10306,Alteration CO,2026-03-25T04:00:00.000Z,ROBERT SHAPIRO,,S01372896-I1,
084697,ST PETERS BOYS HIGH SCHOOL,ST PETERS BOYS HIGH SCHOOL,ST PETERS BOYS HIGH SCHOOL,STATEN ISLAND,200 CLINTON AVENUE,07456,Alteration CO,2026-03-26T04:00:00.000Z,,,S01372896-S1,
069183,ST SAVA SERBIAN ORTHODOX CATH.,ST SAVA SERBIAN ORTHODOX CATH.,ST SAVA SERBIAN ORTHODOX CATH.,MANHATTAN,16 WEST   26 STREET,10004,Alteration,2026-03-31T04:00:00.000Z,,,M01343175-S3,
084226,ST SAVA SERBIAN ORTHODOX CATH.,ST SAVA SERBIAN ORTHODOX CATH.,ST SAVA SERBIAN ORTHODOX CATH.,MANHATTAN,16 WEST   26 STREET,10012,Alteration,2026-04-01T04:00:00.000Z,,,M01343175-S1,
081019,ST TONE MANAGMENT INC,ST TONE MANAGMENT INC,ST TONE MANAGMENT INC,BROOKLYN,338 43 STREET,11219,New Building,2026-04-07T04:00:00.000Z,,,B01011329-A2,
014548,St. Barts Church,St. Barts Church,St. Barts Church,MANHATTAN,325 PARK AVENUE,10001,Alteration,2026-03-20T04:00:00.000Z,THOMAS BAXTER,,M01368958-I1,
089878,St. Barts Church,St. Barts Church,St. Barts Church,MANHATTAN,325 PARK AVENUE,06855,Alteration,2026-03-20T04:00:00.000Z,,,M01369175-I1,
103302,St. Barts Church,St. Barts Church,St. Barts Church,MANHATTAN,325 PARK AVENUE,83669,Alteration,2026-04-06T04:00:00.000Z,,,M01380841-I1,
047058,ST. BERNARD'S SCHOOL,ST. BERNARD'S SCHOOL,ST. BERNARD'S SCHOOL,MANHATTAN,4 EAST   98 STREET,10018,Alteration,2026-04-08T04:00:00.000Z,,,M01365569-I1,
071502,ST. BERNARD'S SCHOOL,ST. BERNARD'S SCHOOL,ST. BERNARD'S SCHOOL,MANHATTAN,4 EAST   98 STREET,11004,Alteration,2026-04-08T04:00:00.000Z,,,M01383532-I1,
036636,St. Edmund RC Church,St. Edmund RC Church,St. Edmund RC Church,BROOKLYN,1902 AVENUE T,10314,Alteration,2026-04-13T04:00:00.000Z,,,B01386084-I1,
101890,St. Francis of Assisi Church,St. Francis of Assisi Church,St. Francis of Assisi Church,BROOKLYN,1081 NOSTRAND AVENUE,80210,ALT-CO - New Building with Existing Elements to Remain,2026-03-26T04:00:00.000Z,,,B01375007-I1,
090954,ST. JOHN'S UNIVERSITY,ST. JOHN'S UNIVERSITY,ST. JOHN'S UNIVERSITY,QUEENS,81-06 UTOPIA PARKWAY,11423,Alteration,2026-04-01T04:00:00.000Z,,,Q01380891-I1,
041807,ST. JOHNS PLACE FAMILY CENTER HDFC,ST. JOHNS PLACE FAMILY CENTER HDFC,ST. JOHNS PLACE FAMILY CENTER HDFC,BROOKLYN,1604 ST JOHNS PLACE,11232,Alteration CO,2026-03-24T04:00:00.000Z,,,B00622757-P6,
070154,ST. JOSEPH EPISCOPAL CHURCH,ST. JOSEPH EPISCOPAL CHURCH,ST. JOSEPH EPISCOPAL CHURCH,QUEENS,217-49 100 AVENUE,11415,New Building,2026-04-13T04:00:00.000Z,,,Q01380076-I1,
074869,ST. NICKS ALLIANCE,ST. NICKS ALLIANCE,ST. NICKS ALLIANCE,BROOKLYN,2 KINGSLAND AVENUE,11432,Alteration,2026-03-25T04:00:00.000Z,,,B01362290-I1,
083672,ST. NICKS ALLIANCE,ST. NICKS ALLIANCE,ST. NICKS ALLIANCE,BROOKLYN,819 GRAND STREET,07060,New Building,2026-03-23T04:00:00.000Z,,,B01271979-Z1,
092183,ST. NICKS ALLIANCE,ST. NICKS ALLIANCE,ST. NICKS ALLIANCE,BROOKLYN,819 GRAND STREET,10001,Full Demolition,2026-04-06T04:00:00.000Z,,,B01329472-S2,
101192,STABILITY DESIGN INC,STABILITY DESIGN INC,STABILITY DESIGN INC,MANHATTAN,53 WEST   53 STREET,10036,Alteration,2026-03-25T04:00:00.000Z,,,M01307471-P1,
090954,STATE CONTRACTING CORP OF NY,STATE CONTRACTING CORP OF NY,STATE CONTRACTING CORP OF NY,BROOKLYN,109 GARDNER AVENUE,11423,Alteration,2026-04-09T04:00:00.000Z,,,B01385336-I1,
014258,steadfast construction llc,steadfast construction llc,steadfast construction llc,STATEN ISLAND,683 LEVERETT AVENUE,10306,Alteration,2026-03-30T04:00:00.000Z,,,S01269469-S1,
030561,STELLAR MANAGEMENT,STELLAR MANAGEMENT,STELLAR MANAGEMENT,QUEENS,35-01 36 AVENUE,11103,Alteration,2026-03-27T04:00:00.000Z,SHU ZHENG,,Q01374971-I1,
078396,STEPHEN FICANO REAL ESTATE,STEPHEN FICANO REAL ESTATE,STEPHEN FICANO REAL ESTATE,QUEENS,1825 SUMMERFIELD STREET,07646,Alteration,2026-03-27T04:00:00.000Z,,,Q01367919-S2,
033372,STEVE IKE REALTY,STEVE IKE REALTY,STEVE IKE REALTY,BRONX,340 EAST FORDHAM ROAD,11355,Alteration,2026-04-14T04:00:00.000Z,,,X01386663-S2,
094686,STILLWELL DELI & GROCERY,STILLWELL DELI & GROCERY,STILLWELL DELI & GROCERY,BROOKLYN,6505 20 AVENUE,11363,Alteration,2026-04-13T04:00:00.000Z,,,B01384730-I1,
092743,Stix Properties LLC,Stix Properties LLC,Stix Properties LLC,BROOKLYN,229 FLATBUSH AVENUE,07753,Alteration,2026-03-27T04:00:00.000Z,,,B01314572-S2,
089068,STL KINGS PROPERTY LLC,STL KINGS PROPERTY LLC,STL KINGS PROPERTY LLC,BROOKLYN,100 15 STREET,11415,Alteration,2026-04-01T04:00:00.000Z,,,B01370963-I1,
085429,STONEHENGE MANAGEMENT LLC,STONEHENGE MANAGEMENT LLC,STONEHENGE MANAGEMENT LLC,MANHATTAN,360 EAST   65 STREET,10001,Alteration,2026-03-30T04:00:00.000Z,,,M01374010-I1,
101149,STONEHENGE MANAGEMENT LLC,STONEHENGE MANAGEMENT LLC,STONEHENGE MANAGEMENT LLC,MANHATTAN,107 WEST   14 STREET,11968,Alteration,2026-04-09T04:00:00.000Z,,,M01379029-I1,
089525,STORO CONSTRUCTION MANAGEMENT,STORO CONSTRUCTION MANAGEMENT,STORO CONSTRUCTION MANAGEMENT,BROOKLYN,507 QUINCY STREET,11379,Alteration,2026-04-10T04:00:00.000Z,,,B00475481-P3,
105749,STRUCTURETECH NEW YORK INC,STRUCTURETECH NEW YORK INC,STRUCTURETECH NEW YORK INC,MANHATTAN,303 EAST 44 STREET,08876,Alteration,2026-04-07T04:00:00.000Z,,,M01321712-S1,
068029,Sub Management,Sub Management,Sub Management,BRONX,1582 WATSON AVENUE,11358,Alteration,2026-04-01T04:00:00.000Z,,,X01346497-S1,
033764,SUITE 1400 LLC. DBA  RYAN GEMS,SUITE 1400 LLC. DBA  RYAN GEMS,SUITE 1400 LLC. DBA  RYAN GEMS,MANHATTAN,36 WEST   44 STREET,10016,Alteration,2026-04-06T04:00:00.000Z,,,M01367615-I1,
087742,SUMAIDA+KHURANA,SUMAIDA+KHURANA,SUMAIDA+KHURANA,MANHATTAN,1 WALKER STREET,10018,New Building,2026-03-25T04:00:00.000Z,,,M01361838-S5,
040423,Sumitomo Mitsui Banking Corporation,Sumitomo Mitsui Banking Corporation,Sumitomo Mitsui Banking Corporation,MANHATTAN,277 PARK AVENUE,10016,Alteration,2026-03-30T04:00:00.000Z,,,M01372964-P1,
060234,Sumner Place LLC,Sumner Place LLC,Sumner Place LLC,BROOKLYN,2593 NOSTRAND AVENUE,11101,Alteration CO,2026-03-24T04:00:00.000Z,,,B01363403-S6,
094110,Sun Run,Sun Run,Sun Run,QUEENS,117-09 140 STREET,10462,Alteration,2026-04-10T04:00:00.000Z,,,Q01376374-I1,
026028,sunflower house llc,sunflower house llc,sunflower house llc,QUEENS,49-19 169 STREET,11362,ALT-CO - New Building with Existing Elements to Remain,2026-04-13T04:00:00.000Z,ANGELO LATEMPA,,Q01349377-S1,
019488,SUNLIGHT DEVELOPMENT GROUP,SUNLIGHT DEVELOPMENT GROUP,SUNLIGHT DEVELOPMENT GROUP,QUEENS,23-05 45 AVENUE,11754,New Building,2026-03-24T04:00:00.000Z,THOMAS MCFARLAND,,Q01349627-S4,
043509,SUNLIGHT DEVELOPMENT GROUP,SUNLIGHT DEVELOPMENT GROUP,SUNLIGHT DEVELOPMENT GROUP,BROOKLYN,816 58 STREET,11377,Alteration,2026-03-29T04:00:00.000Z,,,B01368201-I1,
032265,SUNRISE SENIOR LIVING MANAGEMENT IN,SUNRISE SENIOR LIVING MANAGEMENT IN,SUNRISE SENIOR LIVING MANAGEMENT IN,MANHATTAN,455 NORTH END AVENUE,10010,Alteration,2026-03-25T04:00:00.000Z,,,M01212758-S4,
076082,SUNRISE SENIOR LIVING MANAGEMENT IN,SUNRISE SENIOR LIVING MANAGEMENT IN,SUNRISE SENIOR LIVING MANAGEMENT IN,MANHATTAN,455 NORTH END AVENUE,10019,Alteration,2026-03-25T04:00:00.000Z,,,M01212758-S5,
093117,SUNSET PARK CONDO,SUNSET PARK CONDO,SUNSET PARK CONDO,BROOKLYN,749 61 STREET,07652,Alteration,2026-04-01T04:00:00.000Z,,,B01380057-I1,
091045,SUPER K BUILDERS,SUPER K BUILDERS,SUPER K BUILDERS,BROOKLYN,102 MOORE STREET,11101,ALT-CO - New Building with Existing Elements to Remain,2026-03-30T04:00:00.000Z,,,B01361734-S1,
083550,"SUPERIOR TECH HVAC & R, INC","SUPERIOR TECH HVAC & R, INC","SUPERIOR TECH HVAC & R, INC",STATEN ISLAND,2505 RICHMOND AVENUE,10309,Alteration,2026-03-25T04:00:00.000Z,,,S01369260-I1,
086520,"SVF PARK NEW YORK, LLC","SVF PARK NEW YORK, LLC","SVF PARK NEW YORK, LLC",MANHATTAN,499 PARK AVENUE,10018,Alteration,2026-03-27T04:00:00.000Z,,,M01375206-I1,
089081,SW MANAGEMENT LLC,SW MANAGEMENT LLC,SW MANAGEMENT LLC,MANHATTAN,506 EAST   82 STREET,11357,Alteration,2026-03-20T04:00:00.000Z,,,M01240421-P2,
105130,"SWS REALTY CO.,LLC","SWS REALTY CO.,LLC","SWS REALTY CO.,LLC",QUEENS,149-05 NORTHERN BOULEVARD,63026,Alteration,2026-03-19T04:00:00.000Z,,,Q01337787-P1,
088316,SYCAMORE BIRCH MANAGEMENT,SYCAMORE BIRCH MANAGEMENT,SYCAMORE BIRCH MANAGEMENT,BRONX,1701 GRAND AVENUE,11379,Alteration,2026-04-13T04:00:00.000Z,,,X01360806-I1,
081677,SYMPHONY SPACE,SYMPHONY SPACE,SYMPHONY SPACE,MANHATTAN,2537 BROADWAY,10005,Alteration CO,2026-03-20T04:00:00.000Z,,,M01333807-S4,
095847,Synoptic Management Company,Synoptic Management Company,Synoptic Management Company,MANHATTAN,42 EAST   20 STREET,11747,Alteration,2026-03-24T04:00:00.000Z,,,M01237006-P2,
079612,T-MOBILE,T-MOBILE,T-MOBILE,MANHATTAN,900 RIVERSIDE DRIVE,07719,Alteration,2026-04-02T04:00:00.000Z,,,M01371641-I1,
090133,T-MOBILE,T-MOBILE,T-MOBILE,MANHATTAN,2130 BROADWAY,12470,Alteration,2026-04-13T04:00:00.000Z,,,M01379532-I1,
104570,T-MOBILE,T-MOBILE,T-MOBILE,BROOKLYN,1943 PITKIN AVENUE,20124,Alteration,2026-04-01T04:00:00.000Z,,,B01367429-I1,
044324,T.C. DESIGN INC.,T.C. DESIGN INC.,T.C. DESIGN INC.,BROOKLYN,2121 84 STREET,11223,Alteration,2026-04-10T04:00:00.000Z,,,B01295983-P2,
105372,T.C. DESIGN INC.,T.C. DESIGN INC.,T.C. DESIGN INC.,BROOKLYN,548 74 STREET,11021,Alteration,2026-03-24T04:00:00.000Z,,,B01373182-I1,
067530,T.CO METALS LLC,T.CO METALS LLC,T.CO METALS LLC,QUEENS,49-49 30 STREET,10018,Alteration,2026-04-02T04:00:00.000Z,,,Q01321015-I1,
019949,TABOULEHS LLC,TABOULEHS LLC,TABOULEHS LLC,MANHATTAN,60 EAST   93 STREET,10007,Alteration CO,2026-04-03T04:00:00.000Z,RAMPHE GOMEZ,,M01107670-P3,
066709,TACONIC MANAGEMENT CO LLC,TACONIC MANAGEMENT CO LLC,TACONIC MANAGEMENT CO LLC,MANHATTAN,619 WEST   54 STREET,10001,Alteration,2026-03-24T04:00:00.000Z,,,M01193168-P4,
104414,TAJ TAJ FOODS INC,TAJ TAJ FOODS INC,TAJ TAJ FOODS INC,QUEENS,109-03 101 AVENUE,11432,Alteration,2026-04-02T04:00:00.000Z,,,Q01380613-I1,
096997,TAK hospitality- Andaz fifth avenue,TAK hospitality- Andaz fifth avenue,TAK hospitality- Andaz fifth avenue,MANHATTAN,14 EAST   42 STREET,10017,Alteration,2026-03-24T04:00:00.000Z,,,M00807351-P6,
100529,Taning 61 LLC,Taning 61 LLC,Taning 61 LLC,BROOKLYN,781 61 STREET,10308,Alteration,2026-04-02T04:00:00.000Z,,,B01252524-P3,
104314,Tareb Mgmt Team,Tareb Mgmt Team,Tareb Mgmt Team,BRONX,3415 COLDEN AVENUE,19901,Alteration,2026-04-10T04:00:00.000Z,,,X00824260-P1,
101915,Target,Target,Target,BRONX,815 HUTCHINSON RIVER PARKWAY,10005,Alteration,2026-04-01T04:00:00.000Z,,,X01282377-P2,
081019,TARGO MANAGEMENT,TARGO MANAGEMENT,TARGO MANAGEMENT,MANHATTAN,111 READE STREET,11219,Alteration,2026-03-24T04:00:00.000Z,,,M01344135-I1,
100728,Tavros,Tavros,Tavros,MANHATTAN,351 WEST   14 STREET,10038,Alteration,2026-03-29T04:00:00.000Z,,,M01379194-S1,
045075,TEA TWO TEA INC.,TEA TWO TEA INC.,TEA TWO TEA INC.,MANHATTAN,73 CHRYSTIE STREET,11218,Alteration,2026-03-30T04:00:00.000Z,,,M01373774-I1,
094174,Telemachus Development LLC,Telemachus Development LLC,Telemachus Development LLC,BROOKLYN,336 9 STREET,11230,Alteration,2026-03-31T04:00:00.000Z,,,B01331042-S1,
084072,TEMPIRE LLC.,TEMPIRE LLC.,TEMPIRE LLC.,BRONX,3385 SEDGWICK AVENUE,11356,Alteration,2026-04-02T04:00:00.000Z,,,X01382421-I1,
070086,"TENBER ASSOCIATES, L.P.","TENBER ASSOCIATES, L.P.","TENBER ASSOCIATES, L.P.",MANHATTAN,110 EAST   59 STREET,11501,Alteration,2026-04-06T04:00:00.000Z,,,M01222723-P1,
094586,"TENBER ASSOCIATES, L.P.","TENBER ASSOCIATES, L.P.","TENBER ASSOCIATES, L.P.",MANHATTAN,110 EAST   59 STREET,10036,Alteration,2026-03-25T04:00:00.000Z,,,M01375493-I1,
104414,"TENBER ASSOCIATES, L.P.","TENBER ASSOCIATES, L.P.","TENBER ASSOCIATES, L.P.",MANHATTAN,110 EAST   59 STREET,11432,Alteration,2026-04-14T04:00:00.000Z,,,M01077881-P1,
069184,TERMINAL FEE OWNER LP,TERMINAL FEE OWNER LP,TERMINAL FEE OWNER LP,MANHATTAN,224 12 AVENUE,10016,Alteration,2026-04-03T04:00:00.000Z,,,M01228170-P1,
101758,Tesla,Tesla,Tesla,QUEENS,163-02 BAISLEY BOULEVARD,07054,New Building,2026-04-13T04:00:00.000Z,,,Q01357401-I1,
323223,TestAgency852,TestAgency852,TestAgency852,MANHATTAN,1 INVALID LANE,12345,Alteration,2026-03-27T04:00:00.000Z,,,M01379377-I1,
999983,TESTBUSINESS1,TESTBUSINESS1,TESTBUSINESS1,STATEN ISLAND,233 HYLAN BOULEVARD,10007,Alteration,2026-03-27T04:00:00.000Z,,,S01362835-P1,
999984,TESTBUSINESS2,TESTBUSINESS2,TESTBUSINESS2,MANHATTAN,1 INVALID LANE,10007,Alteration,2026-04-09T04:00:00.000Z,,,M01385102-I1,
034320,TEXPORT FABRICS MANAGEMENT LLC,TEXPORT FABRICS MANAGEMENT LLC,TEXPORT FABRICS MANAGEMENT LLC,MANHATTAN,495 BROADWAY,15201,Alteration CO,2026-03-20T04:00:00.000Z,,,M01242555-I1,
078059,Teziutlan Brunch&Grill,Teziutlan Brunch&Grill,Teziutlan Brunch&Grill,BROOKLYN,1000 BEDFORD AVENUE,10453,Alteration,2026-03-27T04:00:00.000Z,,,B01376054-S1,
017011,TF CORNERSTONE INC.,TF CORNERSTONE INC.,TF CORNERSTONE INC.,MANHATTAN,82 GANSEVOORT STREET,10013,Alteration,2026-03-23T04:00:00.000Z,ROBERT DREYER,,M01363723-I1,
098751,TH270 LLC,TH270 LLC,TH270 LLC,BROOKLYN,270 14 STREET,11354,New Building,2026-04-07T04:00:00.000Z,,,B08025194-P8,
071109,The 157 W 57th St Condominium,The 157 W 57th St Condominium,The 157 W 57th St Condominium,MANHATTAN,157 WEST   57 STREET,10018,Alteration,2026-03-24T04:00:00.000Z,,,M01346130-S1,
088730,THE 58-64 40TH STREET CORP. INC,THE 58-64 40TH STREET CORP. INC,THE 58-64 40TH STREET CORP. INC,MANHATTAN,58 WEST   40 STREET,10018,Alteration,2026-04-08T04:00:00.000Z,,,M01203774-P1,
033422,THE ADLER GROUP,THE ADLER GROUP,THE ADLER GROUP,MANHATTAN,654 MADISON AVENUE,11225,Alteration,2026-04-06T04:00:00.000Z,,,M01380044-I1,
034303,THE ADLER GROUP,THE ADLER GROUP,THE ADLER GROUP,MANHATTAN,1065 LEXINGTON AVENUE,10017,Alteration,2026-04-14T04:00:00.000Z,,,M01375168-S1,
064829,THE ADLER GROUP,THE ADLER GROUP,THE ADLER GROUP,MANHATTAN,550 7 AVENUE,10018,Alteration,2026-04-14T04:00:00.000Z,,,M01341310-S2,
082065,THE ADLER GROUP,THE ADLER GROUP,THE ADLER GROUP,MANHATTAN,654 MADISON AVENUE,11101,Alteration,2026-04-07T04:00:00.000Z,,,M01380044-S1,
093098,The Bank of New York,The Bank of New York,The Bank of New York,MANHATTAN,97 BARCLAY STREET,10271,Alteration,2026-03-20T04:00:00.000Z,,,M01369512-I1,
110695,THE BEEKMAN EAST CONDO,THE BEEKMAN EAST CONDO,THE BEEKMAN EAST CONDO,BROOKLYN,120 OCEANA DRIVE WEST,10018,Alteration,2026-04-10T04:00:00.000Z,,,B01383433-I1,
090920,The Best 668 Inc,The Best 668 Inc,The Best 668 Inc,QUEENS,45-12 SMART STREET,11354,Alteration,2026-03-24T04:00:00.000Z,,,Q01368769-I1,
040951,THE BOYS CLUB OF NEW YORK,THE BOYS CLUB OF NEW YORK,THE BOYS CLUB OF NEW YORK,BRONX,565 MORRIS AVENUE,10065,Alteration,2026-03-24T04:00:00.000Z,,,X01375448-I1,
080991,THE BREARLEY SCHOOL,THE BREARLEY SCHOOL,THE BREARLEY SCHOOL,MANHATTAN,590 EAST   83 STREET,10018,Alteration,2026-04-10T04:00:00.000Z,,,M01373499-I1,
087701,THE BREARLEY SCHOOL,THE BREARLEY SCHOOL,THE BREARLEY SCHOOL,MANHATTAN,610 EAST   83 STREET,10011,Alteration,2026-04-14T04:00:00.000Z,,,M01119584-P3,
017489,THE BRODSKY ORGANIZATION,THE BRODSKY ORGANIZATION,THE BRODSKY ORGANIZATION,MANHATTAN,400 BLEEKER STREET,10044,Alteration,2026-03-26T04:00:00.000Z,FRED BARNES,,M01315308-P1,
087678,THE BRODSKY ORGANIZATION,THE BRODSKY ORGANIZATION,THE BRODSKY ORGANIZATION,MANHATTAN,165 EAST  118 STREET,11003,Alteration,2026-03-27T04:00:00.000Z,,,M01372496-S2,
088508,THE BRODSKY ORGANIZATION,THE BRODSKY ORGANIZATION,THE BRODSKY ORGANIZATION,MANHATTAN,159 COLUMBUS AVENUE,07302,Alteration,2026-03-30T04:00:00.000Z,,,M01371765-S1,
092631,THE BRODSKY ORGANIZATION,THE BRODSKY ORGANIZATION,THE BRODSKY ORGANIZATION,MANHATTAN,159 COLUMBUS AVENUE,11234,Alteration,2026-03-26T04:00:00.000Z,,,M01371765-I1,
084823,THE BUCKLEY SCHOOL,THE BUCKLEY SCHOOL,THE BUCKLEY SCHOOL,MANHATTAN,113 EAST   73 STREET,10005,Alteration CO,2026-03-27T04:00:00.000Z,,,M01375562-S2,
096214,THE CASA GROUP,THE CASA GROUP,THE CASA GROUP,BROOKLYN,7100 SHORE ROAD,10018,Alteration,2026-04-09T04:00:00.000Z,,,B01381820-P1,
016325,The Cayre Group,The Cayre Group,The Cayre Group,MANHATTAN,405 WEST   13 STREET,10004,Alteration,2026-04-06T04:00:00.000Z,JOHN ENGLER,,M01327222-I1,
096997,The Cayre Group,The Cayre Group,The Cayre Group,MANHATTAN,405 WEST   13 STREET,10017,Alteration,2026-04-14T04:00:00.000Z,,,M01360068-I1,
064829,THE CHETRIT GROUP,THE CHETRIT GROUP,THE CHETRIT GROUP,MANHATTAN,428 BROADWAY,10018,Alteration,2026-03-20T04:00:00.000Z,,,M01332680-S3,
086757,THE CHETRIT GROUP,THE CHETRIT GROUP,THE CHETRIT GROUP,MANHATTAN,401 5 AVENUE,11237,Alteration,2026-04-09T04:00:00.000Z,,,M00806074-S1,
103696,THE CHETRIT GROUP,THE CHETRIT GROUP,THE CHETRIT GROUP,MANHATTAN,9 EAST   36 STREET,10005,Full Demolition,2026-03-20T04:00:00.000Z,,,M01348273-I1,
090295,The Church of Jesus Christ of Latte,The Church of Jesus Christ of Latte,The Church of Jesus Christ of Latte,QUEENS,40-24 62 STREET,11563,Alteration,2026-04-03T04:00:00.000Z,,,Q01298752-P1,
089587,THE CLEMENT CLARKE CONDOMINIUM,THE CLEMENT CLARKE CONDOMINIUM,THE CLEMENT CLARKE CONDOMINIUM,MANHATTAN,140 WEST   22 STREET,11207,Alteration,2026-04-13T04:00:00.000Z,,,M01384865-I1,
066283,"THE COMMUNITY BUILDERS, INC.","THE COMMUNITY BUILDERS, INC.","THE COMMUNITY BUILDERS, INC.",BRONX,105 WEST TREMONT AVENUE,11361,Alteration,2026-04-08T04:00:00.000Z,,,X01362954-P1,
081054,"THE COMMUNITY BUILDERS, INC.","THE COMMUNITY BUILDERS, INC.","THE COMMUNITY BUILDERS, INC.",BRONX,105 WEST TREMONT AVENUE,10018,New Building,2026-03-25T04:00:00.000Z,,,X08011205-S8,
093629,"THE COMMUNITY BUILDERS, INC.","THE COMMUNITY BUILDERS, INC.","THE COMMUNITY BUILDERS, INC.",BRONX,105 WEST TREMONT AVENUE,10953,New Building,2026-04-06T04:00:00.000Z,JOHN LOIACONO,,X08011205-S9,
045111,THE COOPER UNION FOR THE ADVANCEMEN,THE COOPER UNION FOR THE ADVANCEMEN,THE COOPER UNION FOR THE ADVANCEMEN,MANHATTAN,10 STUYVESANT STREET,07047,Alteration,2026-03-25T04:00:00.000Z,,,M01182201-P1,
031542,"The Corbin Hill Food Project, Inc.","The Corbin Hill Food Project, Inc.","The Corbin Hill Food Project, Inc.",MANHATTAN,300 WEST  140 STREET,11237,Alteration,2026-03-20T04:00:00.000Z,,,M01363272-S1,
065961,THE DANIEL GROUP,THE DANIEL GROUP,THE DANIEL GROUP,QUEENS,119-32 METROPOLITAN AVENUE,11577,New Building,2026-03-25T04:00:00.000Z,,,Q01205884-S5,
099586,THE DURST ORGANIZATION,THE DURST ORGANIZATION,THE DURST ORGANIZATION,MANHATTAN,1133 AVENUE OF AMERICAS,10018,Alteration,2026-04-09T04:00:00.000Z,,,M01380869-S1,
074226,The Empyrean Club,The Empyrean Club,The Empyrean Club,BROOKLYN,421 TROUTMAN STREET,10001,Alteration CO,2026-03-25T04:00:00.000Z,,,B01206768-S3,
091644,The Empyrean Club,The Empyrean Club,The Empyrean Club,BROOKLYN,421 TROUTMAN STREET,10005,Alteration CO,2026-03-27T04:00:00.000Z,,,B01206768-S4,
092672,THE EVERGREENS CEMETERY,THE EVERGREENS CEMETERY,THE EVERGREENS CEMETERY,BROOKLYN,1661 BUSHWICK AVENUE,10591,ALT-CO - New Building with Existing Elements to Remain,2026-03-31T04:00:00.000Z,,,B01222457-S6,
088825,THE FORTUNE LP,THE FORTUNE LP,THE FORTUNE LP,MANHATTAN,258 WEST   97 STREET,10006,Alteration,2026-04-09T04:00:00.000Z,,,M08031969-P2,
101192,THE FORTUNE LP,THE FORTUNE LP,THE FORTUNE LP,MANHATTAN,258 WEST   97 STREET,10036,Alteration,2026-03-26T04:00:00.000Z,,,M01193755-P5,
068464,THE JANE HOTEL,THE JANE HOTEL,THE JANE HOTEL,MANHATTAN,88 9 AVENUE,10010,Alteration,2026-04-10T04:00:00.000Z,,,M01382191-I1,
042131,THE JAY GROUP,THE JAY GROUP,THE JAY GROUP,MANHATTAN,3880 9 AVENUE,11241,New Building,2026-03-24T04:00:00.000Z,,,M00666777-A3,
041347,The Joint Industry Board,The Joint Industry Board,The Joint Industry Board,QUEENS,70-11 PARSONS BOULEVARD,10304,Alteration,2026-03-26T04:00:00.000Z,,,Q01374921-I1,
103302,THE JOYCE THEATER,THE JOYCE THEATER,THE JOYCE THEATER,MANHATTAN,287 EAST   10 STREET,83669,Alteration,2026-03-25T04:00:00.000Z,,,M01376350-I1,
102362,The Justice John Jay Condo,The Justice John Jay Condo,The Justice John Jay Condo,MANHATTAN,16 JAY STREET,11747,Alteration,2026-04-08T04:00:00.000Z,,,M01346748-S1,
033510,THE KOREAN FIRST PRESBYTERIAN CHURC,THE KOREAN FIRST PRESBYTERIAN CHURC,THE KOREAN FIRST PRESBYTERIAN CHURC,QUEENS,37-60 61 STREET,10583,Alteration,2026-03-25T04:00:00.000Z,,,Q01297021-S1,
035290,The Lorge School,The Lorge School,The Lorge School,MANHATTAN,353 WEST   17 STREET,07731,Alteration,2026-04-08T04:00:00.000Z,,,M01376421-P1,
025584,THE LOVETT GROUP,THE LOVETT GROUP,THE LOVETT GROUP,MANHATTAN,7 PARK AVENUE,11372,Alteration,2026-04-14T04:00:00.000Z,JAMES BRENNAN,,M01373175-I1,
091835,THE LOVETT GROUP,THE LOVETT GROUP,THE LOVETT GROUP,MANHATTAN,25 FIFTH AVENUE,11228,Alteration,2026-04-07T04:00:00.000Z,,,M01364908-S1,
041382,THE MARMARA HOTEL,THE MARMARA HOTEL,THE MARMARA HOTEL,MANHATTAN,300 EAST   41 STREET,11375,Alteration,2026-04-14T04:00:00.000Z,,,M01384460-I1,
047654,THE MARY LOUIS ACADEMY,THE MARY LOUIS ACADEMY,THE MARY LOUIS ACADEMY,QUEENS,86-50 EDGERTON BOULEVARD,07657,Alteration,2026-04-08T04:00:00.000Z,,,Q01382619-I1,
027073,THE METROPOLITAN MUSEUM OF ART,THE METROPOLITAN MUSEUM OF ART,THE METROPOLITAN MUSEUM OF ART,MANHATTAN,1000 5 AVENUE,10271,Alteration,2026-04-14T04:00:00.000Z,VIKTORIYA CIRCEL,,M01318809-P1,
081589,THE METROPOLITAN MUSEUM OF ART,THE METROPOLITAN MUSEUM OF ART,THE METROPOLITAN MUSEUM OF ART,MANHATTAN,1000 5 AVENUE,10001,Alteration,2026-04-01T04:00:00.000Z,,,M01375755-I1,
091644,THE METROPOLITAN MUSEUM OF ART,THE METROPOLITAN MUSEUM OF ART,THE METROPOLITAN MUSEUM OF ART,MANHATTAN,1000 5 AVENUE,10005,Alteration,2026-03-20T04:00:00.000Z,,,M01200718-P4,
093946,THE METROPOLITAN MUSEUM OF ART,THE METROPOLITAN MUSEUM OF ART,THE METROPOLITAN MUSEUM OF ART,MANHATTAN,1000 5 AVENUE,10001,Alteration,2026-04-01T04:00:00.000Z,GREGORY RODMAN,,M01375665-I1,
064829,THE MOINIAN GROUP,THE MOINIAN GROUP,THE MOINIAN GROUP,MANHATTAN,147 WEST   24 STREET,10018,Alteration,2026-03-19T04:00:00.000Z,,,M01357396-S2,
075451,THE MOINIAN GROUP,THE MOINIAN GROUP,THE MOINIAN GROUP,MANHATTAN,245 5 AVENUE,10018,Alteration CO,2026-03-30T04:00:00.000Z,,,M01181780-S3,
079953,THE MOINIAN GROUP,THE MOINIAN GROUP,THE MOINIAN GROUP,MANHATTAN,2 WASHINGTON STREET,11563,Alteration,2026-04-10T04:00:00.000Z,,,M01134969-S1,
082390,THE MOINIAN GROUP,THE MOINIAN GROUP,THE MOINIAN GROUP,MANHATTAN,53 WEST   21 STREET,10002,Alteration,2026-03-30T04:00:00.000Z,,,M01043666-P3,
082818,THE MOINIAN GROUP,THE MOINIAN GROUP,THE MOINIAN GROUP,MANHATTAN,245 5 AVENUE,10018,Alteration CO,2026-03-30T04:00:00.000Z,,,M01181780-S1,
093450,THE MOINIAN GROUP,THE MOINIAN GROUP,THE MOINIAN GROUP,MANHATTAN,450 PARK AVENUE SOUTH,11375,Alteration,2026-03-29T04:00:00.000Z,,,M01300549-P1,
102496,THE MOINIAN GROUP,THE MOINIAN GROUP,THE MOINIAN GROUP,MANHATTAN,177 EAST   73 STREET,10018,Alteration,2026-04-01T04:00:00.000Z,,,M01373515-I1,
020542,THE NEW SCHOOL,THE NEW SCHOOL,THE NEW SCHOOL,MANHATTAN,25 EAST   13 STREET,10025,Alteration,2026-04-08T04:00:00.000Z,CARLOS ARELLANO,,M01255400-S5,
082451,THE NEW SCHOOL,THE NEW SCHOOL,THE NEW SCHOOL,MANHATTAN,72 FIFTH AVENUE,10016,Alteration,2026-04-13T04:00:00.000Z,,,M01369453-S1,
095430,THE NEW SCHOOL,THE NEW SCHOOL,THE NEW SCHOOL,MANHATTAN,25 EAST   13 STREET,18512,Alteration,2026-04-08T04:00:00.000Z,,,M01255400-P1,
095626,THE NEW SCHOOL,THE NEW SCHOOL,THE NEW SCHOOL,MANHATTAN,25 EAST   13 STREET,10010,Alteration,2026-03-25T04:00:00.000Z,,,M01255400-S3,
089557,THE NEW YORK HOTEL TRADES COUNCIL H,THE NEW YORK HOTEL TRADES COUNCIL H,THE NEW YORK HOTEL TRADES COUNCIL H,MANHATTAN,636 AVENUE OF THE AMERICAS,10038,Alteration,2026-03-29T04:00:00.000Z,,,M01378106-S1,
090310,THE NEW YORK HOTEL TRADES COUNCIL H,THE NEW YORK HOTEL TRADES COUNCIL H,THE NEW YORK HOTEL TRADES COUNCIL H,MANHATTAN,636 AVENUE OF THE AMERICAS,10041,Alteration,2026-04-06T04:00:00.000Z,,,M01378106-S3,
101192,THE OLCOTT,THE OLCOTT,THE OLCOTT,MANHATTAN,27 WEST   72 STREET,10036,Alteration,2026-03-28T04:00:00.000Z,,,M01376464-I1,
043894,THE RIVERSIDE PREMIER REHABILITATIO,THE RIVERSIDE PREMIER REHABILITATIO,THE RIVERSIDE PREMIER REHABILITATIO,MANHATTAN,150 RIVERSIDE DRIVE,07927,Alteration,2026-03-27T04:00:00.000Z,,,M01340993-I1,
064215,THE RIVERSIDE PREMIER REHABILITATIO,THE RIVERSIDE PREMIER REHABILITATIO,THE RIVERSIDE PREMIER REHABILITATIO,MANHATTAN,150 RIVERSIDE DRIVE,07927,Alteration,2026-03-30T04:00:00.000Z,,,M01368753-I1,
108976,"THE SCI CONSTRUCTION GROUP, INC","THE SCI CONSTRUCTION GROUP, INC","THE SCI CONSTRUCTION GROUP, INC",MANHATTAN,2 GANSEVOORT STREET,11423,Alteration,2026-04-13T04:00:00.000Z,,,M01386172-I1,
075914,"THE SHUBERT ORGANIZATION, INC.","THE SHUBERT ORGANIZATION, INC.","THE SHUBERT ORGANIZATION, INC.",MANHATTAN,239 WEST   45 STREET,10001,Alteration,2026-03-25T04:00:00.000Z,,,M01307738-I1,
039758,THE STAHL ORGANIZATION,THE STAHL ORGANIZATION,THE STAHL ORGANIZATION,MANHATTAN,404 EAST   55 STREET,10128,Alteration,2026-03-30T04:00:00.000Z,,,M01374682-I1,
031204,THE TRUMP CORPORATION,THE TRUMP CORPORATION,THE TRUMP CORPORATION,MANHATTAN,725 FIFTH AVENUE,10595,Alteration,2026-03-27T04:00:00.000Z,,,M01375625-I1,
018866,THE TRUMP ORGANIZATION,THE TRUMP ORGANIZATION,THE TRUMP ORGANIZATION,MANHATTAN,40 WALL STREET,10018,Alteration,2026-04-06T04:00:00.000Z,LOUIS DEASE,,M01376852-I1,
087391,THE TRUMP ORGANIZATION,THE TRUMP ORGANIZATION,THE TRUMP ORGANIZATION,MANHATTAN,40 WALL STREET,10281,Alteration CO,2026-04-02T04:00:00.000Z,,,M01345706-S2,
017235,THE TRUST FOR GOVERNORS ISLAND,THE TRUST FOR GOVERNORS ISLAND,THE TRUST FOR GOVERNORS ISLAND,MANHATTAN,114 ANDES ROAD,10038,ALT-CO - New Building with Existing Elements to Remain,2026-04-02T04:00:00.000Z,MILAN SVILAR,,M01068543-P1,
057779,THE TRUST FOR GOVERNORS ISLAND,THE TRUST FOR GOVERNORS ISLAND,THE TRUST FOR GOVERNORS ISLAND,MANHATTAN,114 ANDES ROAD,10016,ALT-CO - New Building with Existing Elements to Remain,2026-03-23T04:00:00.000Z,,,M01068543-P4,
066283,THE TRUST FOR GOVERNORS ISLAND,THE TRUST FOR GOVERNORS ISLAND,THE TRUST FOR GOVERNORS ISLAND,MANHATTAN,800 DIVISION ROAD,11361,Alteration,2026-04-02T04:00:00.000Z,,,M01377637-I1,
092826,THE TRUST FOR GOVERNORS ISLAND,THE TRUST FOR GOVERNORS ISLAND,THE TRUST FOR GOVERNORS ISLAND,MANHATTAN,19 EVANS ROAD,11780,Alteration,2026-04-06T04:00:00.000Z,,,M01372661-I1,
076082,THE UKRAINIAN MUSEUM,THE UKRAINIAN MUSEUM,THE UKRAINIAN MUSEUM,MANHATTAN,222 EAST    6 STREET,10019,Alteration,2026-03-28T04:00:00.000Z,,,M01378025-I1,
040451,THE VAJA GROUP,THE VAJA GROUP,THE VAJA GROUP,QUEENS,89-26 162 STREET,11205,New Building,2026-04-13T04:00:00.000Z,,,Q00721236-P2,
110099,THE VAJA GROUP,THE VAJA GROUP,THE VAJA GROUP,BRONX,1006 EAST  173 STREET,11211,New Building,2026-04-13T04:00:00.000Z,,,X01150556-S5,
102362,THE WEBSTER APARTMENTS,THE WEBSTER APARTMENTS,THE WEBSTER APARTMENTS,BROOKLYN,229 DUFFIELD STREET,11747,Alteration,2026-03-19T04:00:00.000Z,,,B01193538-P1,
037876,Thermodyne Corporation,Thermodyne Corporation,Thermodyne Corporation,QUEENS,11-49 44 ROAD,11354,Alteration CO,2026-04-06T04:00:00.000Z,,,Q01380176-I1,
085450,Thermodyne Corporation,Thermodyne Corporation,Thermodyne Corporation,QUEENS,11-49 44 ROAD,10007,Alteration CO,2026-04-06T04:00:00.000Z,,,Q01380176-S2,
016173,THI GLOBAL LLC,THI GLOBAL LLC,THI GLOBAL LLC,STATEN ISLAND,129 SAND LANE,10306,Alteration CO,2026-03-26T04:00:00.000Z,THOMAS FITZGERALD,,S01358110-I1,
091598,"THOR EQUITIES, LLC","THOR EQUITIES, LLC","THOR EQUITIES, LLC",MANHATTAN,19 RECTOR STREET,11360,Alteration,2026-04-02T04:00:00.000Z,,,M01373437-I1,
079601,THORNHAM MANAGEMENT LIMITED,THORNHAM MANAGEMENT LIMITED,THORNHAM MANAGEMENT LIMITED,MANHATTAN,854 5 AVENUE,19006,Alteration CO,2026-04-10T04:00:00.000Z,,,M00895355-P1,
083095,THREE PILLARS GROUP,THREE PILLARS GROUP,THREE PILLARS GROUP,MANHATTAN,100 FAIRVIEW AVENUE,07081,Alteration,2026-03-25T04:00:00.000Z,ERNEST SMITH,,M01370087-I1,
033384,TIDAL REAL ESTATE PARTNERS LP,TIDAL REAL ESTATE PARTNERS LP,TIDAL REAL ESTATE PARTNERS LP,BROOKLYN,45 SOUTH    3 STREET,11201,Alteration,2026-03-26T04:00:00.000Z,,,B01370402-I1,
092742,TIDAL REAL ESTATE PARTNERS LP,TIDAL REAL ESTATE PARTNERS LP,TIDAL REAL ESTATE PARTNERS LP,BROOKLYN,45 SOUTH    3 STREET,10011,Alteration,2026-03-28T04:00:00.000Z,,,B01370402-S2,
097763,TIFFANY & CO,TIFFANY & CO,TIFFANY & CO,MANHATTAN,727 5 AVENUE,45069,Alteration,2026-03-20T04:00:00.000Z,,,M01366978-I1,
045410,Tiffany Driving School,Tiffany Driving School,Tiffany Driving School,QUEENS,26-18 23 AVENUE,11365,Alteration CO,2026-04-07T04:00:00.000Z,,,Q01304927-P1,
111400,TIM & TIFF LLC,TIM & TIFF LLC,TIM & TIFF LLC,QUEENS,56-27 199 STREET,11354,ALT-CO - New Building with Existing Elements to Remain,2026-04-01T04:00:00.000Z,,,Q01329907-S3,
019465,"TIME EQUITIES, INC.","TIME EQUITIES, INC.","TIME EQUITIES, INC.",BROOKLYN,209 CLINTON AVENUE,10003,Alteration,2026-04-14T04:00:00.000Z,DENNIS MCGRATH,,B01381517-S1,
035290,TINY TREASURES ACADEMY,TINY TREASURES ACADEMY,TINY TREASURES ACADEMY,STATEN ISLAND,80 DUER AVENUE,07731,Alteration,2026-03-31T04:00:00.000Z,,,S01380321-I1,
071719,Tishaman Speyer,Tishaman Speyer,Tishaman Speyer,MANHATTAN,600 5 AVENUE,11377,Alteration,2026-03-31T04:00:00.000Z,,,M01377450-I1,
047153,TISHMAN REAL ESTATE MANAGEMENT,TISHMAN REAL ESTATE MANAGEMENT,TISHMAN REAL ESTATE MANAGEMENT,MANHATTAN,241A WEST   42 STREET,11354,Alteration,2026-04-10T04:00:00.000Z,,,M01372870-S1,
032410,Tishman Speyer,Tishman Speyer,Tishman Speyer,MANHATTAN,1 ROCKEFELLER PLAZA,10016,Alteration,2026-03-24T04:00:00.000Z,,,M01367771-I1,
034340,Tishman Speyer,Tishman Speyer,Tishman Speyer,MANHATTAN,66 HUDSON BOULEVARD EAST,10036,Alteration,2026-03-27T04:00:00.000Z,,,M01367219-I1,
058375,Tishman Speyer,Tishman Speyer,Tishman Speyer,MANHATTAN,66 HUDSON BOULEVARD EAST,10018,Alteration,2026-03-27T04:00:00.000Z,,,M01367219-S2,
071143,Tishman Speyer,Tishman Speyer,Tishman Speyer,MANHATTAN,1 ROCKEFELLER PLAZA,10036,Alteration,2026-03-30T04:00:00.000Z,,,M01306306-S3,
076082,Tishman Speyer,Tishman Speyer,Tishman Speyer,MANHATTAN,1 ROCKEFELLER PLAZA,10019,Alteration,2026-03-27T04:00:00.000Z,,,M01368008-I1,
085006,Tishman Speyer,Tishman Speyer,Tishman Speyer,MANHATTAN,66 HUDSON BOULEVARD EAST,10005,Alteration,2026-03-30T04:00:00.000Z,VINCENT RATTY,,M01367219-S4,
092527,Tishman Speyer,Tishman Speyer,Tishman Speyer,MANHATTAN,610 FIFTH AVENUE,11374,Alteration,2026-04-09T04:00:00.000Z,,,M01381473-I1,
018172,TISHMAN SPEYER,TISHMAN SPEYER,TISHMAN SPEYER,MANHATTAN,45 ROCKEFELLER PLAZA,10001,Alteration,2026-03-27T04:00:00.000Z,JAMES CUNNINGHAM,,M01374550-I1,
032789,TISHMAN SPEYER,TISHMAN SPEYER,TISHMAN SPEYER,BRONX,171 WEST  239 STREET,10901,New Building,2026-03-19T04:00:00.000Z,,,X00757318-P3,
042839,TISHMAN SPEYER,TISHMAN SPEYER,TISHMAN SPEYER,MANHATTAN,45 ROCKEFELLER PLAZA,11214,Alteration,2026-04-13T04:00:00.000Z,,,M01297373-P1,
059907,TISHMAN SPEYER,TISHMAN SPEYER,TISHMAN SPEYER,MANHATTAN,156 WEST   56 STREET,07102,Alteration,2026-03-20T04:00:00.000Z,,,M01358542-S4,
070604,TISHMAN SPEYER,TISHMAN SPEYER,TISHMAN SPEYER,MANHATTAN,50 ROCKEFELLER PLAZA,10036,Alteration,2026-04-13T04:00:00.000Z,,,M01300988-P1,
087714,TISHMAN SPEYER,TISHMAN SPEYER,TISHMAN SPEYER,MANHATTAN,45 ROCKEFELLER PLAZA,10562,Alteration,2026-03-27T04:00:00.000Z,,,M01374550-S3,
089068,TISHMAN SPEYER,TISHMAN SPEYER,TISHMAN SPEYER,QUEENS,337 BEACH   52 STREET,11415,Alteration,2026-03-24T04:00:00.000Z,,,Q01363804-I1,
095119,TISHMAN SPEYER,TISHMAN SPEYER,TISHMAN SPEYER,BRONX,171 WEST  239 STREET,07904,Alteration,2026-04-08T04:00:00.000Z,,,X00767167-P2,
097591,TISHMAN SPEYER,TISHMAN SPEYER,TISHMAN SPEYER,MANHATTAN,666 3 AVENUE,10010,Alteration,2026-03-20T04:00:00.000Z,,,M01371940-S2,
100696,TITAN CONSTRUCTION MANAGEMENT,TITAN CONSTRUCTION MANAGEMENT,TITAN CONSTRUCTION MANAGEMENT,BROOKLYN,6901 7 AVENUE,10040,Alteration,2026-04-08T04:00:00.000Z,,,B01383931-I1,
074129,TOB 619 LLC,TOB 619 LLC,TOB 619 LLC,QUEENS,107-09 220 STREET,11001,ALT-CO - New Building with Existing Elements to Remain,2026-03-30T04:00:00.000Z,DANIEL MEGNA,,Q00608886-P4,
078613,TOGON REALTY,TOGON REALTY,TOGON REALTY,MANHATTAN,2133 SECOND AVENUE,10119,Alteration,2026-03-23T04:00:00.000Z,,,M00908750-P3,
071075,TOMCO MECHANICAL CORP,TOMCO MECHANICAL CORP,TOMCO MECHANICAL CORP,QUEENS,70-20 ROCKAWAY BEACH BOULEVARD,11771,Alteration,2026-03-21T04:00:00.000Z,,,Q01185252-P2,
038321,TOMPKINS WEST REAL ESTATE LLC,TOMPKINS WEST REAL ESTATE LLC,TOMPKINS WEST REAL ESTATE LLC,MANHATTAN,101 EAST  101 STREET,11209,Alteration,2026-04-06T04:00:00.000Z,,,M01383151-I1,
016090,TOO MANY NOTES NY ENTERPRISES LLC,TOO MANY NOTES NY ENTERPRISES LLC,TOO MANY NOTES NY ENTERPRISES LLC,MANHATTAN,313 WEST   77 STREET,10007,Alteration,2026-03-23T04:00:00.000Z,,,M01356997-I1,
017589,TOWER PROPERTY MANAGEMENT CO.,TOWER PROPERTY MANAGEMENT CO.,TOWER PROPERTY MANAGEMENT CO.,BRONX,1520 WILLIAMSBRIDGE ROAD,76227,Alteration CO,2026-04-01T04:00:00.000Z,MICHAEL DE BLASIO,,X01276161-P1,
065567,TPT Long Marmion LLC,TPT Long Marmion LLC,TPT Long Marmion LLC,BRONX,1968 MARMION AVENUE,11563,Alteration,2026-04-12T04:00:00.000Z,,,X00368199-P2,
033616,TR DEVELOPMENT,TR DEVELOPMENT,TR DEVELOPMENT,BROOKLYN,1181 BUSHWICK AVENUE,11375,ALT-CO - New Building with Existing Elements to Remain,2026-04-06T04:00:00.000Z,,,B01377559-S4,
089068,TR DEVELOPMENT,TR DEVELOPMENT,TR DEVELOPMENT,BROOKLYN,1011 PRESIDENT STREET,11415,ALT-CO - New Building with Existing Elements to Remain,2026-04-06T04:00:00.000Z,,,B01381781-I1,
107592,TR DEVELOPMENT,TR DEVELOPMENT,TR DEVELOPMENT,BROOKLYN,1181 BUSHWICK AVENUE,10016,ALT-CO - New Building with Existing Elements to Remain,2026-03-30T04:00:00.000Z,,,B01377559-S1,
073820,TRANQUILO MEAT CORP,TRANQUILO MEAT CORP,TRANQUILO MEAT CORP,BROOKLYN,4102 CHURCH AVENUE,11368,Alteration,2026-04-09T04:00:00.000Z,,,B01331432-P1,
098487,TRANSMISSION DEVELOPERS,TRANSMISSION DEVELOPERS,TRANSMISSION DEVELOPERS,QUEENS,31-45 20 AVENUE,66207,Alteration,2026-04-06T04:00:00.000Z,,,Q00836779-P1,
092861,TREVOR DAY SCHOOL,TREVOR DAY SCHOOL,TREVOR DAY SCHOOL,MANHATTAN,1 WEST   88 STREET,10005,Alteration,2026-04-07T04:00:00.000Z,,,M01169636-S3,
094655,TREVOR DAY SCHOOL,TREVOR DAY SCHOOL,TREVOR DAY SCHOOL,MANHATTAN,1 WEST   88 STREET,10601,Alteration,2026-04-06T04:00:00.000Z,,,M01169636-S2,
108976,TRI-STAR EQUITIES,TRI-STAR EQUITIES,TRI-STAR EQUITIES,MANHATTAN,30 COOPER SQUARE,11423,Alteration,2026-04-06T04:00:00.000Z,,,M01382621-I1,
108981,TRIBECA CONSTRUCTION GROUP INC,TRIBECA CONSTRUCTION GROUP INC,TRIBECA CONSTRUCTION GROUP INC,BRONX,980 ALDUS STREET,11432,Alteration,2026-03-30T04:00:00.000Z,,,X01380392-I1,
107579,TRIBECA DELICIOUS BITES CORP,TRIBECA DELICIOUS BITES CORP,TRIBECA DELICIOUS BITES CORP,MANHATTAN,147 CHAMBERS STREET,11373,Alteration,2026-04-06T04:00:00.000Z,,,M01383363-I1,
072488,TRINITY HUDSON HOLDINGS,TRINITY HUDSON HOLDINGS,TRINITY HUDSON HOLDINGS,MANHATTAN,160 VARICK STREET,11550,Alteration,2026-04-09T04:00:00.000Z,,,M01375105-I1,
100790,TRINITY HUDSON HOLDINGS,TRINITY HUDSON HOLDINGS,TRINITY HUDSON HOLDINGS,MANHATTAN,225 VARICK STREET,10007,Alteration,2026-03-27T04:00:00.000Z,,,M01372868-I1,
104862,TRINITY HUDSON HOLDINGS,TRINITY HUDSON HOLDINGS,TRINITY HUDSON HOLDINGS,MANHATTAN,225 VARICK STREET,10001,Alteration,2026-04-13T04:00:00.000Z,,,M00827894-P1,
081532,TRINITY STEWART Managemnt Assoc LLC,TRINITY STEWART Managemnt Assoc LLC,TRINITY STEWART Managemnt Assoc LLC,MANHATTAN,8 WARREN STREET,11222,Alteration,2026-04-01T04:00:00.000Z,,,M01355507-P1,
019517,TRION MANAGEMENT,TRION MANAGEMENT,TRION MANAGEMENT,MANHATTAN,818 10 AVENUE,07676,Alteration,2026-03-27T04:00:00.000Z,NUNZIO CHIULLI,,M01320763-P1,
019517,TRIPLE POWER II LLC,TRIPLE POWER II LLC,TRIPLE POWER II LLC,MANHATTAN,373 1 AVENUE,07676,Alteration,2026-03-26T04:00:00.000Z,NUNZIO CHIULLI,,M01372821-P1,
084333,TRIPLE SQUARE CONTRACTING INC,TRIPLE SQUARE CONTRACTING INC,TRIPLE SQUARE CONTRACTING INC,BROOKLYN,3048 BRIGHTON    8 STREET,11370,Alteration,2026-03-25T04:00:00.000Z,,,B01373120-I1,
034045,TRISTAR MANAGEMENT ASSOCIATES LLC,TRISTAR MANAGEMENT ASSOCIATES LLC,TRISTAR MANAGEMENT ASSOCIATES LLC,BROOKLYN,431 COURT STREET,10001,Alteration,2026-04-01T04:00:00.000Z,,,B01380295-S1,
041772,True Jesus Church,True Jesus Church,True Jesus Church,QUEENS,146-11 DELAWARE AVENUE,10451,Alteration CO,2026-03-26T04:00:00.000Z,,,Q01165136-P1,
085671,"TRUE SERVICE NY, INC.","TRUE SERVICE NY, INC.","TRUE SERVICE NY, INC.",MANHATTAN,547 BROADWAY,43081,Alteration,2026-04-01T04:00:00.000Z,,,M00833145-P1,
092050,"TRUE SERVICE NY, INC.","TRUE SERVICE NY, INC.","TRUE SERVICE NY, INC.",MANHATTAN,400 RIVERSIDE DRIVE,10018,Alteration,2026-04-08T04:00:00.000Z,,,M01206881-P1,
035643,TRUMP ORGANIZATION,TRUMP ORGANIZATION,TRUMP ORGANIZATION,MANHATTAN,106 CENTRAL PARK SOUTH,11222,Alteration,2026-04-07T04:00:00.000Z,,,M01348222-P1,
081019,TRUMP ORGANIZATION,TRUMP ORGANIZATION,TRUMP ORGANIZATION,MANHATTAN,240 RIVERSIDE BOULEVARD,11219,Alteration,2026-03-27T04:00:00.000Z,,,M01372880-S1,
011237,Trustees of Columbia University,Trustees of Columbia University,Trustees of Columbia University,MANHATTAN,646 WEST  125 STREET,10027,Alteration,2026-03-28T04:00:00.000Z,STEPHEN DELLO RUSSO,,M01372867-I1,
014562,Trustees of Columbia University,Trustees of Columbia University,Trustees of Columbia University,MANHATTAN,455 CENTRAL PARK WEST,10018,Alteration,2026-03-20T04:00:00.000Z,,,M01346366-I1,
064829,Trustees of Columbia University,Trustees of Columbia University,Trustees of Columbia University,MANHATTAN,39 CLAREMONT AVENUE,10018,Alteration,2026-04-10T04:00:00.000Z,,,M01379479-I1,
091644,Trustees of Columbia University,Trustees of Columbia University,Trustees of Columbia University,MANHATTAN,646 WEST  125 STREET,10005,Alteration,2026-04-07T04:00:00.000Z,,,M01372867-S3,
095985,Trustees of Columbia University,Trustees of Columbia University,Trustees of Columbia University,MANHATTAN,646 WEST  125 STREET,10011,Alteration,2026-03-30T04:00:00.000Z,,,M01372867-S2,
095911,TUC MANAGEMENT,TUC MANAGEMENT,TUC MANAGEMENT,BROOKLYN,257 GREENE AVENUE,11356,Alteration,2026-03-26T04:00:00.000Z,,,B01345461-I1,
090097,TURF COMPANY,TURF COMPANY,TURF COMPANY,MANHATTAN,150 CHAMBERS STREET,10803,Alteration,2026-04-08T04:00:00.000Z,,,M01276896-P1,
101280,TURNBRIDGE EQUITIES,TURNBRIDGE EQUITIES,TURNBRIDGE EQUITIES,BROOKLYN,3 COZINE AVENUE,11101,New Building,2026-04-13T04:00:00.000Z,,,B01085790-Y6,
107071,TURNBRIDGE EQUITIES,TURNBRIDGE EQUITIES,TURNBRIDGE EQUITIES,BROOKLYN,2240 EAST   69 STREET,07102,Alteration CO,2026-04-07T04:00:00.000Z,,,B01097393-S5,
106244,TURNPIKE EVERGREEN LLC,TURNPIKE EVERGREEN LLC,TURNPIKE EVERGREEN LLC,QUEENS,159-16 UNION TURNPIKE,11423,Alteration,2026-03-30T04:00:00.000Z,,,Q01378654-I1,
090954,TVG PARTNERS,TVG PARTNERS,TVG PARTNERS,BROOKLYN,6120 15 AVENUE,11423,Alteration,2026-03-28T04:00:00.000Z,,,B01372120-I1,
083478,TWD LLC,TWD LLC,TWD LLC,BROOKLYN,491 6 AVENUE,11004,Alteration CO,2026-03-24T04:00:00.000Z,,,B08023527-A3,
076598,Two Buildings Tenants United HDFC,Two Buildings Tenants United HDFC,Two Buildings Tenants United HDFC,MANHATTAN,230 EAST    4 STREET,07604,Alteration,2026-03-26T04:00:00.000Z,,,M01319239-S1,
096997,Two Trees Management,Two Trees Management,Two Trees Management,BROOKLYN,79 FRONT STREET,10017,Alteration,2026-04-10T04:00:00.000Z,,,B01258152-P3,
042839,TWO TREES MANAGEMENT,TWO TREES MANAGEMENT,TWO TREES MANAGEMENT,BROOKLYN,325 KENT AVENUE,11214,Alteration,2026-03-30T04:00:00.000Z,,,B01367599-I1,
089068,U. R. DEVELOPMENT LLC,U. R. DEVELOPMENT LLC,U. R. DEVELOPMENT LLC,BROOKLYN,19 NORTH HENRY STREET,11415,New Building,2026-04-08T04:00:00.000Z,,,B00902725-P7,
087018,"U. SANTINI, INC.","U. SANTINI, INC.","U. SANTINI, INC.",BROOKLYN,239 15 STREET,08833,Alteration,2026-03-24T04:00:00.000Z,,,B01277927-I1,
110381,"U1&C-1, LLC","U1&C-1, LLC","U1&C-1, LLC",QUEENS,41-08 QUEENS BOULEVARD,08057,Alteration,2026-03-25T04:00:00.000Z,,,Q01360973-S1,
042725,UD DENTAL,UD DENTAL,UD DENTAL,MANHATTAN,736 BROADWAY,07013,Alteration,2026-03-25T04:00:00.000Z,,,M01372490-I1,
086597,UDR,UDR,UDR,MANHATTAN,95 WALL STREET,10036,Alteration,2026-04-03T04:00:00.000Z,,,M01252422-P1,
014342,UJA- FEDERATION OF NEW YORL,UJA- FEDERATION OF NEW YORL,UJA- FEDERATION OF NEW YORL,STATEN ISLAND,1131 MANOR ROAD,10001,Alteration CO,2026-04-10T04:00:00.000Z,,,S01383954-I1,
067955,UJA- FEDERATION OF NEW YORL,UJA- FEDERATION OF NEW YORL,UJA- FEDERATION OF NEW YORL,STATEN ISLAND,1131 MANOR ROAD,11050,Alteration CO,2026-04-11T04:00:00.000Z,,,S01383954-S1,
069467,UJA- FEDERATION OF NEW YORL,UJA- FEDERATION OF NEW YORL,UJA- FEDERATION OF NEW YORL,STATEN ISLAND,1131 MANOR ROAD,10595,Alteration,2026-03-30T04:00:00.000Z,,,S01364959-S1,
101895,UNION LEAGUE CLUB,UNION LEAGUE CLUB,UNION LEAGUE CLUB,MANHATTAN,38 EAST   37 STREET,11415,Alteration,2026-03-25T04:00:00.000Z,,,M01375644-I1,
018270,UNIPRES CORP,UNIPRES CORP,UNIPRES CORP,BROOKLYN,109 THIRD AVENUE,11231,Alteration,2026-04-06T04:00:00.000Z,GARY GIDMAN,,B01378294-I1,
060234,UNITED 2441 LLC,UNITED 2441 LLC,UNITED 2441 LLC,BROOKLYN,25 KOSSUTH PLACE,11101,ALT-CO - New Building with Existing Elements to Remain,2026-04-02T04:00:00.000Z,,,B01254856-S7,
065574,UNITED 2441 LLC,UNITED 2441 LLC,UNITED 2441 LLC,QUEENS,197-18 HILLSIDE AVENUE,11361,New Building,2026-04-06T04:00:00.000Z,,,Q00883871-P6,
104414,United Legwear & Apparel Company- H,United Legwear & Apparel Company- H,United Legwear & Apparel Company- H,MANHATTAN,517 WEST   29 STREET,11432,Alteration,2026-04-14T04:00:00.000Z,,,M01380716-I1,
072914,UNITED MGMT,UNITED MGMT,UNITED MGMT,MANHATTAN,33 GREENWICH AVENUE,10038,Alteration,2026-04-14T04:00:00.000Z,,,M01362016-P1,
081448,UNITED MGMT,UNITED MGMT,UNITED MGMT,QUEENS,160 BEACH  117 STREET,11021,Alteration,2026-04-13T04:00:00.000Z,,,Q01121161-P1,
102028,UNIVERSAL CONSTRUCTION INC.,UNIVERSAL CONSTRUCTION INC.,UNIVERSAL CONSTRUCTION INC.,BROOKLYN,1039 CONEY ISLAND AVENUE,11218,Alteration,2026-04-13T04:00:00.000Z,,,B01171382-P1,
041862,UNIVERSAL SIREN PLUMBING,UNIVERSAL SIREN PLUMBING,UNIVERSAL SIREN PLUMBING,QUEENS,32-53 107 STREET,11550,Alteration,2026-04-02T04:00:00.000Z,,,Q01363215-P1,
043867,UOB REALTY (USA) LIMITED PARTNERSHI,UOB REALTY (USA) LIMITED PARTNERSHI,UOB REALTY (USA) LIMITED PARTNERSHI,MANHATTAN,592 FIFTH AVENUE,08805,Alteration,2026-03-23T04:00:00.000Z,,,M01289578-P2,
109901,"UP CONSTRUCTION AND RESTORATION,INC","UP CONSTRUCTION AND RESTORATION,INC","UP CONSTRUCTION AND RESTORATION,INC",MANHATTAN,80 EAST    7 STREET,07677,Alteration,2026-03-31T04:00:00.000Z,,,M01377784-I1,
084139,Upper West Side Cinema Center,Upper West Side Cinema Center,Upper West Side Cinema Center,MANHATTAN,2626 BROADWAY,10038,Alteration,2026-04-06T04:00:00.000Z,,,M01328152-I1,
090954,UPTOWN CONSTRUCTION SERVICE GROUP I,UPTOWN CONSTRUCTION SERVICE GROUP I,UPTOWN CONSTRUCTION SERVICE GROUP I,MANHATTAN,125 EAST   56 STREET,11423,Alteration,2026-04-14T04:00:00.000Z,,,M01384771-I1,
066503,Urban,Urban,Urban,BRONX,2312 BEAUMONT AVENUE,06114,Alteration CO,2026-04-13T04:00:00.000Z,,,X01189120-P3,
085088,URBAN EDGE PROPERTIES,URBAN EDGE PROPERTIES,URBAN EDGE PROPERTIES,BRONX,1946 BRUCKNER BOULEVARD,07092,Alteration,2026-03-30T04:00:00.000Z,,,X01377052-I1,
089862,URBAN EDGE PROPERTIES,URBAN EDGE PROPERTIES,URBAN EDGE PROPERTIES,BRONX,1948 BRUCKNER BOULEVARD,07731,Alteration,2026-03-30T04:00:00.000Z,,,X01366003-I1,
107592,URBAN EDGE PROPERTIES,URBAN EDGE PROPERTIES,URBAN EDGE PROPERTIES,QUEENS,156-40E CROSS BAY BOULEVARD,10016,Alteration,2026-04-05T04:00:00.000Z,,,Q01357811-I1,
071678,"URBAN HEALTH PLAN,INC,","URBAN HEALTH PLAN,INC,","URBAN HEALTH PLAN,INC,",QUEENS,37-12 108 STREET,10532,Alteration,2026-04-03T04:00:00.000Z,,,Q00875742-P6,
072488,Urban Resource Institute,Urban Resource Institute,Urban Resource Institute,MANHATTAN,478 WEST  130 STREET,11550,Alteration,2026-04-06T04:00:00.000Z,,,M01117774-P7,
036880,Urban Standard,Urban Standard,Urban Standard,MANHATTAN,325 CHURCH STREET,10005,Alteration,2026-03-25T04:00:00.000Z,,,M01337124-I1,
043509,"URBAN-SCAPE LLC, MLM PARTNERS LLC,","URBAN-SCAPE LLC, MLM PARTNERS LLC,","URBAN-SCAPE LLC, MLM PARTNERS LLC,",BROOKLYN,1619 SHEEPSHEAD BAY ROAD,11377,Alteration,2026-03-29T04:00:00.000Z,,,B01351784-I1,
038321,URENA CONSTRUCTION & DESIGN,URENA CONSTRUCTION & DESIGN,URENA CONSTRUCTION & DESIGN,BROOKLYN,372 TOMPKINS AVENUE,11209,Alteration,2026-03-24T04:00:00.000Z,,,B01291787-S1,
090318,URENA CONSTRUCTION & DESIGN,URENA CONSTRUCTION & DESIGN,URENA CONSTRUCTION & DESIGN,MANHATTAN,101 MADISON STREET,11361,Alteration,2026-04-01T04:00:00.000Z,,,M01379734-I1,
033795,USC,USC,USC,BROOKLYN,1869 OCEAN PARKWAY,11201,ALT-CO - New Building with Existing Elements to Remain,2026-03-20T04:00:00.000Z,,,B01372793-I1,
091598,"UWS VENTURES III, LLC","UWS VENTURES III, LLC","UWS VENTURES III, LLC",MANHATTAN,160 WEST   97 STREET,11360,Alteration,2026-04-07T04:00:00.000Z,,,M01378152-I1,
087678,Valley National Bank,Valley National Bank,Valley National Bank,QUEENS,69-20 80 STREET,11003,Alteration,2026-04-06T04:00:00.000Z,,,Q01377899-S1,
027073,Vanderbilt University,Vanderbilt University,Vanderbilt University,MANHATTAN,418 WEST   21 STREET,10271,Alteration,2026-03-19T04:00:00.000Z,VIKTORIYA CIRCEL,,M01320412-P1,
090971,Vanderbilt University,Vanderbilt University,Vanderbilt University,MANHATTAN,418 WEST   21 STREET,10017,Alteration,2026-04-08T04:00:00.000Z,,,M01320412-S7,
100790,Vanderbilt University,Vanderbilt University,Vanderbilt University,MANHATTAN,440 WEST   21 STREET,10007,Alteration,2026-03-30T04:00:00.000Z,,,M01376289-I1,
072996,VAULT SPORTSWEAR INC,VAULT SPORTSWEAR INC,VAULT SPORTSWEAR INC,BROOKLYN,2300 EAST    3 STREET,08831,ALT-CO - New Building with Existing Elements to Remain,2026-04-01T04:00:00.000Z,,,B00807739-P2,
078127,VBGO 425 LEXINGTON LLC,VBGO 425 LEXINGTON LLC,VBGO 425 LEXINGTON LLC,MANHATTAN,425 LEXINGTON AVENUE,110300019,Alteration,2026-03-24T04:00:00.000Z,,,M01259952-P1,
018172,VBGO PENN PLAZA LLC,VBGO PENN PLAZA LLC,VBGO PENN PLAZA LLC,MANHATTAN,132 WEST   31 STREET,10001,Alteration,2026-04-08T04:00:00.000Z,JAMES CUNNINGHAM,,M01377979-I1,
032037,VBGO PENN PLAZA LLC,VBGO PENN PLAZA LLC,VBGO PENN PLAZA LLC,MANHATTAN,132 WEST   31 STREET,10019,Alteration,2026-03-27T04:00:00.000Z,,,M01361930-I1,
066709,VBGO PENN PLAZA LLC,VBGO PENN PLAZA LLC,VBGO PENN PLAZA LLC,MANHATTAN,132 WEST   31 STREET,10001,Alteration,2026-03-28T04:00:00.000Z,,,M01378027-I1,
013250,VECTOR MEDIA HOLDING CORP.,VECTOR MEDIA HOLDING CORP.,VECTOR MEDIA HOLDING CORP.,BRONX,119 EAST FORDHAM ROAD,11530,Alteration,2026-03-31T04:00:00.000Z,HARUN HOSGOREN KING,,X01379699-I1,
080328,VED PARKASH,VED PARKASH,VED PARKASH,BRONX,735 EAST  242 STREET,111746,Alteration,2026-04-02T04:00:00.000Z,,,X01364398-I1,
104211,VEINMANN TORRES,VEINMANN TORRES,VEINMANN TORRES,QUEENS,29-36 GAR ERICSSON STREET,11377,Alteration CO,2026-04-07T04:00:00.000Z,,,Q01321512-S1,
046272,"VENDOME PROPERTY MANAGEMENT CO.,INC","VENDOME PROPERTY MANAGEMENT CO.,INC","VENDOME PROPERTY MANAGEMENT CO.,INC",MANHATTAN,38 GRAND STREET,11234,Alteration,2026-04-08T04:00:00.000Z,,,M01380017-I1,
077069,VENTURA LAND CORP,VENTURA LAND CORP,VENTURA LAND CORP,QUEENS,99-09 NORTHERN BOULEVARD,10033,Alteration,2026-04-06T04:00:00.000Z,,,Q01380311-I1,
073602,VENTURE NY PROPERTY MANAGEMENT,VENTURE NY PROPERTY MANAGEMENT,VENTURE NY PROPERTY MANAGEMENT,QUEENS,148-09 NORTHERN BOULEVARD,10036,Alteration,2026-04-14T04:00:00.000Z,,,Q01019672-P2,
102362,VERITAS PROPERTY MANAGEMENT,VERITAS PROPERTY MANAGEMENT,VERITAS PROPERTY MANAGEMENT,MANHATTAN,27 KING STREET,11747,Alteration,2026-03-24T04:00:00.000Z,,,M01352592-S2,
108976,VERITAS PROPERY MANAGEMENT,VERITAS PROPERY MANAGEMENT,VERITAS PROPERY MANAGEMENT,MANHATTAN,237 ELDRIDGE STREET,11423,Alteration,2026-04-11T04:00:00.000Z,,,M01385506-I1,
032789,Vertical Community Development,Vertical Community Development,Vertical Community Development,BRONX,4541 FURMAN AVENUE,10901,New Building,2026-03-26T04:00:00.000Z,,,X01374198-I1,
073548,Vertical Community Development,Vertical Community Development,Vertical Community Development,BRONX,4541 FURMAN AVENUE,10018,New Building,2026-03-27T04:00:00.000Z,,,X01374198-S1,
069852,VERTICAL INDUSTRIAL PARK ASSOCIATES,VERTICAL INDUSTRIAL PARK ASSOCIATES,VERTICAL INDUSTRIAL PARK ASSOCIATES,QUEENS,66-26 METROPOLITAN AVENUE,11717,Alteration,2026-04-09T04:00:00.000Z,,,Q01082774-P9,
076707,VERTICAL INDUSTRIAL PARK ASSOCIATES,VERTICAL INDUSTRIAL PARK ASSOCIATES,VERTICAL INDUSTRIAL PARK ASSOCIATES,QUEENS,66-26 METROPOLITAN AVENUE,19006,Alteration,2026-03-23T04:00:00.000Z,,,Q01363290-I1,
103626,VERTICAL INDUSTRIAL PARK ASSOCIATES,VERTICAL INDUSTRIAL PARK ASSOCIATES,VERTICAL INDUSTRIAL PARK ASSOCIATES,QUEENS,66-26 METROPOLITAN AVENUE,11501,Alteration,2026-03-24T04:00:00.000Z,,,Q00954146-P1,
034500,Veterinary Wellness Center of Boeru,Veterinary Wellness Center of Boeru,Veterinary Wellness Center of Boeru,BROOKLYN,240 3 AVENUE,11222,Alteration,2026-04-07T04:00:00.000Z,,,B01306303-P1,
041347,Vincent Anzalone,Vincent Anzalone,Vincent Anzalone,BRONX,1649 OVERING STREET,10304,Alteration,2026-03-23T04:00:00.000Z,,,X01330539-I1,
075700,"VINTAGE GROUP, LLC","VINTAGE GROUP, LLC","VINTAGE GROUP, LLC",MANHATTAN,55 EAST HOUSTON STREET,08628,Alteration,2026-04-03T04:00:00.000Z,,,M01374375-I1,
024564,VISTAH GROUP INC,VISTAH GROUP INC,VISTAH GROUP INC,QUEENS,150-21 HAWTREE STREET,11021,New Building,2026-04-02T04:00:00.000Z,,,Q00478440-P4,
090954,VOLK INDUSTRIAL SERVICES CORP,VOLK INDUSTRIAL SERVICES CORP,VOLK INDUSTRIAL SERVICES CORP,QUEENS,19-14 BROOKHAVEN AVENUE,11423,Alteration,2026-04-08T04:00:00.000Z,,,Q01383629-I1,
024564,Vonima,Vonima,Vonima,BROOKLYN,49 BRIGHTON    3 COURT,11021,Alteration,2026-03-31T04:00:00.000Z,,,B01163679-P1,
103696,VORG DEVELOPMENT LLC,VORG DEVELOPMENT LLC,VORG DEVELOPMENT LLC,BROOKLYN,403 5 AVENUE,10005,Full Demolition,2026-03-31T04:00:00.000Z,,,B01380204-I1,
013250,VORNADO REALTY TRUST,VORNADO REALTY TRUST,VORNADO REALTY TRUST,MANHATTAN,11 PENNSYLVANIA PLAZA,11530,Alteration,2026-04-13T04:00:00.000Z,HARUN HOSGOREN KING,,M01368553-I1,
016083,VORNADO REALTY TRUST,VORNADO REALTY TRUST,VORNADO REALTY TRUST,QUEENS,61-35 JUNCTION BOULEVARD,10603,Alteration,2026-03-25T04:00:00.000Z,,,Q01367640-I1,
017070,VORNADO REALTY TRUST,VORNADO REALTY TRUST,VORNADO REALTY TRUST,MANHATTAN,909 THIRD AVENUE,10001,Alteration,2026-04-09T04:00:00.000Z,ANDREW HOUSTON,,M01359281-I1,
033320,VORNADO REALTY TRUST,VORNADO REALTY TRUST,VORNADO REALTY TRUST,MANHATTAN,330 WEST   34 STREET,10022,Alteration,2026-03-25T04:00:00.000Z,,,M01368386-I1,
035880,VORNADO REALTY TRUST,VORNADO REALTY TRUST,VORNADO REALTY TRUST,MANHATTAN,2 PENN PLAZA,10013,Alteration,2026-04-10T04:00:00.000Z,,,M01351782-I1,
036199,VORNADO REALTY TRUST,VORNADO REALTY TRUST,VORNADO REALTY TRUST,MANHATTAN,50 WEST   57 STREET,11209,Alteration,2026-03-25T04:00:00.000Z,,,M01367124-I1,
038942,VORNADO REALTY TRUST,VORNADO REALTY TRUST,VORNADO REALTY TRUST,MANHATTAN,731 LEXINGTON AVENUE,10001,Alteration,2026-04-14T04:00:00.000Z,,,M01366929-I1,
041347,VORNADO REALTY TRUST,VORNADO REALTY TRUST,VORNADO REALTY TRUST,MANHATTAN,330 WEST   34 STREET,10304,Alteration,2026-03-23T04:00:00.000Z,,,M01368175-I1,
058375,VORNADO REALTY TRUST,VORNADO REALTY TRUST,VORNADO REALTY TRUST,MANHATTAN,484 8 AVENUE,10018,New Building,2026-03-20T04:00:00.000Z,,,M01363035-S6,
066709,VORNADO REALTY TRUST,VORNADO REALTY TRUST,VORNADO REALTY TRUST,MANHATTAN,1290 6 AVENUE,10001,Alteration,2026-04-02T04:00:00.000Z,,,M01375148-I1,
071143,VORNADO REALTY TRUST,VORNADO REALTY TRUST,VORNADO REALTY TRUST,MANHATTAN,1290 AVENUE OF THE AMERICAS,10036,Alteration,2026-03-25T04:00:00.000Z,,,M01373723-I1,
071504,VORNADO REALTY TRUST,VORNADO REALTY TRUST,VORNADO REALTY TRUST,MANHATTAN,90 PARK AVENUE,10019,Alteration,2026-04-08T04:00:00.000Z,,,M01188809-P1,
072488,VORNADO REALTY TRUST,VORNADO REALTY TRUST,VORNADO REALTY TRUST,MANHATTAN,2 PENN PLAZA,11550,Alteration,2026-03-26T04:00:00.000Z,,,M01370321-I1,
075260,VORNADO REALTY TRUST,VORNADO REALTY TRUST,VORNADO REALTY TRUST,MANHATTAN,650 MADISON AVENUE,10532,Alteration,2026-04-14T04:00:00.000Z,,,M01386227-I1,
075985,VORNADO REALTY TRUST,VORNADO REALTY TRUST,VORNADO REALTY TRUST,MANHATTAN,1540 BROADWAY,10018,Alteration,2026-04-06T04:00:00.000Z,,,M01293077-P4,
082331,VORNADO REALTY TRUST,VORNADO REALTY TRUST,VORNADO REALTY TRUST,MANHATTAN,330 WEST   34 STREET,10017,Alteration,2026-03-25T04:00:00.000Z,,,M01368392-I1,
085877,VORNADO REALTY TRUST,VORNADO REALTY TRUST,VORNADO REALTY TRUST,MANHATTAN,623 5 AVENUE,10041,Alteration,2026-03-27T04:00:00.000Z,,,M01356064-I1,
087714,VORNADO REALTY TRUST,VORNADO REALTY TRUST,VORNADO REALTY TRUST,MANHATTAN,1 PARK AVENUE,10562,Alteration,2026-04-14T04:00:00.000Z,,,M01370613-I1,
090310,VORNADO REALTY TRUST,VORNADO REALTY TRUST,VORNADO REALTY TRUST,MANHATTAN,623 5 AVENUE,10041,Alteration,2026-04-08T04:00:00.000Z,,,M01323865-P1,
090312,VORNADO REALTY TRUST,VORNADO REALTY TRUST,VORNADO REALTY TRUST,MANHATTAN,220 CENTRAL PARK SOUTH,10001,Alteration,2026-04-01T04:00:00.000Z,,,M00540340-P2,
092527,VORNADO REALTY TRUST,VORNADO REALTY TRUST,VORNADO REALTY TRUST,MANHATTAN,547 WEST   26 STREET,11374,Alteration,2026-04-08T04:00:00.000Z,,,M01382706-I1,
093946,VORNADO REALTY TRUST,VORNADO REALTY TRUST,VORNADO REALTY TRUST,MANHATTAN,484 8 AVENUE,10001,New Building,2026-03-30T04:00:00.000Z,GREGORY RODMAN,,M01363035-S1,
095837,VORNADO REALTY TRUST,VORNADO REALTY TRUST,VORNADO REALTY TRUST,MANHATTAN,4 UNION SQUARE,11235,Alteration,2026-04-01T04:00:00.000Z,,,M01364458-I1,
099363,VORNADO REALTY TRUST,VORNADO REALTY TRUST,VORNADO REALTY TRUST,MANHATTAN,731 LEXINGTON AVENUE,98005,Alteration,2026-04-14T04:00:00.000Z,,,M01367137-I1,
101217,VORNADO REALTY TRUST,VORNADO REALTY TRUST,VORNADO REALTY TRUST,MANHATTAN,731 LEXINGTON AVENUE,11104,Alteration,2026-03-27T04:00:00.000Z,,,M01367318-S2,
104588,VORNADO REALTY TRUST,VORNADO REALTY TRUST,VORNADO REALTY TRUST,MANHATTAN,770 BROADWAY,11235,Alteration,2026-04-08T04:00:00.000Z,,,M01353044-I1,
108976,VORNADO REALTY TRUST,VORNADO REALTY TRUST,VORNADO REALTY TRUST,MANHATTAN,11 PENN PLAZA,11423,Alteration,2026-04-02T04:00:00.000Z,,,M01380670-I1,
067930,VTEC LABORATORIES,VTEC LABORATORIES,VTEC LABORATORIES,BRONX,212 MANIDA STREET,10552,Alteration,2026-04-06T04:00:00.000Z,,,X01276188-P2,
078396,"W Brothers Management, LLC","W Brothers Management, LLC","W Brothers Management, LLC",MANHATTAN,766 MADISON AVENUE,07646,Alteration,2026-03-26T04:00:00.000Z,,,M01268640-P1,
095221,W.W. GRAINGER,W.W. GRAINGER,W.W. GRAINGER,BROOKLYN,815 3 AVENUE,10306,Alteration,2026-03-20T04:00:00.000Z,,,B01354123-I1,
088255,W6 FACILITY X. LLC,W6 FACILITY X. LLC,W6 FACILITY X. LLC,BROOKLYN,2625 BEDFORD AVENUE,10017,New Building,2026-03-26T04:00:00.000Z,,,B01330433-S8,
018963,WAGNER COLLEGE,WAGNER COLLEGE,WAGNER COLLEGE,STATEN ISLAND,835 HOWARD AVENUE,10306,Alteration,2026-03-26T04:00:00.000Z,ROBERT SHAPIRO,,S01346778-I1,
012094,"WALDMAN PARTNERS, LLC","WALDMAN PARTNERS, LLC","WALDMAN PARTNERS, LLC",STATEN ISLAND,1630 FOREST AVENUE,07470,Alteration,2026-03-23T04:00:00.000Z,JEFFERSON NECKLES,,S01365571-I1,
089814,"WALDMAN PARTNERS, LLC","WALDMAN PARTNERS, LLC","WALDMAN PARTNERS, LLC",STATEN ISLAND,1630 FOREST AVENUE,76201,Alteration,2026-03-23T04:00:00.000Z,,,S01366398-I1,
097225,WALLACK MGMT. COMPLIANCE OFFICER,WALLACK MGMT. COMPLIANCE OFFICER,WALLACK MGMT. COMPLIANCE OFFICER,MANHATTAN,860 FIFTH AVENUE,10168,Alteration,2026-03-30T04:00:00.000Z,,,M01380178-I1,
060234,Walton Developers,Walton Developers,Walton Developers,QUEENS,210 BEACH   28 STREET,11101,New Building,2026-04-14T04:00:00.000Z,,,Q01261212-P1,
099501,Walton Developers,Walton Developers,Walton Developers,QUEENS,3217 FAR ROCKAWAY BOULEVARD,11793,New Building,2026-03-25T04:00:00.000Z,,,Q01297223-P1,
085500,Waterford Real Estate Management,Waterford Real Estate Management,Waterford Real Estate Management,MANHATTAN,565 WEST  181 STREET,07730,Alteration,2026-03-25T04:00:00.000Z,,,M01367954-S2,
082442,WATERFRONT PROPERTY MANAGEMENT,WATERFRONT PROPERTY MANAGEMENT,WATERFRONT PROPERTY MANAGEMENT,BROOKLYN,255 18 STREET,10001,Alteration,2026-03-27T04:00:00.000Z,,,B01259468-P1,
099416,WATERFRONT PROPERTY MANAGEMENT,WATERFRONT PROPERTY MANAGEMENT,WATERFRONT PROPERTY MANAGEMENT,BROOKLYN,255 18 STREET,07601,Alteration,2026-04-02T04:00:00.000Z,,,B01380467-I1,
099501,WATERFRONT PROPERTY MANAGEMENT,WATERFRONT PROPERTY MANAGEMENT,WATERFRONT PROPERTY MANAGEMENT,BROOKLYN,642 MYRTLE AVENUE,11793,ALT-CO - New Building with Existing Elements to Remain,2026-03-31T04:00:00.000Z,,,B01069188-P4,
102862,WATERFRONT PROPERTY MANAGEMENT,WATERFRONT PROPERTY MANAGEMENT,WATERFRONT PROPERTY MANAGEMENT,BROOKLYN,642 MYRTLE AVENUE,11374,ALT-CO - New Building with Existing Elements to Remain,2026-04-10T04:00:00.000Z,,,B01069188-P6,
104414,WATERFRONT PROPERTY MANAGEMENT,WATERFRONT PROPERTY MANAGEMENT,WATERFRONT PROPERTY MANAGEMENT,BROOKLYN,80 VERNON AVENUE,11432,New Building,2026-03-31T04:00:00.000Z,,,B01179777-P4,
035477,Waterman Properties,Waterman Properties,Waterman Properties,MANHATTAN,850 THIRD AVENUE,10004,Alteration,2026-03-27T04:00:00.000Z,,,M01246049-I1,
058375,Waterman Properties,Waterman Properties,Waterman Properties,MANHATTAN,850 THIRD AVENUE,10018,Alteration,2026-03-27T04:00:00.000Z,,,M01246049-S3,
072030,Waterman Properties,Waterman Properties,Waterman Properties,MANHATTAN,850 THIRD AVENUE,100180000,Alteration,2026-04-14T04:00:00.000Z,,,M01246046-S1,
027239,WAYFINDER PM,WAYFINDER PM,WAYFINDER PM,BROOKLYN,85 WAVERLY AVENUE,11201,Alteration,2026-04-02T04:00:00.000Z,MUHAMMAD SHABIR,,B01369884-S2,
086757,WAYFINDER PM,WAYFINDER PM,WAYFINDER PM,MANHATTAN,105 CHAMBERS STREET,11237,Alteration,2026-04-02T04:00:00.000Z,,,M00646016-P5,
104807,WAYFINDER PM,WAYFINDER PM,WAYFINDER PM,MANHATTAN,105 CHAMBERS STREET,07070,Alteration,2026-04-14T04:00:00.000Z,,,M01032027-P5,
018085,we nailed it llc,we nailed it llc,we nailed it llc,BROOKLYN,219 PUTNAM AVENUE,10801,Alteration,2026-04-01T04:00:00.000Z,,,B01309681-P2,
015826,"WE STAY / NOS QUEDAMOS, INC.","WE STAY / NOS QUEDAMOS, INC.","WE STAY / NOS QUEDAMOS, INC.",BRONX,764 TINTON AVENUE,10003,Alteration,2026-03-27T04:00:00.000Z,,,X01347946-I1,
060930,WEBER-FARHAT REALTY,WEBER-FARHAT REALTY,WEBER-FARHAT REALTY,MANHATTAN,103 WEST  118 STREET,10018,Alteration,2026-03-23T04:00:00.000Z,,,M01358065-I1,
064313,WEBER-FARHAT REALTY,WEBER-FARHAT REALTY,WEBER-FARHAT REALTY,MANHATTAN,163 CHARLES STREET,10001,Alteration,2026-03-30T04:00:00.000Z,,,M01319285-I1,
088255,WEBER-FARHAT REALTY,WEBER-FARHAT REALTY,WEBER-FARHAT REALTY,MANHATTAN,3165 BROADWAY,10017,Alteration,2026-03-21T04:00:00.000Z,,,M01346058-I1,
045955,WEBSTER ASSOCIATES,WEBSTER ASSOCIATES,WEBSTER ASSOCIATES,MANHATTAN,101 WEST  116 STREET,19034,Alteration,2026-03-31T04:00:00.000Z,,,M01377356-I1,
084600,WEBSTER ASSOCIATES,WEBSTER ASSOCIATES,WEBSTER ASSOCIATES,MANHATTAN,101 WEST  116 STREET,72758,Alteration,2026-04-03T04:00:00.000Z,,,M01377356-S1,
099492,WEBSTER ASSOCIATES,WEBSTER ASSOCIATES,WEBSTER ASSOCIATES,MANHATTAN,101 WEST  116 STREET,07039,Alteration,2026-04-01T04:00:00.000Z,,,M01377356-S3,
079193,WEILL CORNELL MEDICAL COLLEGE,WEILL CORNELL MEDICAL COLLEGE,WEILL CORNELL MEDICAL COLLEGE,BROOKLYN,186 JORALEMON STREET,10018,Alteration,2026-03-27T04:00:00.000Z,,,B00954812-P1,
043269,WEISS REALTY,WEISS REALTY,WEISS REALTY,BROOKLYN,1766 48 STREET,11204,ALT-CO - New Building with Existing Elements to Remain,2026-03-24T04:00:00.000Z,,,B00925744-P4,
065574,WELLING AND MAIN LLC,WELLING AND MAIN LLC,WELLING AND MAIN LLC,QUEENS,33-10 38 AVENUE,11361,New Building,2026-03-30T04:00:00.000Z,,,Q08043398-P3,
071143,Wells Fargo Bank NA,Wells Fargo Bank NA,Wells Fargo Bank NA,MANHATTAN,20 HUDSON YARDS,10036,Alteration,2026-04-07T04:00:00.000Z,,,M01232549-P1,
037560,Welltower Inc,Welltower Inc,Welltower Inc,QUEENS,5515 LITTLE NECK PARKWAY,11552,Alteration,2026-04-14T04:00:00.000Z,,,Q01384476-I1,
090287,WENAT REALTY ASSOCIATES,WENAT REALTY ASSOCIATES,WENAT REALTY ASSOCIATES,MANHATTAN,540 WEST   25 STREET,11101,Alteration,2026-04-02T04:00:00.000Z,,,M01369785-I1,
107592,WEST 63RD EMPIRE ASSOCIATES LLC,WEST 63RD EMPIRE ASSOCIATES LLC,WEST 63RD EMPIRE ASSOCIATES LLC,MANHATTAN,1889 BROADWAY,10016,Alteration,2026-03-23T04:00:00.000Z,,,M01361426-I1,
065574,WEST EGG DEVELOPMENT,WEST EGG DEVELOPMENT,WEST EGG DEVELOPMENT,QUEENS,45-06 215 PLACE,11361,Alteration,2026-03-30T04:00:00.000Z,,,Q00622431-P2,
036233,"West Harlem Group Assistance, Inc.","West Harlem Group Assistance, Inc.","West Harlem Group Assistance, Inc.",MANHATTAN,1528 AMSTERDAM AVENUE,07974,Alteration,2026-03-25T04:00:00.000Z,,,M01377419-I1,
019760,West Property Trust,West Property Trust,West Property Trust,MANHATTAN,250 WEST STREET,10011,Alteration CO,2026-03-26T04:00:00.000Z,CHRISTOPHER WATT,,M01345783-I1,
060728,West Property Trust,West Property Trust,West Property Trust,MANHATTAN,250 WEST STREET,10119,Alteration CO,2026-04-01T04:00:00.000Z,,,M01345783-S1,
011815,Westbeth Artists Housing,Westbeth Artists Housing,Westbeth Artists Housing,MANHATTAN,137 BANK STREET,10001,Alteration,2026-04-09T04:00:00.000Z,KARL GRIFFITH,,M01121893-P2,
073272,Westbrook Properties,Westbrook Properties,Westbrook Properties,MANHATTAN,2376 BROADWAY,10018,Alteration,2026-03-20T04:00:00.000Z,,,M01273498-P2,
099501,WESTORCHARD MANAGEMENT,WESTORCHARD MANAGEMENT,WESTORCHARD MANAGEMENT,BRONX,2351 LORILLARD PLACE,11793,New Building,2026-03-31T04:00:00.000Z,,,X01150951-B1,
103696,WESTORCHARD MANAGEMENT,WESTORCHARD MANAGEMENT,WESTORCHARD MANAGEMENT,BRONX,2925 WESTCHESTER AVENUE,10005,Full Demolition,2026-03-30T04:00:00.000Z,,,X01330978-S2,
089862,Westorchard Management LLC,Westorchard Management LLC,Westorchard Management LLC,BRONX,3006 GODWIN TERRACE,07731,Alteration,2026-03-23T04:00:00.000Z,,,X01366937-I1,
016083,WESTSIDE MARKET,WESTSIDE MARKET,WESTSIDE MARKET,MANHATTAN,2248 BROADWAY,10603,Alteration,2026-04-14T04:00:00.000Z,,,M01373965-P2,
041491,WESTVIEW OWNERS CORP.,WESTVIEW OWNERS CORP.,WESTVIEW OWNERS CORP.,MANHATTAN,595 MAIN STREET,11215,Alteration,2026-04-10T04:00:00.000Z,,,M01367932-S1,
095958,WHARTON PROPERTIES LLC,WHARTON PROPERTIES LLC,WHARTON PROPERTIES LLC,MANHATTAN,1551 BROADWAY,10018,Alteration,2026-03-20T04:00:00.000Z,,,M01370700-I1,
108976,WHARTON PROPERTIES LLC,WHARTON PROPERTIES LLC,WHARTON PROPERTIES LLC,MANHATTAN,1551 BROADWAY,11423,Alteration,2026-04-08T04:00:00.000Z,,,M01380313-I1,
045955,White Mountain Management,White Mountain Management,White Mountain Management,BRONX,2010 BARTOW AVENUE,19034,New Building,2026-03-27T04:00:00.000Z,,,X01328773-S2,
034129,"Whole Foods Market, Inc.","Whole Foods Market, Inc.","Whole Foods Market, Inc.",MANHATTAN,885 2 AVENUE,19106,Alteration,2026-03-24T04:00:00.000Z,,,M01242807-P3,
085526,"Whole Foods Market, Inc.","Whole Foods Market, Inc.","Whole Foods Market, Inc.",MANHATTAN,885 2 AVENUE,10018,Alteration,2026-03-31T04:00:00.000Z,,,M01242807-P4,
042640,Wild Real Property LLC,Wild Real Property LLC,Wild Real Property LLC,STATEN ISLAND,453 GAR WILD AVENUE,10007,Full Demolition,2026-04-09T04:00:00.000Z,,,S01383707-I1,
073548,"WILLETS POINT PHASE I OWNER, LLC","WILLETS POINT PHASE I OWNER, LLC","WILLETS POINT PHASE I OWNER, LLC",QUEENS,126-43 39 AVENUE,10018,New Building,2026-03-25T04:00:00.000Z,,,Q08032504-B2,
093795,William Gottlieb Management Co. LLC,William Gottlieb Management Co. LLC,William Gottlieb Management Co. LLC,MANHATTAN,956 1 AVENUE,11021,Alteration,2026-03-26T04:00:00.000Z,N BECACCIO,,M01106778-P1,
081168,WILLIAM MACKLOWE COMPANY,WILLIAM MACKLOWE COMPANY,WILLIAM MACKLOWE COMPANY,MANHATTAN,291 BROADWAY,10001,Alteration CO,2026-03-20T04:00:00.000Z,,,M01352230-S1,
072488,WILLIAM S PALEY FOUNDATION,WILLIAM S PALEY FOUNDATION,WILLIAM S PALEY FOUNDATION,MANHATTAN,1 EAST   53 STREET,11550,Alteration,2026-03-25T04:00:00.000Z,,,M01370173-S1,
079554,WILLIAM S PALEY FOUNDATION,WILLIAM S PALEY FOUNDATION,WILLIAM S PALEY FOUNDATION,MANHATTAN,1 EAST   53 STREET,10007,Alteration,2026-03-26T04:00:00.000Z,,,M01300212-I1,
029545,William Vale Owner LLC,William Vale Owner LLC,William Vale Owner LLC,BROOKLYN,107 NORTH   12 STREET,07024,Alteration,2026-03-24T04:00:00.000Z,TAOFEEQ AJIBADE,,B01336187-P1,
102362,William Vale Owner LLC,William Vale Owner LLC,William Vale Owner LLC,BROOKLYN,55 WYTHE AVENUE,11747,Alteration,2026-04-01T04:00:00.000Z,,,B01338722-P2,
089068,Willis residence LLC,Willis residence LLC,Willis residence LLC,BRONX,457 WILLIS AVENUE,11415,Alteration,2026-03-30T04:00:00.000Z,,,X01378970-I1,
107293,WIN RESTAURANT SUPPLIES INC.,WIN RESTAURANT SUPPLIES INC.,WIN RESTAURANT SUPPLIES INC.,MANHATTAN,318 LAFAYETTE STREET,10603,Alteration,2026-03-24T04:00:00.000Z,,,M01047588-S1,
099343,WINGS MANAGEMENT,WINGS MANAGEMENT,WINGS MANAGEMENT,MANHATTAN,666 BROADWAY,11530,Alteration,2026-03-27T04:00:00.000Z,,,M01302304-P3,
043553,"WINNING EXPEDITING SERVICE,INC.","WINNING EXPEDITING SERVICE,INC.","WINNING EXPEDITING SERVICE,INC.",QUEENS,233-20 NORTHERN BOULEVARD,11354,Full Demolition,2026-04-13T04:00:00.000Z,,,Q01368474-I1,
083853,"WINNING EXPEDITING SERVICE,INC.","WINNING EXPEDITING SERVICE,INC.","WINNING EXPEDITING SERVICE,INC.",BROOKLYN,5705 7 AVENUE,10573,Alteration CO,2026-04-11T04:00:00.000Z,,,B00671402-P6,
100790,WinnResidential,WinnResidential,WinnResidential,MANHATTAN,210 SHERMAN AVENUE,10007,Alteration,2026-04-08T04:00:00.000Z,,,M01162416-P1,
089280,WINNRESIDENTIAL,WINNRESIDENTIAL,WINNRESIDENTIAL,BRONX,370 CYPRESS AVENUE,10001,Alteration,2026-03-24T04:00:00.000Z,,,X01370294-I1,
019141,WINTER MANAGEMENT CORP,WINTER MANAGEMENT CORP,WINTER MANAGEMENT CORP,MANHATTAN,210 CENTRAL PARK SOUTH,10003,Alteration,2026-03-27T04:00:00.000Z,VINCENT MCPARLAND,,M01351356-I1,
037560,WINTER MANAGEMENT CORP,WINTER MANAGEMENT CORP,WINTER MANAGEMENT CORP,MANHATTAN,408 WEST   14 STREET,11552,Alteration,2026-03-20T04:00:00.000Z,,,M01370960-I1,
081019,WKRM Holding LLC.,WKRM Holding LLC.,WKRM Holding LLC.,QUEENS,23-19 COLLEGE POINT BOULEVARD,11219,Alteration,2026-04-03T04:00:00.000Z,,,Q01381713-I1,
101793,WLP MANAGEMENT LLC,WLP MANAGEMENT LLC,WLP MANAGEMENT LLC,BROOKLYN,2151 86 STREET,19006,Alteration,2026-04-06T04:00:00.000Z,,,B01376451-I1,
038761,Woah Watts LLC,Woah Watts LLC,Woah Watts LLC,MANHATTAN,15 WATTS STREET,11201,Alteration,2026-04-13T04:00:00.000Z,,,M01384939-I1,
090287,WOMEN'S HOUSING AND ECONOMIC DEVELO,WOMEN'S HOUSING AND ECONOMIC DEVELO,WOMEN'S HOUSING AND ECONOMIC DEVELO,BRONX,1330 INTERVALE AVENUE,11101,Alteration,2026-04-09T04:00:00.000Z,,,X01384607-I1,
104807,WOMEN'S HOUSING AND ECONOMIC DEVELO,WOMEN'S HOUSING AND ECONOMIC DEVELO,WOMEN'S HOUSING AND ECONOMIC DEVELO,BRONX,1330 INTERVALE AVENUE,07070,Alteration,2026-04-14T04:00:00.000Z,,,X01315718-P1,
094514,Wonko Realty Corp.,Wonko Realty Corp.,Wonko Realty Corp.,BROOKLYN,120 96 STREET,10708,Alteration,2026-04-14T04:00:00.000Z,,,B01371983-I1,
089068,WORKABLE CITY DEVELOPMENT,WORKABLE CITY DEVELOPMENT,WORKABLE CITY DEVELOPMENT,BROOKLYN,433 UNION STREET,11415,Alteration CO,2026-03-24T04:00:00.000Z,,,B01371038-I1,
093393,WORKABLE CITY DEVELOPMENT,WORKABLE CITY DEVELOPMENT,WORKABLE CITY DEVELOPMENT,BROOKLYN,168 COFFEY STREET,11377,Alteration,2026-04-10T04:00:00.000Z,,,B01241816-P2,
087797,WSFSSH,WSFSSH,WSFSSH,MANHATTAN,105 WEST  108 STREET,11101,Full Demolition,2026-04-06T04:00:00.000Z,,,M01284641-S3,
049458,WTR 528 HOME LLC,WTR 528 HOME LLC,WTR 528 HOME LLC,QUEENS,71-63 161 STREET,11358,Alteration,2026-04-07T04:00:00.000Z,,,Q01259273-P4,
090318,Xin Tai Delaware 888 LLC,Xin Tai Delaware 888 LLC,Xin Tai Delaware 888 LLC,QUEENS,133-24 41 ROAD,11361,Alteration,2026-03-24T04:00:00.000Z,,,Q01376847-I1,
017799,XXX-XX-XXXX,XXX-XX-XXXX,XXX-XX-XXXX,BROOKLYN,477 EAST   96 STREET,11216,Alteration,2026-03-28T04:00:00.000Z,,,B01366252-I1,
083083,Y CONSTRUCTION INC.,Y CONSTRUCTION INC.,Y CONSTRUCTION INC.,BROOKLYN,642 BALTIC STREET,11209,Alteration,2026-03-30T04:00:00.000Z,FRANK ZUCCARO,,B01361911-I1,
045236,YAAAS TEA,YAAAS TEA,YAAAS TEA,MANHATTAN,23 WEST   39 STREET,11354,Alteration,2026-04-02T04:00:00.000Z,,,M01382246-I1,
092361,YAAAS TEA,YAAAS TEA,YAAAS TEA,MANHATTAN,23 WEST   39 STREET,11801,Alteration,2026-03-26T04:00:00.000Z,,,M01297128-S2,
072996,YADID,YADID,YADID,BROOKLYN,1568 EAST    7 STREET,08831,ALT-CO - New Building with Existing Elements to Remain,2026-04-01T04:00:00.000Z,,,B01364646-I1,
108976,Yale Club New York City,Yale Club New York City,Yale Club New York City,MANHATTAN,50 VANDERBILT AVENUE,11423,Alteration,2026-03-31T04:00:00.000Z,,,M01374985-I1,
104414,YELLOW HAT CONSTGRUCTION INC,YELLOW HAT CONSTGRUCTION INC,YELLOW HAT CONSTGRUCTION INC,BROOKLYN,12 LEE AVENUE,11432,ALT-CO - New Building with Existing Elements to Remain,2026-03-23T04:00:00.000Z,,,B01369520-I1,
033126,Yellowstone Real Estate,Yellowstone Real Estate,Yellowstone Real Estate,MANHATTAN,1730 BROADWAY,10010,Alteration CO,2026-03-25T04:00:00.000Z,,,M01195246-P2,
019517,YES BROTHERS GROUP LLC,YES BROTHERS GROUP LLC,YES BROTHERS GROUP LLC,QUEENS,228-11 MERRICK BOULEVARD,07676,Alteration,2026-03-31T04:00:00.000Z,NUNZIO CHIULLI,,Q01362799-S2,
076598,YESHIVA UNIVERSITY,YESHIVA UNIVERSITY,YESHIVA UNIVERSITY,MANHATTAN,2495 AMSTERDAM AVENUE,07604,Alteration,2026-04-10T04:00:00.000Z,,,M01274047-P2,
070884,"YMH Advisors, LLC.","YMH Advisors, LLC.","YMH Advisors, LLC.",STATEN ISLAND,468 FOREST AVENUE,11747,Alteration,2026-04-03T04:00:00.000Z,,,S00763049-P2,
099501,YML Development LLC,YML Development LLC,YML Development LLC,BRONX,453 EAST  175 STREET,11793,New Building,2026-03-24T04:00:00.000Z,,,X01344449-S4,
102188,YML Development LLC,YML Development LLC,YML Development LLC,BRONX,453 EAST  175 STREET,11216,New Building,2026-03-25T04:00:00.000Z,,,X01344449-S3,
081374,YongFie Chen,YongFie Chen,YongFie Chen,QUEENS,39-13 BELL BOULEVARD,11377,Alteration,2026-04-10T04:00:00.000Z,,,Q01351575-P2,
093829,YS DEVELOPERS LLC,YS DEVELOPERS LLC,YS DEVELOPERS LLC,BROOKLYN,1111 MYRTLE AVENUE,11795,Full Demolition,2026-04-14T04:00:00.000Z,JOSEPH MC SHEA,,B01351506-S1,
091999,Z BUILDERS,Z BUILDERS,Z BUILDERS,BROOKLYN,315 ROGERS AVENUE,11580,Alteration,2026-03-19T04:00:00.000Z,,,B01324295-I1,
043286,ZAGALIS ARCHITECTS,ZAGALIS ARCHITECTS,ZAGALIS ARCHITECTS,MANHATTAN,101 WEST   80 STREET,11102,Alteration,2026-03-24T04:00:00.000Z,,,M01376060-I1,
074142,ZAR PROPERTY NY,ZAR PROPERTY NY,ZAR PROPERTY NY,MANHATTAN,119 WEST   57 STREET,11101,Alteration,2026-04-14T04:00:00.000Z,,,M01373658-I1,
102188,ZEV ZAFIR INC.,ZEV ZAFIR INC.,ZEV ZAFIR INC.,BROOKLYN,117 SPENCER STREET,11216,New Building,2026-04-14T04:00:00.000Z,,,B00958622-S3,
102188,ZLB,ZLB,ZLB,BRONX,942 WOODYCREST AVENUE,11216,New Building,2026-03-31T04:00:00.000Z,,,X01233373-P3,
103302,ZLB,ZLB,ZLB,BRONX,916 HOME STREET,83669,Alteration,2026-04-06T04:00:00.000Z,,,X01372781-I1,
015029,ZMIROT LLC,ZMIROT LLC,ZMIROT LLC,BRONX,3964 DURYEA AVENUE,11219,Alteration,2026-04-07T04:00:00.000Z,PETER TILIPKO,,X01381558-I1,
091999,ZTECH BUILDING SOLUTIONS INC,ZTECH BUILDING SOLUTIONS INC,ZTECH BUILDING SOLUTIONS INC,BRONX,3210 BAINBRIDGE AVENUE,11580,Alteration,2026-03-25T04:00:00.000Z,,,X01370857-I1,
